"","V1","V2"
"1","A7.MAA000526.3_9_M.1.1","Endothelial Cell Type I"
"2","B12.MAA000526.3_9_M.1.1","Stromal Cell Type II"
"3","D4.MAA000526.3_9_M.1.1","Aveolar Epithelial Cell Type II"
"4","E11.MAA000526.3_9_M.1.1","Stromal Cell Type III"
"5","G6.MAA000526.3_9_M.1.1","Endothelial Cell Type IV"
"6","H14.MAA000526.3_9_M.1.1","Stromal Cell Type II"
"7","J4.MAA000526.3_9_M.1.1","Aveolar Epithelial Cell Type II"
"8","K21.MAA000526.3_9_M.1.1","B Cells"
"9","M10.MAA000526.3_9_M.1.1","Stromal Cell Type II"
"10","A8.MAA000526.3_9_M.1.1","Endothelial Cell Type I"
"11","B13.MAA000526.3_9_M.1.1","Stromal Cell Type IV"
"12","D6.MAA000526.3_9_M.1.1","Endothelial Cell Type II"
"13","E12.MAA000526.3_9_M.1.1","Stromal Cell Type I"
"14","G7.MAA000526.3_9_M.1.1","Endothelial Cell Type I"
"15","O2.MAA000526.3_9_M.1.1","Endothelial Cell Type IV"
"16","H19.MAA000526.3_9_M.1.1","Endothelial Cell Type I"
"17","J5.MAA000526.3_9_M.1.1","Aveolar Epithelial Cell Type II"
"18","K22.MAA000526.3_9_M.1.1","Unknown Immune I"
"19","P7.MAA000526.3_9_M.1.1","Endothelial Cell Type I"
"20","M11.MAA000526.3_9_M.1.1","Stromal Cell Type II"
"21","B14.MAA000526.3_9_M.1.1","Stromal Cell Type II"
"22","D7.MAA000526.3_9_M.1.1","Endothelial Cell Type IV"
"23","E13.MAA000526.3_9_M.1.1","Stromal Cell Type II"
"24","G8.MAA000526.3_9_M.1.1","Endothelial Cell Type III"
"25","H20.MAA000526.3_9_M.1.1","Monocytes"
"26","J6.MAA000526.3_9_M.1.1","Endothelial Cell Type I"
"27","L1.MAA000526.3_9_M.1.1","Stromal Cell Type I"
"28","M12.MAA000526.3_9_M.1.1","Stromal Cell Type II"
"29","O4.MAA000526.3_9_M.1.1","Aveolar Epithelial Cell Type II"
"30","O3.MAA000526.3_9_M.1.1","Endothelial Cell Type I"
"31","P9.MAA000526.3_9_M.1.1","Endothelial Cell Type III"
"32","P8.MAA000526.3_9_M.1.1","Endothelial Cell Type II"
"33","A9.MAA000526.3_9_M.1.1","Endothelial Cell Type III"
"34","H22.MAA000526.3_9_M.1.1","Unknown Immune I"
"35","J8.MAA000526.3_9_M.1.1","Endothelial Cell Type III"
"36","L2.MAA000526.3_9_M.1.1","Endothelial Cell Type II"
"37","M13.MAA000526.3_9_M.1.1","Stromal Cell Type IV"
"38","O5.MAA000526.3_9_M.1.1","Aveolar Epithelial Cell Type II"
"39","P10.MAA000526.3_9_M.1.1","Stromal Cell Type II"
"40","A10.MAA000526.3_9_M.1.1","Stromal Cell Type II"
"41","B20.MAA000526.3_9_M.1.1","Dendritic Cells"
"42","D8.MAA000526.3_9_M.1.1","Endothelial Cell Type II"
"43","E14.MAA000526.3_9_M.1.1","Stromal Cell Type II"
"44","G9.MAA000526.3_9_M.1.1","Endothelial Cell Type III"
"45","A11.MAA000526.3_9_M.1.1","Stromal Cell Type II"
"46","O6.MAA000526.3_9_M.1.1","Endothelial Cell Type I"
"47","P11.MAA000526.3_9_M.1.1","Stromal Cell Type IV"
"48","A12.MAA000526.3_9_M.1.1","Stromal Cell Type III"
"49","C2.MAA000526.3_9_M.1.1","Stromal Cell Type III"
"50","B21.MAA000526.3_9_M.1.1","T Cells"
"51","D10.MAA000526.3_9_M.1.1","Stromal Cell Type II"
"52","F1.MAA000526.3_9_M.1.1","Stromal Cell Type I"
"53","G11.MAA000526.3_9_M.1.1","Stromal Cell Type I"
"54","D9.MAA000526.3_9_M.1.1","Endothelial Cell Type III"
"55","E19.MAA000526.3_9_M.1.1","Monocytes"
"56","G10.MAA000526.3_9_M.1.1","Stromal Cell Type II"
"57","I1.MAA000526.3_9_M.1.1","Endothelial Cell Type I"
"58","J9.MAA000526.3_9_M.1.1","Endothelial Cell Type III"
"59","I2.MAA000526.3_9_M.1.1","Endothelial Cell Type III"
"60","A13.MAA000526.3_9_M.1.1","Stromal Cell Type II"
"61","C3.MAA000526.3_9_M.1.1","Club Cells"
"62","D11.MAA000526.3_9_M.1.1","Stromal Cell Type IV"
"63","F2.MAA000526.3_9_M.1.1","Stromal Cell Type III"
"64","G13.MAA000526.3_9_M.1.1","Stromal Cell Type II"
"65","J10.MAA000526.3_9_M.1.1","Stromal Cell Type II"
"66","I3.MAA000526.3_9_M.1.1","Aveolar Epithelial Cell Type II"
"67","J11.MAA000526.3_9_M.1.1","Stromal Cell Type II"
"68","L5.MAA000526.3_9_M.1.1","Aveolar Epithelial Cell Type II"
"69","L4.MAA000526.3_9_M.1.1","Endothelial Cell Type I"
"70","M18.MAA000526.3_9_M.1.1","Stromal Cell Type II"
"71","O7.MAA000526.3_9_M.1.1","Endothelial Cell Type I"
"72","P12.MAA000526.3_9_M.1.1","Stromal Cell Type II"
"73","M19.MAA000526.3_9_M.1.1","Dendritic Cells"
"74","C4.MAA000526.3_9_M.1.1","Club Cells"
"75","D12.MAA000526.3_9_M.1.1","Endothelial Cell Type II"
"76","F3.MAA000526.3_9_M.1.1","Aveolar Epithelial Cell Type II"
"77","G14.MAA000526.3_9_M.1.1","Stromal Cell Type III"
"78","I5.MAA000526.3_9_M.1.1","Ciliated Cells"
"79","O8.MAA000526.3_9_M.1.1","Endothelial Cell Type III"
"80","J13.MAA000526.3_9_M.1.1","Stromal Cell Type III"
"81","L6.MAA000526.3_9_M.1.1","Endothelial Cell Type IV"
"82","P13.MAA000526.3_9_M.1.1","Stromal Cell Type II"
"83","A14.MAA000526.3_9_M.1.1","Stromal Cell Type I"
"84","A17.MAA000526.3_9_M.1.1","Endothelial Cell Type III"
"85","C6.MAA000526.3_9_M.1.1","Endothelial Cell Type I"
"86","D13.MAA000526.3_9_M.1.1","Stromal Cell Type II"
"87","F4.MAA000526.3_9_M.1.1","Ciliated Cells"
"88","G17.MAA000526.3_9_M.1.1","Endothelial Cell Type I"
"89","I6.MAA000526.3_9_M.1.1","Endothelial Cell Type II"
"90","M21.MAA000526.3_9_M.1.1","T Cells"
"91","J19.MAA000526.3_9_M.1.1","Endothelial Cell Type I"
"92","L7.MAA000526.3_9_M.1.1","Endothelial Cell Type I"
"93","O9.MAA000526.3_9_M.1.1","Endothelial Cell Type III"
"94","N1.MAA000526.3_9_M.1.1","Endothelial Cell Type I"
"95","A19.MAA000526.3_9_M.1.1","Dendritic Cells"
"96","C7.MAA000526.3_9_M.1.1","Endothelial Cell Type I"
"97","D14.MAA000526.3_9_M.1.1","Stromal Cell Type III"
"98","F5.MAA000526.3_9_M.1.1","Endothelial Cell Type III"
"99","G19.MAA000526.3_9_M.1.1","Dendritic Cells"
"100","I7.MAA000526.3_9_M.1.1","Endothelial Cell Type I"
"101","J21.MAA000526.3_9_M.1.1","Natural Killer Cells"
"102","O10.MAA000526.3_9_M.1.1","Stromal Cell Type I"
"103","L8.MAA000526.3_9_M.1.1","Endothelial Cell Type III"
"104","N2.MAA000526.3_9_M.1.1","Stromal Cell Type V"
"105","O11.MAA000526.3_9_M.1.1","Stromal Cell Type IV"
"106","F6.MAA000526.3_9_M.1.1","Endothelial Cell Type I"
"107","G20.MAA000526.3_9_M.1.1","Dendritic Cells"
"108","I9.MAA000526.3_9_M.1.1","Endothelial Cell Type III"
"109","K1.MAA000526.3_9_M.1.1","Endothelial Cell Type I"
"110","L10.MAA000526.3_9_M.1.1","Stromal Cell Type II"
"111","A20.MAA000526.3_9_M.1.1","Dendritic Cells"
"112","C8.MAA000526.3_9_M.1.1","Endothelial Cell Type II"
"113","N3.MAA000526.3_9_M.1.1","Endothelial Cell Type I"
"114","A21.MAA000526.3_9_M.1.1","B Cells"
"115","C9.MAA000526.3_9_M.1.1","Endothelial Cell Type II"
"116","D19.MAA000526.3_9_M.1.1","Dendritic Cells"
"117","F8.MAA000526.3_9_M.1.1","Endothelial Cell Type II"
"118","G21.MAA000526.3_9_M.1.1","T Cells"
"119","O12.MAA000526.3_9_M.1.1","Stromal Cell Type IV"
"120","I10.MAA000526.3_9_M.1.1","Stromal Cell Type IV"
"121","P19.MAA000526.3_9_M.1.1","Monocytes"
"122","K2.MAA000526.3_9_M.1.1","Endothelial Cell Type IV"
"123","A22.MAA000526.3_9_M.1.1","Interstital Macrophages"
"124","C10.MAA000526.3_9_M.1.1","Stromal Cell Type II"
"125","D20.MAA000526.3_9_M.1.1","Dendritic Cells"
"126","F9.MAA000526.3_9_M.1.1","Endothelial Cell Type III"
"127","H1.MAA000526.3_9_M.1.1","Mesothelial Cells"
"128","L11.MAA000526.3_9_M.1.1","Stromal Cell Type II"
"129","I12.MAA000526.3_9_M.1.1","Stromal Cell Type III"
"130","K3.MAA000526.3_9_M.1.1","Aveolar Epithelial Cell Type II"
"131","N4.MAA000526.3_9_M.1.1","Remaining Epithelial Cells"
"132","O13.MAA000526.3_9_M.1.1","Stromal Cell Type III"
"133","P20.MAA000526.3_9_M.1.1","Monocytes"
"134","L12.MAA000526.3_9_M.1.1","Stromal Cell Type II"
"135","B1.MAA000526.3_9_M.1.1","Dendritic Cells"
"136","C11.MAA000526.3_9_M.1.1","Stromal Cell Type II"
"137","D21.MAA000526.3_9_M.1.1","T Cells"
"138","F10.MAA000526.3_9_M.1.1","Stromal Cell Type III"
"139","H2.MAA000526.3_9_M.1.1","Stromal Cell Type I"
"140","N5.MAA000526.3_9_M.1.1","Aveolar Epithelial Cell Type II"
"141","I13.MAA000526.3_9_M.1.1","Stromal Cell Type I"
"142","K4.MAA000526.3_9_M.1.1","Aveolar Epithelial Cell Type II"
"143","O17.MAA000526.3_9_M.1.1","Endothelial Cell Type I"
"144","P21.MAA000526.3_9_M.1.1","Natural Killer Cells"
"145","L13.MAA000526.3_9_M.1.1","Stromal Cell Type III"
"146","B2.MAA000526.3_9_M.1.1","Endothelial Cell Type I"
"147","C12.MAA000526.3_9_M.1.1","Stromal Cell Type V"
"148","D22.MAA000526.3_9_M.1.1","Unknown Immune I"
"149","F11.MAA000526.3_9_M.1.1","Stromal Cell Type IV"
"150","H3.MAA000526.3_9_M.1.1","Aveolar Epithelial Cell Type II"
"151","N7.MAA000526.3_9_M.1.1","Endothelial Cell Type I"
"152","K6.MAA000526.3_9_M.1.1","Endothelial Cell Type IV"
"153","L21.MAA000526.3_9_M.1.1","Natural Killer Cells"
"154","O18.MAA000526.3_9_M.1.1","Endothelial Cell Type I"
"155","N8.MAA000526.3_9_M.1.1","Endothelial Cell Type I"
"156","B3.MAA000526.3_9_M.1.1","Aveolar Epithelial Cell Type II"
"157","C13.MAA000526.3_9_M.1.1","Stromal Cell Type IV"
"158","E1.MAA000526.3_9_M.1.1","Stromal Cell Type I"
"159","F13.MAA000526.3_9_M.1.1","Stromal Cell Type II"
"160","O19.MAA000526.3_9_M.1.1","Monocytes"
"161","H4.MAA000526.3_9_M.1.1","Neuroendocrine Cells"
"162","I17.MAA000526.3_9_M.1.1","Endothelial Cell Type III"
"163","B4.MAA000526.3_9_M.1.1","Club Cells"
"164","C14.MAA000526.3_9_M.1.1","Stromal Cell Type III"
"165","E2.MAA000526.3_9_M.1.1","Endothelial Cell Type I"
"166","K7.MAA000526.3_9_M.1.1","Endothelial Cell Type I"
"167","F14.MAA000526.3_9_M.1.1","Stromal Cell Type V"
"168","H6.MAA000526.3_9_M.1.1","Endothelial Cell Type I"
"169","M1.MAA000526.3_9_M.1.1","Stromal Cell Type V"
"170","N9.MAA000526.3_9_M.1.1","Endothelial Cell Type II"
"171","O20.MAA000526.3_9_M.1.1","Monocytes"
"172","I18.MAA000526.3_9_M.1.1","Stromal Cell Type IV"
"173","B5.MAA000526.3_9_M.1.1","Endothelial Cell Type III"
"174","K8.MAA000526.3_9_M.1.1","Endothelial Cell Type III"
"175","M2.MAA000526.3_9_M.1.1","Endothelial Cell Type I"
"176","N10.MAA000526.3_9_M.1.1","Stromal Cell Type IV"
"177","O21.MAA000526.3_9_M.1.1","Endothelial Cell Type I"
"178","E3.MAA000526.3_9_M.1.1","Aveolar Epithelial Cell Type II"
"179","A1.MAA000526.3_9_M.1.1","Stromal Cell Type I"
"180","B6.MAA000526.3_9_M.1.1","Endothelial Cell Type I"
"181","C19.MAA000526.3_9_M.1.1","Dendritic Cells"
"182","F19.MAA000526.3_9_M.1.1","Dendritic Cells"
"183","E4.MAA000526.3_9_M.1.1","Endothelial Cell Type IV"
"184","H7.MAA000526.3_9_M.1.1","Endothelial Cell Type I"
"185","I19.MAA000526.3_9_M.1.1","Dendritic Cells"
"186","K9.MAA000526.3_9_M.1.1","Endothelial Cell Type III"
"187","M3.MAA000526.3_9_M.1.1","Aveolar Epithelial Cell Type II"
"188","N11.MAA000526.3_9_M.1.1","Stromal Cell Type II"
"189","O22.MAA000526.3_9_M.1.1","T Cells"
"190","F20.MAA000526.3_9_M.1.1","Dendritic Cells"
"191","H8.MAA000526.3_9_M.1.1","Endothelial Cell Type III"
"192","A2.MAA000526.3_9_M.1.1","Endothelial Cell Type I"
"193","B7.MAA000526.3_9_M.1.1","Endothelial Cell Type I"
"194","C20.MAA000526.3_9_M.1.1","Dendritic Cells"
"195","I20.MAA000526.3_9_M.1.1","Dendritic Cells"
"196","K10.MAA000526.3_9_M.1.1","Stromal Cell Type I"
"197","N12.MAA000526.3_9_M.1.1","Stromal Cell Type II"
"198","P1.MAA000526.3_9_M.1.1","Endothelial Cell Type II"
"199","E6.MAA000526.3_9_M.1.1","Stromal Cell Type I"
"200","A3.MAA000526.3_9_M.1.1","Aveolar Epithelial Cell Type II"
"201","B8.MAA000526.3_9_M.1.1","Endothelial Cell Type II"
"202","C22.MAA000526.3_9_M.1.1","B Cells"
"203","G1.MAA000526.3_9_M.1.1","Endothelial Cell Type I"
"204","E7.MAA000526.3_9_M.1.1","Endothelial Cell Type II"
"205","G2.MAA000526.3_9_M.1.1","Endothelial Cell Type I"
"206","H9.MAA000526.3_9_M.1.1","Endothelial Cell Type III"
"207","I21.MAA000526.3_9_M.1.1","Natural Killer Cells"
"208","K11.MAA000526.3_9_M.1.1","Stromal Cell Type II"
"209","M5.MAA000526.3_9_M.1.1","Aveolar Epithelial Cell Type II"
"210","N13.MAA000526.3_9_M.1.1","Stromal Cell Type II"
"211","P2.MAA000526.3_9_M.1.1","Endothelial Cell Type I"
"212","A4.MAA000526.3_9_M.1.1","Aveolar Epithelial Cell Type II"
"213","B9.MAA000526.3_9_M.1.1","Endothelial Cell Type III"
"214","D1.MAA000526.3_9_M.1.1","Stromal Cell Type II"
"215","E8.MAA000526.3_9_M.1.1","Endothelial Cell Type I"
"216","G3.MAA000526.3_9_M.1.1","Aveolar Epithelial Cell Type II"
"217","H11.MAA000526.3_9_M.1.1","Stromal Cell Type II"
"218","J1.MAA000526.3_9_M.1.1","Endothelial Cell Type I"
"219","K12.MAA000526.3_9_M.1.1","Stromal Cell Type II"
"220","K13.MAA000526.3_9_M.1.1","Stromal Cell Type I"
"221","M7.MAA000526.3_9_M.1.1","Endothelial Cell Type I"
"222","N21.MAA000526.3_9_M.1.1","T Cells"
"223","M6.MAA000526.3_9_M.1.1","Endothelial Cell Type I"
"224","N20.MAA000526.3_9_M.1.1","Dendritic Cells"
"225","P3.MAA000526.3_9_M.1.1","Ciliated Cells"
"226","P4.MAA000526.3_9_M.1.1","Aveolar Epithelial Cell Type II"
"227","D2.MAA000526.3_9_M.1.1","Endothelial Cell Type I"
"228","E9.MAA000526.3_9_M.1.1","Endothelial Cell Type II"
"229","G4.MAA000526.3_9_M.1.1","Aveolar Epithelial Cell Type II"
"230","H12.MAA000526.3_9_M.1.1","Stromal Cell Type II"
"231","J2.MAA000526.3_9_M.1.1","Endothelial Cell Type I"
"232","M8.MAA000526.3_9_M.1.1","Endothelial Cell Type II"
"233","N22.MAA000526.3_9_M.1.1","Unknown Immune I"
"234","P5.MAA000526.3_9_M.1.1","Aveolar Epithelial Cell Type II"
"235","A5.MAA000526.3_9_M.1.1","Endothelial Cell Type III"
"236","B10.MAA000526.3_9_M.1.1","Stromal Cell Type II"
"237","H13.MAA000526.3_9_M.1.1","Stromal Cell Type II"
"238","J3.MAA000526.3_9_M.1.1","Ciliated Cells"
"239","K19.MAA000526.3_9_M.1.1","Endothelial Cell Type I"
"240","M9.MAA000526.3_9_M.1.1","Endothelial Cell Type III"
"241","O1.MAA000526.3_9_M.1.1","Endothelial Cell Type I"
"242","P6.MAA000526.3_9_M.1.1","Endothelial Cell Type I"
"243","A6.MAA000526.3_9_M.1.1","Endothelial Cell Type I"
"244","B11.MAA000526.3_9_M.1.1","Stromal Cell Type III"
"245","D3.MAA000526.3_9_M.1.1","Aveolar Epithelial Cell Type II"
"246","E10.MAA000526.3_9_M.1.1","Stromal Cell Type III"
"247","G5.MAA000526.3_9_M.1.1","Endothelial Cell Type I"
"248","A12.MAA000530.3_8_M.1.1","Stromal Cell Type III"
"249","B19.MAA000530.3_8_M.1.1","Dendritic Cells"
"250","A14.MAA000530.3_8_M.1.1","Stromal Cell Type II"
"251","A13.MAA000530.3_8_M.1.1","Stromal Cell Type III"
"252","A18.MAA000530.3_8_M.1.1","Endothelial Cell Type I"
"253","A19.MAA000530.3_8_M.1.1","Dendritic Cells"
"254","A20.MAA000530.3_8_M.1.1","Monocytes"
"255","A21.MAA000530.3_8_M.1.1","T Cells"
"256","A22.MAA000530.3_8_M.1.1","Natural Killer Cells"
"257","B1.MAA000530.3_8_M.1.1","Endothelial Cell Type IV"
"258","B2.MAA000530.3_8_M.1.1","Endothelial Cell Type I"
"259","B3.MAA000530.3_8_M.1.1","Alveolar Macrophages"
"260","B4.MAA000530.3_8_M.1.1","Aveolar Epithelial Cell Type II"
"261","B6.MAA000530.3_8_M.1.1","Endothelial Cell Type I"
"262","A1.MAA000530.3_8_M.1.1","Endothelial Cell Type I"
"263","B7.MAA000530.3_8_M.1.1","Endothelial Cell Type I"
"264","A2.MAA000530.3_8_M.1.1","Alveolar Macrophages"
"265","B8.MAA000530.3_8_M.1.1","Stromal Cell Type II"
"266","A3.MAA000530.3_8_M.1.1","Aveolar Epithelial Cell Type II"
"267","B9.MAA000530.3_8_M.1.1","Endothelial Cell Type II"
"268","B10.MAA000530.3_8_M.1.1","Stromal Cell Type II"
"269","A4.MAA000530.3_8_M.1.1","Aveolar Epithelial Cell Type II"
"270","B11.MAA000530.3_8_M.1.1","Stromal Cell Type IV"
"271","A6.MAA000530.3_8_M.1.1","Endothelial Cell Type I"
"272","B12.MAA000530.3_8_M.1.1","Stromal Cell Type II"
"273","A7.MAA000530.3_8_M.1.1","Endothelial Cell Type IV"
"274","A8.MAA000530.3_8_M.1.1","Endothelial Cell Type III"
"275","B13.MAA000530.3_8_M.1.1","Stromal Cell Type I"
"276","A9.MAA000530.3_8_M.1.1","Endothelial Cell Type III"
"277","A10.MAA000530.3_8_M.1.1","Stromal Cell Type II"
"278","B17.MAA000530.3_8_M.1.1","Endothelial Cell Type III"
"279","B14.MAA000530.3_8_M.1.1","Stromal Cell Type III"
"280","A11.MAA000530.3_8_M.1.1","Stromal Cell Type II"
"281","B18.MAA000530.3_8_M.1.1","Endothelial Cell Type I"
"282","D3.MAA000530.3_8_M.1.1","Ciliated Cells"
"283","E7.MAA000530.3_8_M.1.1","Endothelial Cell Type IV"
"284","F13.MAA000530.3_8_M.1.1","Stromal Cell Type II"
"285","D4.MAA000530.3_8_M.1.1","Endothelial Cell Type I"
"286","H1.MAA000530.3_8_M.1.1","Stromal Cell Type I"
"287","E8.MAA000530.3_8_M.1.1","Endothelial Cell Type III"
"288","F14.MAA000530.3_8_M.1.1","Stromal Cell Type II"
"289","H2.MAA000530.3_8_M.1.1","Endothelial Cell Type II"
"290","I8.MAA000530.3_8_M.1.1","Endothelial Cell Type III"
"291","J21.MAA000530.3_8_M.1.1","B Cells"
"292","L7.MAA000530.3_8_M.1.1","Endothelial Cell Type I"
"293","M12.MAA000530.3_8_M.1.1","Stromal Cell Type II"
"294","N19.MAA000530.3_8_M.1.1","Dendritic Cells"
"295","P1.MAA000530.3_8_M.1.1","Stromal Cell Type I"
"296","I9.MAA000530.3_8_M.1.1","Endothelial Cell Type III"
"297","B21.MAA000530.3_8_M.1.1","T Cells"
"298","D5.MAA000530.3_8_M.1.1","Endothelial Cell Type I"
"299","E9.MAA000530.3_8_M.1.1","Endothelial Cell Type II"
"300","F17.MAA000530.3_8_M.1.1","Stromal Cell Type II"
"301","H3.MAA000530.3_8_M.1.1","Endothelial Cell Type IV"
"302","K1.MAA000530.3_8_M.1.1","Endothelial Cell Type I"
"303","I10.MAA000530.3_8_M.1.1","Stromal Cell Type III"
"304","K2.MAA000530.3_8_M.1.1","Endothelial Cell Type I"
"305","L9.MAA000530.3_8_M.1.1","Endothelial Cell Type III"
"306","L8.MAA000530.3_8_M.1.1","Endothelial Cell Type III"
"307","M13.MAA000530.3_8_M.1.1","Stromal Cell Type II"
"308","N20.MAA000530.3_8_M.1.1","Dendritic Cells"
"309","P2.MAA000530.3_8_M.1.1","Endothelial Cell Type I"
"310","M16.MAA000530.3_8_M.1.1","Stromal Cell Type IV"
"311","D6.MAA000530.3_8_M.1.1","Endothelial Cell Type I"
"312","E10.MAA000530.3_8_M.1.1","Stromal Cell Type III"
"313","F18.MAA000530.3_8_M.1.1","Endothelial Cell Type I"
"314","H4.MAA000530.3_8_M.1.1","Dendritic Cells"
"315","K3.MAA000530.3_8_M.1.1","Endothelial Cell Type IV"
"316","L10.MAA000530.3_8_M.1.1","Stromal Cell Type III"
"317","M17.MAA000530.3_8_M.1.1","Endothelial Cell Type I"
"318","N22.MAA000530.3_8_M.1.1","T Cells"
"319","P4.MAA000530.3_8_M.1.1","Endothelial Cell Type I"
"320","P3.MAA000530.3_8_M.1.1","Endothelial Cell Type I"
"321","B22.MAA000530.3_8_M.1.1","T Cells"
"322","H5.MAA000530.3_8_M.1.1","Endothelial Cell Type III"
"323","I12.MAA000530.3_8_M.1.1","Stromal Cell Type IV"
"324","K4.MAA000530.3_8_M.1.1","Ciliated Cells"
"325","L11.MAA000530.3_8_M.1.1","Stromal Cell Type V"
"326","M18.MAA000530.3_8_M.1.1","Endothelial Cell Type I"
"327","O1.MAA000530.3_8_M.1.1","Endothelial Cell Type IV"
"328","P5.MAA000530.3_8_M.1.1","Endothelial Cell Type I"
"329","C1.MAA000530.3_8_M.1.1","Endothelial Cell Type IV"
"330","D7.MAA000530.3_8_M.1.1","Endothelial Cell Type I"
"331","E11.MAA000530.3_8_M.1.1","Stromal Cell Type II"
"332","F19.MAA000530.3_8_M.1.1","Interstital Macrophages"
"333","K5.MAA000530.3_8_M.1.1","Endothelial Cell Type IV"
"334","L12.MAA000530.3_8_M.1.1","Stromal Cell Type II"
"335","M19.MAA000530.3_8_M.1.1","Dendritic Cells"
"336","O2.MAA000530.3_8_M.1.1","Endothelial Cell Type I"
"337","P6.MAA000530.3_8_M.1.1","Endothelial Cell Type I"
"338","C2.MAA000530.3_8_M.1.1","Stromal Cell Type III"
"339","D8.MAA000530.3_8_M.1.1","Dendritic Cells"
"340","E12.MAA000530.3_8_M.1.1","Stromal Cell Type II"
"341","F20.MAA000530.3_8_M.1.1","Dendritic Cells"
"342","H6.MAA000530.3_8_M.1.1","Endothelial Cell Type I"
"343","I13.MAA000530.3_8_M.1.1","Stromal Cell Type III"
"344","K6.MAA000530.3_8_M.1.1","Endothelial Cell Type I"
"345","M21.MAA000530.3_8_M.1.1","B Cells"
"346","O3.MAA000530.3_8_M.1.1","Endothelial Cell Type IV"
"347","P7.MAA000530.3_8_M.1.1","Endothelial Cell Type IV"
"348","D9.MAA000530.3_8_M.1.1","Endothelial Cell Type III"
"349","E13.MAA000530.3_8_M.1.1","Stromal Cell Type I"
"350","F21.MAA000530.3_8_M.1.1","T Cells"
"351","H8.MAA000530.3_8_M.1.1","Endothelial Cell Type III"
"352","I17.MAA000530.3_8_M.1.1","Endothelial Cell Type I"
"353","C4.MAA000530.3_8_M.1.1","Aveolar Epithelial Cell Type II"
"354","M22.MAA000530.3_8_M.1.1","Unknown Immune I"
"355","O4.MAA000530.3_8_M.1.1","Aveolar Epithelial Cell Type II"
"356","P8.MAA000530.3_8_M.1.1","Endothelial Cell Type II"
"357","D10.MAA000530.3_8_M.1.1","Stromal Cell Type II"
"358","C6.MAA000530.3_8_M.1.1","Endothelial Cell Type I"
"359","E14.MAA000530.3_8_M.1.1","Stromal Cell Type II"
"360","F22.MAA000530.3_8_M.1.1","Natural Killer Cells"
"361","H9.MAA000530.3_8_M.1.1","Endothelial Cell Type II"
"362","I19.MAA000530.3_8_M.1.1","Dendritic Cells"
"363","K7.MAA000530.3_8_M.1.1","Endothelial Cell Type IV"
"364","L17.MAA000530.3_8_M.1.1","Endothelial Cell Type III"
"365","D11.MAA000530.3_8_M.1.1","Stromal Cell Type IV"
"366","N1.MAA000530.3_8_M.1.1","Endothelial Cell Type I"
"367","O5.MAA000530.3_8_M.1.1","Endothelial Cell Type I"
"368","P9.MAA000530.3_8_M.1.1","Endothelial Cell Type III"
"369","I20.MAA000530.3_8_M.1.1","Monocytes"
"370","K8.MAA000530.3_8_M.1.1","Stromal Cell Type IV"
"371","L18.MAA000530.3_8_M.1.1","Stromal Cell Type II"
"372","N2.MAA000530.3_8_M.1.1","Stromal Cell Type I"
"373","O6.MAA000530.3_8_M.1.1","Endothelial Cell Type I"
"374","P10.MAA000530.3_8_M.1.1","Stromal Cell Type III"
"375","C7.MAA000530.3_8_M.1.1","Stromal Cell Type I"
"376","C8.MAA000530.3_8_M.1.1","Endothelial Cell Type II"
"377","E17.MAA000530.3_8_M.1.1","Endothelial Cell Type III"
"378","G2.MAA000530.3_8_M.1.1","Endothelial Cell Type I"
"379","I21.MAA000530.3_8_M.1.1","T Cells"
"380","K9.MAA000530.3_8_M.1.1","Endothelial Cell Type I"
"381","L19.MAA000530.3_8_M.1.1","Monocytes"
"382","D13.MAA000530.3_8_M.1.1","Stromal Cell Type II"
"383","O7.MAA000530.3_8_M.1.1","Endothelial Cell Type I"
"384","P11.MAA000530.3_8_M.1.1","Stromal Cell Type IV"
"385","C9.MAA000530.3_8_M.1.1","Endothelial Cell Type III"
"386","D14.MAA000530.3_8_M.1.1","Stromal Cell Type II"
"387","E19.MAA000530.3_8_M.1.1","Monocytes"
"388","E18.MAA000530.3_8_M.1.1","Endothelial Cell Type III"
"389","G3.MAA000530.3_8_M.1.1","Aveolar Epithelial Cell Type II"
"390","I22.MAA000530.3_8_M.1.1","T Cells"
"391","K11.MAA000530.3_8_M.1.1","Stromal Cell Type II"
"392","L20.MAA000530.3_8_M.1.1","Dendritic Cells"
"393","N3.MAA000530.3_8_M.1.1","Endothelial Cell Type IV"
"394","G4.MAA000530.3_8_M.1.1","Endothelial Cell Type I"
"395","C10.MAA000530.3_8_M.1.1","Stromal Cell Type II"
"396","D17.MAA000530.3_8_M.1.1","Endothelial Cell Type I"
"397","E20.MAA000530.3_8_M.1.1","Dendritic Cells"
"398","G5.MAA000530.3_8_M.1.1","Endothelial Cell Type IV"
"399","H14.MAA000530.3_8_M.1.1","Stromal Cell Type III"
"400","H17.MAA000530.3_8_M.1.1","Endothelial Cell Type III"
"401","J2.MAA000530.3_8_M.1.1","Endothelial Cell Type I"
"402","J1.MAA000530.3_8_M.1.1","Endothelial Cell Type I"
"403","K12.MAA000530.3_8_M.1.1","Stromal Cell Type II"
"404","L21.MAA000530.3_8_M.1.1","T Cells"
"405","N4.MAA000530.3_8_M.1.1","Endothelial Cell Type I"
"406","O8.MAA000530.3_8_M.1.1","Endothelial Cell Type III"
"407","P12.MAA000530.3_8_M.1.1","Stromal Cell Type V"
"408","K13.MAA000530.3_8_M.1.1","Stromal Cell Type III"
"409","C11.MAA000530.3_8_M.1.1","Stromal Cell Type IV"
"410","D18.MAA000530.3_8_M.1.1","Endothelial Cell Type I"
"411","E21.MAA000530.3_8_M.1.1","B Cells"
"412","G6.MAA000530.3_8_M.1.1","Endothelial Cell Type I"
"413","H18.MAA000530.3_8_M.1.1","Endothelial Cell Type III"
"414","J3.MAA000530.3_8_M.1.1","Endothelial Cell Type IV"
"415","K14.MAA000530.3_8_M.1.1","Stromal Cell Type IV"
"416","L22.MAA000530.3_8_M.1.1","Natural Killer Cells"
"417","M1.MAA000530.3_8_M.1.1","Endothelial Cell Type IV"
"418","N6.MAA000530.3_8_M.1.1","Endothelial Cell Type I"
"419","O10.MAA000530.3_8_M.1.1","Stromal Cell Type III"
"420","N5.MAA000530.3_8_M.1.1","Aveolar Epithelial Cell Type II"
"421","O9.MAA000530.3_8_M.1.1","Endothelial Cell Type III"
"422","P13.MAA000530.3_8_M.1.1","Stromal Cell Type II"
"423","G7.MAA000530.3_8_M.1.1","Endothelial Cell Type I"
"424","H19.MAA000530.3_8_M.1.1","Dendritic Cells"
"425","J4.MAA000530.3_8_M.1.1","Ciliated Cells"
"426","K18.MAA000530.3_8_M.1.1","Endothelial Cell Type I"
"427","M2.MAA000530.3_8_M.1.1","Endothelial Cell Type I"
"428","N7.MAA000530.3_8_M.1.1","Endothelial Cell Type IV"
"429","O11.MAA000530.3_8_M.1.1","Stromal Cell Type II"
"430","P17.MAA000530.3_8_M.1.1","Endothelial Cell Type III"
"431","C12.MAA000530.3_8_M.1.1","Stromal Cell Type III"
"432","D19.MAA000530.3_8_M.1.1","Dendritic Cells"
"433","E22.MAA000530.3_8_M.1.1","B Cells"
"434","N8.MAA000530.3_8_M.1.1","Endothelial Cell Type III"
"435","O12.MAA000530.3_8_M.1.1","Stromal Cell Type IV"
"436","P18.MAA000530.3_8_M.1.1","Endothelial Cell Type III"
"437","C14.MAA000530.3_8_M.1.1","Stromal Cell Type II"
"438","D21.MAA000530.3_8_M.1.1","Dendritic Cells"
"439","C13.MAA000530.3_8_M.1.1","Stromal Cell Type V"
"440","D20.MAA000530.3_8_M.1.1","Dendritic Cells"
"441","F1.MAA000530.3_8_M.1.1","Endothelial Cell Type I"
"442","G8.MAA000530.3_8_M.1.1","Endothelial Cell Type III"
"443","H20.MAA000530.3_8_M.1.1","Dendritic Cells"
"444","J5.MAA000530.3_8_M.1.1","Club Cells"
"445","K19.MAA000530.3_8_M.1.1","Alveolar Macrophages"
"446","J6.MAA000530.3_8_M.1.1","Endothelial Cell Type I"
"447","K20.MAA000530.3_8_M.1.1","Monocytes"
"448","M4.MAA000530.3_8_M.1.1","Endothelial Cell Type IV"
"449","N9.MAA000530.3_8_M.1.1","Endothelial Cell Type III"
"450","F2.MAA000530.3_8_M.1.1","Endothelial Cell Type I"
"451","O13.MAA000530.3_8_M.1.1","Stromal Cell Type II"
"452","P19.MAA000530.3_8_M.1.1","Dendritic Cells"
"453","G10.MAA000530.3_8_M.1.1","Stromal Cell Type II"
"454","H21.MAA000530.3_8_M.1.1","B Cells"
"455","G11.MAA000530.3_8_M.1.1","Stromal Cell Type V"
"456","H22.MAA000530.3_8_M.1.1","Natural Killer Cells"
"457","J8.MAA000530.3_8_M.1.1","Endothelial Cell Type II"
"458","K21.MAA000530.3_8_M.1.1","T Cells"
"459","C17.MAA000530.3_8_M.1.1","Endothelial Cell Type I"
"460","M5.MAA000530.3_8_M.1.1","Aveolar Epithelial Cell Type II"
"461","D22.MAA000530.3_8_M.1.1","Monocytes"
"462","F4.MAA000530.3_8_M.1.1","Endothelial Cell Type IV"
"463","P20.MAA000530.3_8_M.1.1","Dendritic Cells"
"464","C19.MAA000530.3_8_M.1.1","Monocytes"
"465","F6.MAA000530.3_8_M.1.1","Endothelial Cell Type II"
"466","G13.MAA000530.3_8_M.1.1","Stromal Cell Type IV"
"467","I1.MAA000530.3_8_M.1.1","Endothelial Cell Type I"
"468","E1.MAA000530.3_8_M.1.1","Endothelial Cell Type I"
"469","J10.MAA000530.3_8_M.1.1","Stromal Cell Type II"
"470","M6.MAA000530.3_8_M.1.1","Endothelial Cell Type I"
"471","K22.MAA000530.3_8_M.1.1","B Cells"
"472","N11.MAA000530.3_8_M.1.1","Stromal Cell Type V"
"473","O17.MAA000530.3_8_M.1.1","Endothelial Cell Type IV"
"474","P21.MAA000530.3_8_M.1.1","Natural Killer Cells"
"475","C20.MAA000530.3_8_M.1.1","Dendritic Cells"
"476","E2.MAA000530.3_8_M.1.1","Interstital Macrophages"
"477","F7.MAA000530.3_8_M.1.1","Endothelial Cell Type I"
"478","G14.MAA000530.3_8_M.1.1","Stromal Cell Type III"
"479","P22.MAA000530.3_8_M.1.1","T Cells"
"480","I2.MAA000530.3_8_M.1.1","Endothelial Cell Type I"
"481","J11.MAA000530.3_8_M.1.1","Stromal Cell Type III"
"482","L1.MAA000530.3_8_M.1.1","Endothelial Cell Type III"
"483","M7.MAA000530.3_8_M.1.1","Endothelial Cell Type I"
"484","N12.MAA000530.3_8_M.1.1","Stromal Cell Type I"
"485","O18.MAA000530.3_8_M.1.1","Endothelial Cell Type I"
"486","I4.MAA000530.3_8_M.1.1","Aveolar Epithelial Cell Type II"
"487","J12.MAA000530.3_8_M.1.1","Stromal Cell Type III"
"488","L3.MAA000530.3_8_M.1.1","Endothelial Cell Type I"
"489","M8.MAA000530.3_8_M.1.1","Endothelial Cell Type III"
"490","C21.MAA000530.3_8_M.1.1","T Cells"
"491","E3.MAA000530.3_8_M.1.1","Aveolar Epithelial Cell Type II"
"492","F8.MAA000530.3_8_M.1.1","Endothelial Cell Type III"
"493","G18.MAA000530.3_8_M.1.1","Endothelial Cell Type III"
"494","N13.MAA000530.3_8_M.1.1","Stromal Cell Type II"
"495","O19.MAA000530.3_8_M.1.1","Dendritic Cells"
"496","E4.MAA000530.3_8_M.1.1","Remaining Epithelial Cells"
"497","F9.MAA000530.3_8_M.1.1","Endothelial Cell Type II"
"498","G19.MAA000530.3_8_M.1.1","Monocytes"
"499","C22.MAA000530.3_8_M.1.1","Monocytes"
"500","I5.MAA000530.3_8_M.1.1","Endothelial Cell Type I"
"501","E5.MAA000530.3_8_M.1.1","Endothelial Cell Type I"
"502","F10.MAA000530.3_8_M.1.1","Stromal Cell Type II"
"503","L4.MAA000530.3_8_M.1.1","Endothelial Cell Type I"
"504","M9.MAA000530.3_8_M.1.1","Endothelial Cell Type III"
"505","O20.MAA000530.3_8_M.1.1","Dendritic Cells"
"506","G20.MAA000530.3_8_M.1.1","Dendritic Cells"
"507","D2.MAA000530.3_8_M.1.1","Endothelial Cell Type I"
"508","J17.MAA000530.3_8_M.1.1","Endothelial Cell Type III"
"509","L5.MAA000530.3_8_M.1.1","Club Cells"
"510","M10.MAA000530.3_8_M.1.1","Stromal Cell Type II"
"511","N17.MAA000530.3_8_M.1.1","Endothelial Cell Type I"
"512","O21.MAA000530.3_8_M.1.1","T Cells"
"513","E6.MAA000530.3_8_M.1.1","Endothelial Cell Type II"
"514","G21.MAA000530.3_8_M.1.1","Dendritic Cells"
"515","I7.MAA000530.3_8_M.1.1","Endothelial Cell Type I"
"516","J19.MAA000530.3_8_M.1.1","Dendritic Cells"
"517","L6.MAA000530.3_8_M.1.1","Endothelial Cell Type I"
"518","M11.MAA000530.3_8_M.1.1","Stromal Cell Type II"
"519","N18.MAA000530.3_8_M.1.1","Stromal Cell Type II"
"520","O22.MAA000530.3_8_M.1.1","Natural Killer Cells"
"521","C4.MAA000839.3_11_M.1.1","Endothelial Cell Type I"
"522","C5.MAA000839.3_11_M.1.1","Endothelial Cell Type I"
"523","C7.MAA000839.3_11_M.1.1","Endothelial Cell Type I"
"524","A3.MAA000839.3_11_M.1.1","Ciliated Cells"
"525","C6.MAA000839.3_11_M.1.1","Endothelial Cell Type I"
"526","C10.MAA000839.3_11_M.1.1","Stromal Cell Type III"
"527","C11.MAA000839.3_11_M.1.1","Stromal Cell Type III"
"528","A12.MAA000839.3_11_M.1.1","Stromal Cell Type II"
"529","C21.MAA000839.3_11_M.1.1","Monocytes"
"530","A10.MAA000839.3_11_M.1.1","Stromal Cell Type II"
"531","C14.MAA000839.3_11_M.1.1","Stromal Cell Type III"
"532","A13.MAA000839.3_11_M.1.1","Stromal Cell Type III"
"533","C22.MAA000839.3_11_M.1.1","Monocytes"
"534","D1.MAA000839.3_11_M.1.1","Stromal Cell Type I"
"535","B2.MAA000839.3_11_M.1.1","Mesothelial Cells"
"536","D3.MAA000839.3_11_M.1.1","Endothelial Cell Type I"
"537","B1.MAA000839.3_11_M.1.1","Stromal Cell Type I"
"538","D2.MAA000839.3_11_M.1.1","Stromal Cell Type I"
"539","D6.MAA000839.3_11_M.1.1","Endothelial Cell Type I"
"540","D10.MAA000839.3_11_M.1.1","Stromal Cell Type III"
"541","B4.MAA000839.3_11_M.1.1","Endothelial Cell Type I"
"542","B7.MAA000839.3_11_M.1.1","Endothelial Cell Type I"
"543","D12.MAA000839.3_11_M.1.1","Stromal Cell Type IV"
"544","B6.MAA000839.3_11_M.1.1","Endothelial Cell Type IV"
"545","D11.MAA000839.3_11_M.1.1","Stromal Cell Type III"
"546","B10.MAA000839.3_11_M.1.1","Stromal Cell Type II"
"547","D13.MAA000839.3_11_M.1.1","Stromal Cell Type II"
"548","B11.MAA000839.3_11_M.1.1","Stromal Cell Type IV"
"549","B13.MAA000839.3_11_M.1.1","Stromal Cell Type I"
"550","B12.MAA000839.3_11_M.1.1","Stromal Cell Type II"
"551","B22.MAA000839.3_11_M.1.1","B Cells"
"552","C1.MAA000839.3_11_M.1.1","Stromal Cell Type I"
"553","C2.MAA000839.3_11_M.1.1","Stromal Cell Type I"
"554","C3.MAA000839.3_11_M.1.1","Aveolar Epithelial Cell Type II"
"555","E10.MAA000839.3_11_M.1.1","Stromal Cell Type IV"
"556","H6.MAA000839.3_11_M.1.1","Endothelial Cell Type I"
"557","K4.MAA000839.3_11_M.1.1","Endothelial Cell Type I"
"558","M21.MAA000839.3_11_M.1.1","B Cells"
"559","P3.MAA000839.3_11_M.1.1","Club Cells"
"560","E11.MAA000839.3_11_M.1.1","Stromal Cell Type II"
"561","H11.MAA000839.3_11_M.1.1","Stromal Cell Type IV"
"562","K5.MAA000839.3_11_M.1.1","Aveolar Epithelial Cell Type II"
"563","N1.MAA000839.3_11_M.1.1","Stromal Cell Type I"
"564","P4.MAA000839.3_11_M.1.1","Aveolar Epithelial Cell Type II"
"565","E12.MAA000839.3_11_M.1.1","Stromal Cell Type II"
"566","H21.MAA000839.3_11_M.1.1","Endothelial Cell Type I"
"567","K6.MAA000839.3_11_M.1.1","Endothelial Cell Type I"
"568","N2.MAA000839.3_11_M.1.1","Endothelial Cell Type I"
"569","P5.MAA000839.3_11_M.1.1","Club Cells"
"570","K7.MAA000839.3_11_M.1.1","Endothelial Cell Type I"
"571","E17.MAA000839.3_11_M.1.1","Endothelial Cell Type III"
"572","I1.MAA000839.3_11_M.1.1","Stromal Cell Type I"
"573","N4.MAA000839.3_11_M.1.1","Endothelial Cell Type I"
"574","F2.MAA000839.3_11_M.1.1","Stromal Cell Type I"
"575","I2.MAA000839.3_11_M.1.1","Stromal Cell Type I"
"576","K12.MAA000839.3_11_M.1.1","Stromal Cell Type II"
"577","N5.MAA000839.3_11_M.1.1","Endothelial Cell Type IV"
"578","P7.MAA000839.3_11_M.1.1","Endothelial Cell Type I"
"579","N10.MAA000839.3_11_M.1.1","Endothelial Cell Type I"
"580","F3.MAA000839.3_11_M.1.1","Aveolar Epithelial Cell Type II"
"581","I3.MAA000839.3_11_M.1.1","Endothelial Cell Type II"
"582","K17.MAA000839.3_11_M.1.1","Endothelial Cell Type I"
"583","F4.MAA000839.3_11_M.1.1","Endothelial Cell Type IV"
"584","I4.MAA000839.3_11_M.1.1","Aveolar Epithelial Cell Type II"
"585","N11.MAA000839.3_11_M.1.1","Stromal Cell Type IV"
"586","F5.MAA000839.3_11_M.1.1","Endothelial Cell Type II"
"587","I5.MAA000839.3_11_M.1.1","Endothelial Cell Type I"
"588","L2.MAA000839.3_11_M.1.1","Stromal Cell Type V"
"589","N12.MAA000839.3_11_M.1.1","Stromal Cell Type II"
"590","P10.MAA000839.3_11_M.1.1","Stromal Cell Type IV"
"591","F6.MAA000839.3_11_M.1.1","Endothelial Cell Type I"
"592","I7.MAA000839.3_11_M.1.1","Endothelial Cell Type I"
"593","P12.MAA000839.3_11_M.1.1","Stromal Cell Type II"
"594","L5.MAA000839.3_11_M.1.1","Ciliated Cells"
"595","N13.MAA000839.3_11_M.1.1","Stromal Cell Type III"
"596","N17.MAA000839.3_11_M.1.1","Endothelial Cell Type I"
"597","F9.MAA000839.3_11_M.1.1","Endothelial Cell Type II"
"598","I10.MAA000839.3_11_M.1.1","Stromal Cell Type II"
"599","L6.MAA000839.3_11_M.1.1","Endothelial Cell Type I"
"600","P13.MAA000839.3_11_M.1.1","Stromal Cell Type II"
"601","F10.MAA000839.3_11_M.1.1","Stromal Cell Type II"
"602","I12.MAA000839.3_11_M.1.1","Stromal Cell Type V"
"603","L7.MAA000839.3_11_M.1.1","Endothelial Cell Type I"
"604","N20.MAA000839.3_11_M.1.1","Monocytes"
"605","P17.MAA000839.3_11_M.1.1","Endothelial Cell Type I"
"606","F13.MAA000839.3_11_M.1.1","Stromal Cell Type II"
"607","M1.MAA000839.3_11_M.1.1","Stromal Cell Type I"
"608","N22.MAA000839.3_11_M.1.1","Dendritic Cells"
"609","F19.MAA000839.3_11_M.1.1","Dendritic Cells"
"610","I19.MAA000839.3_11_M.1.1","Monocytes"
"611","G1.MAA000839.3_11_M.1.1","Stromal Cell Type I"
"612","J1.MAA000839.3_11_M.1.1","Stromal Cell Type V"
"613","M3.MAA000839.3_11_M.1.1","Endothelial Cell Type I"
"614","G2.MAA000839.3_11_M.1.1","Stromal Cell Type V"
"615","M4.MAA000839.3_11_M.1.1","Endothelial Cell Type IV"
"616","O4.MAA000839.3_11_M.1.1","Endothelial Cell Type I"
"617","P21.MAA000839.3_11_M.1.1","T Cells"
"618","J3.MAA000839.3_11_M.1.1","Endothelial Cell Type I"
"619","G3.MAA000839.3_11_M.1.1","Endothelial Cell Type I"
"620","J4.MAA000839.3_11_M.1.1","Aveolar Epithelial Cell Type II"
"621","M5.MAA000839.3_11_M.1.1","Endothelial Cell Type IV"
"622","O5.MAA000839.3_11_M.1.1","Endothelial Cell Type IV"
"623","G5.MAA000839.3_11_M.1.1","Endothelial Cell Type II"
"624","J5.MAA000839.3_11_M.1.1","Endothelial Cell Type IV"
"625","O6.MAA000839.3_11_M.1.1","Endothelial Cell Type I"
"626","M6.MAA000839.3_11_M.1.1","Endothelial Cell Type I"
"627","J6.MAA000839.3_11_M.1.1","Endothelial Cell Type I"
"628","M7.MAA000839.3_11_M.1.1","Endothelial Cell Type I"
"629","G6.MAA000839.3_11_M.1.1","Endothelial Cell Type I"
"630","O7.MAA000839.3_11_M.1.1","Endothelial Cell Type I"
"631","J7.MAA000839.3_11_M.1.1","Endothelial Cell Type I"
"632","M10.MAA000839.3_11_M.1.1","Stromal Cell Type V"
"633","O11.MAA000839.3_11_M.1.1","Stromal Cell Type II"
"634","E1.MAA000839.3_11_M.1.1","Stromal Cell Type III"
"635","G10.MAA000839.3_11_M.1.1","Stromal Cell Type III"
"636","G12.MAA000839.3_11_M.1.1","Stromal Cell Type III"
"637","M11.MAA000839.3_11_M.1.1","Stromal Cell Type IV"
"638","O18.MAA000839.3_11_M.1.1","Stromal Cell Type IV"
"639","E2.MAA000839.3_11_M.1.1","Stromal Cell Type I"
"640","E4.MAA000839.3_11_M.1.1","Endothelial Cell Type IV"
"641","H1.MAA000839.3_11_M.1.1","Stromal Cell Type I"
"642","K1.MAA000839.3_11_M.1.1","Stromal Cell Type I"
"643","M13.MAA000839.3_11_M.1.1","Stromal Cell Type II"
"644","G19.MAA000839.3_11_M.1.1","Dendritic Cells"
"645","J10.MAA000839.3_11_M.1.1","Stromal Cell Type I"
"646","M12.MAA000839.3_11_M.1.1","Stromal Cell Type IV"
"647","O21.MAA000839.3_11_M.1.1","Unknown Immune I"
"648","O22.MAA000839.3_11_M.1.1","Monocytes"
"649","E6.MAA000839.3_11_M.1.1","Endothelial Cell Type I"
"650","H2.MAA000839.3_11_M.1.1","Alveolar Epithelial Cell Type I"
"651","K2.MAA000839.3_11_M.1.1","Stromal Cell Type I"
"652","M17.MAA000839.3_11_M.1.1","Stromal Cell Type IV"
"653","P1.MAA000839.3_11_M.1.1","Stromal Cell Type I"
"654","K3.MAA000839.3_11_M.1.1","Endothelial Cell Type I"
"655","P2.MAA000839.3_11_M.1.1","Stromal Cell Type I"
"656","E7.MAA000839.3_11_M.1.1","Endothelial Cell Type I"
"657","B14.MAA000891.3_10_M.1.1","Stromal Cell Type II"
"658","B17.MAA000891.3_10_M.1.1","Stromal Cell Type III"
"659","A4.MAA000891.3_10_M.1.1","Alveolar Macrophages"
"660","B19.MAA000891.3_10_M.1.1","Dendritic Cells"
"661","E5.MAA000891.3_10_M.1.1","Endothelial Cell Type III"
"662","A5.MAA000891.3_10_M.1.1","Endothelial Cell Type III"
"663","B20.MAA000891.3_10_M.1.1","Monocytes"
"664","E10.MAA000891.3_10_M.1.1","Stromal Cell Type II"
"665","B21.MAA000891.3_10_M.1.1","Natural Killer Cells"
"666","E13.MAA000891.3_10_M.1.1","Stromal Cell Type II"
"667","A12.MAA000891.3_10_M.1.1","Stromal Cell Type IV"
"668","B22.MAA000891.3_10_M.1.1","Unknown Immune I"
"669","E14.MAA000891.3_10_M.1.1","Stromal Cell Type II"
"670","A13.MAA000891.3_10_M.1.1","Stromal Cell Type II"
"671","C1.MAA000891.3_10_M.1.1","Stromal Cell Type I"
"672","E19.MAA000891.3_10_M.1.1","Dendritic Cells"
"673","A14.MAA000891.3_10_M.1.1","Stromal Cell Type IV"
"674","A15.MAA000891.3_10_M.1.1","Endothelial Cell Type I"
"675","C13.MAA000891.3_10_M.1.1","Stromal Cell Type II"
"676","C14.MAA000891.3_10_M.1.1","Stromal Cell Type II"
"677","A17.MAA000891.3_10_M.1.1","Endothelial Cell Type III"
"678","C18.MAA000891.3_10_M.1.1","Endothelial Cell Type I"
"679","F1.MAA000891.3_10_M.1.1","Stromal Cell Type I"
"680","A18.MAA000891.3_10_M.1.1","Endothelial Cell Type III"
"681","C19.MAA000891.3_10_M.1.1","Monocytes"
"682","A19.MAA000891.3_10_M.1.1","Monocytes"
"683","C20.MAA000891.3_10_M.1.1","Dendritic Cells"
"684","F13.MAA000891.3_10_M.1.1","Stromal Cell Type III"
"685","C21.MAA000891.3_10_M.1.1","Natural Killer Cells"
"686","A20.MAA000891.3_10_M.1.1","Alveolar Macrophages"
"687","A21.MAA000891.3_10_M.1.1","B Cells"
"688","A22.MAA000891.3_10_M.1.1","T Cells"
"689","D4.MAA000891.3_10_M.1.1","Ciliated Cells"
"690","B9.MAA000891.3_10_M.1.1","Stromal Cell Type I"
"691","B11.MAA000891.3_10_M.1.1","Stromal Cell Type II"
"692","D18.MAA000891.3_10_M.1.1","Stromal Cell Type IV"
"693","B12.MAA000891.3_10_M.1.1","Stromal Cell Type II"
"694","D19.MAA000891.3_10_M.1.1","Monocytes"
"695","D20.MAA000891.3_10_M.1.1","Dendritic Cells"
"696","I19.MAA000891.3_10_M.1.1","Monocytes"
"697","L5.MAA000891.3_10_M.1.1","Endothelial Cell Type IV"
"698","N4.MAA000891.3_10_M.1.1","Endothelial Cell Type I"
"699","P10.MAA000891.3_10_M.1.1","Stromal Cell Type II"
"700","B13.MAA000891.3_10_M.1.1","Stromal Cell Type II"
"701","G11.MAA000891.3_10_M.1.1","Stromal Cell Type II"
"702","I20.MAA000891.3_10_M.1.1","Monocytes"
"703","L6.MAA000891.3_10_M.1.1","Endothelial Cell Type IV"
"704","P11.MAA000891.3_10_M.1.1","Stromal Cell Type IV"
"705","G12.MAA000891.3_10_M.1.1","Stromal Cell Type II"
"706","I21.MAA000891.3_10_M.1.1","Unknown Immune I"
"707","L10.MAA000891.3_10_M.1.1","Stromal Cell Type IV"
"708","N6.MAA000891.3_10_M.1.1","Endothelial Cell Type I"
"709","G14.MAA000891.3_10_M.1.1","Stromal Cell Type III"
"710","I22.MAA000891.3_10_M.1.1","Unknown Immune I"
"711","L19.MAA000891.3_10_M.1.1","Monocytes"
"712","N17.MAA000891.3_10_M.1.1","Stromal Cell Type III"
"713","P17.MAA000891.3_10_M.1.1","Endothelial Cell Type III"
"714","G19.MAA000891.3_10_M.1.1","Alveolar Macrophages"
"715","J1.MAA000891.3_10_M.1.1","Stromal Cell Type I"
"716","L20.MAA000891.3_10_M.1.1","Monocytes"
"717","N19.MAA000891.3_10_M.1.1","Dendritic Cells"
"718","P19.MAA000891.3_10_M.1.1","Monocytes"
"719","P20.MAA000891.3_10_M.1.1","Dendritic Cells"
"720","J2.MAA000891.3_10_M.1.1","Stromal Cell Type I"
"721","L21.MAA000891.3_10_M.1.1","Natural Killer Cells"
"722","J18.MAA000891.3_10_M.1.1","Endothelial Cell Type I"
"723","L22.MAA000891.3_10_M.1.1","Dendritic Cells"
"724","N21.MAA000891.3_10_M.1.1","Dendritic Cells"
"725","P21.MAA000891.3_10_M.1.1","B Cells"
"726","M1.MAA000891.3_10_M.1.1","Stromal Cell Type I"
"727","J19.MAA000891.3_10_M.1.1","Monocytes"
"728","P22.MAA000891.3_10_M.1.1","Unknown Immune I"
"729","N22.MAA000891.3_10_M.1.1","Unknown Immune I"
"730","O1.MAA000891.3_10_M.1.1","Stromal Cell Type I"
"731","J21.MAA000891.3_10_M.1.1","Natural Killer Cells"
"732","M3.MAA000891.3_10_M.1.1","Aveolar Epithelial Cell Type II"
"733","J22.MAA000891.3_10_M.1.1","T Cells"
"734","M4.MAA000891.3_10_M.1.1","Aveolar Epithelial Cell Type II"
"735","O5.MAA000891.3_10_M.1.1","Endothelial Cell Type I"
"736","O6.MAA000891.3_10_M.1.1","Endothelial Cell Type III"
"737","H4.MAA000891.3_10_M.1.1","Endothelial Cell Type IV"
"738","H5.MAA000891.3_10_M.1.1","Endothelial Cell Type III"
"739","K3.MAA000891.3_10_M.1.1","Aveolar Epithelial Cell Type II"
"740","M6.MAA000891.3_10_M.1.1","Endothelial Cell Type I"
"741","O7.MAA000891.3_10_M.1.1","Endothelial Cell Type I"
"742","O13.MAA000891.3_10_M.1.1","Stromal Cell Type III"
"743","H6.MAA000891.3_10_M.1.1","Endothelial Cell Type III"
"744","M12.MAA000891.3_10_M.1.1","Stromal Cell Type II"
"745","H14.MAA000891.3_10_M.1.1","Stromal Cell Type II"
"746","K6.MAA000891.3_10_M.1.1","Endothelial Cell Type IV"
"747","K10.MAA000891.3_10_M.1.1","Stromal Cell Type II"
"748","M13.MAA000891.3_10_M.1.1","Stromal Cell Type II"
"749","O19.MAA000891.3_10_M.1.1","Dendritic Cells"
"750","O20.MAA000891.3_10_M.1.1","Endothelial Cell Type I"
"751","F18.MAA000891.3_10_M.1.1","Endothelial Cell Type III"
"752","K11.MAA000891.3_10_M.1.1","Stromal Cell Type II"
"753","F19.MAA000891.3_10_M.1.1","Monocytes"
"754","H20.MAA000891.3_10_M.1.1","Dendritic Cells"
"755","K12.MAA000891.3_10_M.1.1","Stromal Cell Type II"
"756","F20.MAA000891.3_10_M.1.1","Dendritic Cells"
"757","H21.MAA000891.3_10_M.1.1","T Cells"
"758","K18.MAA000891.3_10_M.1.1","Endothelial Cell Type I"
"759","M18.MAA000891.3_10_M.1.1","Stromal Cell Type IV"
"760","O22.MAA000891.3_10_M.1.1","T Cells"
"761","F21.MAA000891.3_10_M.1.1","Natural Killer Cells"
"762","H22.MAA000891.3_10_M.1.1","Dendritic Cells"
"763","K19.MAA000891.3_10_M.1.1","Dendritic Cells"
"764","M19.MAA000891.3_10_M.1.1","Monocytes"
"765","P1.MAA000891.3_10_M.1.1","Stromal Cell Type I"
"766","F22.MAA000891.3_10_M.1.1","Natural Killer Cells"
"767","P2.MAA000891.3_10_M.1.1","Stromal Cell Type I"
"768","I2.MAA000891.3_10_M.1.1","Stromal Cell Type I"
"769","K21.MAA000891.3_10_M.1.1","Natural Killer Cells"
"770","M21.MAA000891.3_10_M.1.1","Endothelial Cell Type I"
"771","I5.MAA000891.3_10_M.1.1","Aveolar Epithelial Cell Type II"
"772","N1.MAA000891.3_10_M.1.1","Stromal Cell Type I"
"773","P5.MAA000891.3_10_M.1.1","Endothelial Cell Type I"
"774","G2.MAA000891.3_10_M.1.1","Endothelial Cell Type I"
"775","I13.MAA000891.3_10_M.1.1","Stromal Cell Type II"
"776","L1.MAA000891.3_10_M.1.1","Stromal Cell Type V"
"777","N2.MAA000891.3_10_M.1.1","Stromal Cell Type I"
"778","B9.MAA001847.3_39_F.1.1","Remaining Epithelial Cells"
"779","D9.MAA001847.3_39_F.1.1","Aveolar Epithelial Cell Type II"
"780","B16.MAA001847.3_39_F.1.1","Stromal Cell Type I"
"781","D10.MAA001847.3_39_F.1.1","Stromal Cell Type I"
"782","B17.MAA001847.3_39_F.1.1","Stromal Cell Type I"
"783","D15.MAA001847.3_39_F.1.1","Stromal Cell Type I"
"784","B18.MAA001847.3_39_F.1.1","T Cells"
"785","D16.MAA001847.3_39_F.1.1","Stromal Cell Type I"
"786","B21.MAA001847.3_39_F.1.1","B Cells"
"787","D19.MAA001847.3_39_F.1.1","Endothelial Cell Type I"
"788","A1.MAA001847.3_39_F.1.1","Endothelial Cell Type I"
"789","B22.MAA001847.3_39_F.1.1","Monocytes"
"790","E2.MAA001847.3_39_F.1.1","Interstital Macrophages"
"791","E5.MAA001847.3_39_F.1.1","Interstital Macrophages"
"792","A2.MAA001847.3_39_F.1.1","B Cells"
"793","C1.MAA001847.3_39_F.1.1","Aveolar Epithelial Cell Type II"
"794","E9.MAA001847.3_39_F.1.1","Aveolar Epithelial Cell Type II"
"795","A4.MAA001847.3_39_F.1.1","Aveolar Epithelial Cell Type II"
"796","C2.MAA001847.3_39_F.1.1","Aveolar Epithelial Cell Type II"
"797","A5.MAA001847.3_39_F.1.1","Endothelial Cell Type I"
"798","C3.MAA001847.3_39_F.1.1","Aveolar Epithelial Cell Type II"
"799","E12.MAA001847.3_39_F.1.1","Stromal Cell Type I"
"800","A6.MAA001847.3_39_F.1.1","Aveolar Epithelial Cell Type II"
"801","C4.MAA001847.3_39_F.1.1","Club Cells"
"802","E14.MAA001847.3_39_F.1.1","Stromal Cell Type I"
"803","A7.MAA001847.3_39_F.1.1","Aveolar Epithelial Cell Type II"
"804","C5.MAA001847.3_39_F.1.1","Interstital Macrophages"
"805","E15.MAA001847.3_39_F.1.1","Stromal Cell Type I"
"806","C6.MAA001847.3_39_F.1.1","Aveolar Epithelial Cell Type II"
"807","E16.MAA001847.3_39_F.1.1","Stromal Cell Type V"
"808","A9.MAA001847.3_39_F.1.1","Aveolar Epithelial Cell Type II"
"809","C8.MAA001847.3_39_F.1.1","Aveolar Epithelial Cell Type II"
"810","E17.MAA001847.3_39_F.1.1","Stromal Cell Type I"
"811","A10.MAA001847.3_39_F.1.1","Stromal Cell Type V"
"812","C11.MAA001847.3_39_F.1.1","Stromal Cell Type IV"
"813","A16.MAA001847.3_39_F.1.1","Stromal Cell Type I"
"814","C14.MAA001847.3_39_F.1.1","Stromal Cell Type I"
"815","E18.MAA001847.3_39_F.1.1","Monocytes"
"816","E19.MAA001847.3_39_F.1.1","Endothelial Cell Type IV"
"817","C16.MAA001847.3_39_F.1.1","Stromal Cell Type II"
"818","F1.MAA001847.3_39_F.1.1","Interstital Macrophages"
"819","A19.MAA001847.3_39_F.1.1","Monocytes"
"820","C18.MAA001847.3_39_F.1.1","Monocytes"
"821","C19.MAA001847.3_39_F.1.1","Monocytes"
"822","B1.MAA001847.3_39_F.1.1","Endothelial Cell Type I"
"823","C21.MAA001847.3_39_F.1.1","Stromal Cell Type IV"
"824","B2.MAA001847.3_39_F.1.1","T Cells"
"825","D1.MAA001847.3_39_F.1.1","Endothelial Cell Type I"
"826","B3.MAA001847.3_39_F.1.1","Aveolar Epithelial Cell Type II"
"827","D2.MAA001847.3_39_F.1.1","Interstital Macrophages"
"828","B4.MAA001847.3_39_F.1.1","Aveolar Epithelial Cell Type II"
"829","D4.MAA001847.3_39_F.1.1","Aveolar Epithelial Cell Type II"
"830","B5.MAA001847.3_39_F.1.1","Interstital Macrophages"
"831","D5.MAA001847.3_39_F.1.1","Interstital Macrophages"
"832","B6.MAA001847.3_39_F.1.1","Interstital Macrophages"
"833","D8.MAA001847.3_39_F.1.1","Ciliated Cells"
"834","M14.MAA001847.3_39_F.1.1","Stromal Cell Type I"
"835","N22.MAA001847.3_39_F.1.1","B Cells"
"836","P6.MAA001847.3_39_F.1.1","Aveolar Epithelial Cell Type II"
"837","F13.MAA001847.3_39_F.1.1","Stromal Cell Type I"
"838","H6.MAA001847.3_39_F.1.1","Alveolar Epithelial Cell Type I"
"839","I19.MAA001847.3_39_F.1.1","T Cells"
"840","K14.MAA001847.3_39_F.1.1","Stromal Cell Type I"
"841","I21.MAA001847.3_39_F.1.1","Natural Killer Cells"
"842","K16.MAA001847.3_39_F.1.1","Stromal Cell Type I"
"843","M15.MAA001847.3_39_F.1.1","Stromal Cell Type I"
"844","O1.MAA001847.3_39_F.1.1","Aveolar Epithelial Cell Type II"
"845","P8.MAA001847.3_39_F.1.1","Remaining Epithelial Cells"
"846","F15.MAA001847.3_39_F.1.1","Stromal Cell Type I"
"847","H8.MAA001847.3_39_F.1.1","Alveolar Macrophages"
"848","I22.MAA001847.3_39_F.1.1","T Cells"
"849","K17.MAA001847.3_39_F.1.1","Stromal Cell Type V"
"850","M17.MAA001847.3_39_F.1.1","Stromal Cell Type I"
"851","O2.MAA001847.3_39_F.1.1","Interstital Macrophages"
"852","P9.MAA001847.3_39_F.1.1","Aveolar Epithelial Cell Type II"
"853","F16.MAA001847.3_39_F.1.1","Stromal Cell Type I"
"854","H9.MAA001847.3_39_F.1.1","Aveolar Epithelial Cell Type II"
"855","F17.MAA001847.3_39_F.1.1","Stromal Cell Type I"
"856","H10.MAA001847.3_39_F.1.1","Stromal Cell Type I"
"857","J1.MAA001847.3_39_F.1.1","Endothelial Cell Type I"
"858","K20.MAA001847.3_39_F.1.1","Unknown Immune I"
"859","M18.MAA001847.3_39_F.1.1","Stromal Cell Type I"
"860","O3.MAA001847.3_39_F.1.1","Aveolar Epithelial Cell Type II"
"861","P10.MAA001847.3_39_F.1.1","Stromal Cell Type I"
"862","G1.MAA001847.3_39_F.1.1","Remaining Epithelial Cells"
"863","H13.MAA001847.3_39_F.1.1","Stromal Cell Type I"
"864","J2.MAA001847.3_39_F.1.1","B Cells"
"865","K21.MAA001847.3_39_F.1.1","Monocytes"
"866","M19.MAA001847.3_39_F.1.1","B Cells"
"867","O4.MAA001847.3_39_F.1.1","Aveolar Epithelial Cell Type II"
"868","G3.MAA001847.3_39_F.1.1","Interstital Macrophages"
"869","H14.MAA001847.3_39_F.1.1","Stromal Cell Type I"
"870","J4.MAA001847.3_39_F.1.1","Remaining Epithelial Cells"
"871","L4.MAA001847.3_39_F.1.1","Aveolar Epithelial Cell Type II"
"872","M20.MAA001847.3_39_F.1.1","Endothelial Cell Type I"
"873","O5.MAA001847.3_39_F.1.1","Alveolar Macrophages"
"874","P16.MAA001847.3_39_F.1.1","Stromal Cell Type I"
"875","O6.MAA001847.3_39_F.1.1","Aveolar Epithelial Cell Type II"
"876","P17.MAA001847.3_39_F.1.1","Stromal Cell Type I"
"877","G4.MAA001847.3_39_F.1.1","Endothelial Cell Type I"
"878","H16.MAA001847.3_39_F.1.1","Stromal Cell Type I"
"879","J5.MAA001847.3_39_F.1.1","Endothelial Cell Type I"
"880","L7.MAA001847.3_39_F.1.1","Alveolar Macrophages"
"881","M22.MAA001847.3_39_F.1.1","Endothelial Cell Type I"
"882","O7.MAA001847.3_39_F.1.1","Aveolar Epithelial Cell Type II"
"883","P18.MAA001847.3_39_F.1.1","Dendritic Cells"
"884","G5.MAA001847.3_39_F.1.1","Interstital Macrophages"
"885","H17.MAA001847.3_39_F.1.1","Stromal Cell Type I"
"886","J7.MAA001847.3_39_F.1.1","Endothelial Cell Type I"
"887","L8.MAA001847.3_39_F.1.1","Aveolar Epithelial Cell Type II"
"888","N2.MAA001847.3_39_F.1.1","Aveolar Epithelial Cell Type II"
"889","G6.MAA001847.3_39_F.1.1","Interstital Macrophages"
"890","H20.MAA001847.3_39_F.1.1","B Cells"
"891","G8.MAA001847.3_39_F.1.1","B Cells"
"892","H21.MAA001847.3_39_F.1.1","T Cells"
"893","J10.MAA001847.3_39_F.1.1","Stromal Cell Type I"
"894","L12.MAA001847.3_39_F.1.1","Stromal Cell Type I"
"895","N4.MAA001847.3_39_F.1.1","Aveolar Epithelial Cell Type II"
"896","O9.MAA001847.3_39_F.1.1","Interstital Macrophages"
"897","P19.MAA001847.3_39_F.1.1","B Cells"
"898","J11.MAA001847.3_39_F.1.1","Stromal Cell Type I"
"899","L13.MAA001847.3_39_F.1.1","Stromal Cell Type I"
"900","G9.MAA001847.3_39_F.1.1","Club Cells"
"901","N5.MAA001847.3_39_F.1.1","Interstital Macrophages"
"902","O10.MAA001847.3_39_F.1.1","Stromal Cell Type II"
"903","P20.MAA001847.3_39_F.1.1","T Cells"
"904","I1.MAA001847.3_39_F.1.1","T Cells"
"905","N6.MAA001847.3_39_F.1.1","Interstital Macrophages"
"906","O11.MAA001847.3_39_F.1.1","Stromal Cell Type I"
"907","J14.MAA001847.3_39_F.1.1","Stromal Cell Type I"
"908","L14.MAA001847.3_39_F.1.1","Stromal Cell Type I"
"909","G10.MAA001847.3_39_F.1.1","Stromal Cell Type I"
"910","I2.MAA001847.3_39_F.1.1","Interstital Macrophages"
"911","J16.MAA001847.3_39_F.1.1","Stromal Cell Type II"
"912","L15.MAA001847.3_39_F.1.1","Stromal Cell Type I"
"913","O13.MAA001847.3_39_F.1.1","Stromal Cell Type III"
"914","N7.MAA001847.3_39_F.1.1","Alveolar Macrophages"
"915","G12.MAA001847.3_39_F.1.1","Stromal Cell Type I"
"916","O14.MAA001847.3_39_F.1.1","Stromal Cell Type I"
"917","I4.MAA001847.3_39_F.1.1","Interstital Macrophages"
"918","J17.MAA001847.3_39_F.1.1","Stromal Cell Type I"
"919","L17.MAA001847.3_39_F.1.1","Stromal Cell Type I"
"920","N8.MAA001847.3_39_F.1.1","Club Cells"
"921","G13.MAA001847.3_39_F.1.1","Stromal Cell Type I"
"922","I6.MAA001847.3_39_F.1.1","Aveolar Epithelial Cell Type II"
"923","J20.MAA001847.3_39_F.1.1","B Cells"
"924","L19.MAA001847.3_39_F.1.1","Monocytes"
"925","N9.MAA001847.3_39_F.1.1","B Cells"
"926","O16.MAA001847.3_39_F.1.1","Stromal Cell Type III"
"927","G14.MAA001847.3_39_F.1.1","Endothelial Cell Type I"
"928","I7.MAA001847.3_39_F.1.1","Aveolar Epithelial Cell Type II"
"929","J21.MAA001847.3_39_F.1.1","T Cells"
"930","L21.MAA001847.3_39_F.1.1","Natural Killer Cells"
"931","N10.MAA001847.3_39_F.1.1","Stromal Cell Type I"
"932","O17.MAA001847.3_39_F.1.1","Stromal Cell Type I"
"933","G16.MAA001847.3_39_F.1.1","Stromal Cell Type I"
"934","O19.MAA001847.3_39_F.1.1","Endothelial Cell Type I"
"935","I8.MAA001847.3_39_F.1.1","Interstital Macrophages"
"936","J22.MAA001847.3_39_F.1.1","T Cells"
"937","L22.MAA001847.3_39_F.1.1","T Cells"
"938","N11.MAA001847.3_39_F.1.1","Stromal Cell Type I"
"939","G17.MAA001847.3_39_F.1.1","Stromal Cell Type I"
"940","I9.MAA001847.3_39_F.1.1","Aveolar Epithelial Cell Type II"
"941","M1.MAA001847.3_39_F.1.1","Natural Killer Cells"
"942","F4.MAA001847.3_39_F.1.1","Aveolar Epithelial Cell Type II"
"943","G18.MAA001847.3_39_F.1.1","Endothelial Cell Type II"
"944","I10.MAA001847.3_39_F.1.1","Stromal Cell Type I"
"945","K4.MAA001847.3_39_F.1.1","Interstital Macrophages"
"946","M2.MAA001847.3_39_F.1.1","Interstital Macrophages"
"947","N13.MAA001847.3_39_F.1.1","Stromal Cell Type I"
"948","N12.MAA001847.3_39_F.1.1","Stromal Cell Type I"
"949","O21.MAA001847.3_39_F.1.1","Natural Killer Cells"
"950","O20.MAA001847.3_39_F.1.1","Unknown Immune I"
"951","G21.MAA001847.3_39_F.1.1","B Cells"
"952","I11.MAA001847.3_39_F.1.1","Stromal Cell Type I"
"953","K5.MAA001847.3_39_F.1.1","Interstital Macrophages"
"954","M3.MAA001847.3_39_F.1.1","Ciliated Cells"
"955","N15.MAA001847.3_39_F.1.1","Stromal Cell Type I"
"956","F5.MAA001847.3_39_F.1.1","Interstital Macrophages"
"957","I12.MAA001847.3_39_F.1.1","Stromal Cell Type I"
"958","K6.MAA001847.3_39_F.1.1","Aveolar Epithelial Cell Type II"
"959","M5.MAA001847.3_39_F.1.1","Interstital Macrophages"
"960","N16.MAA001847.3_39_F.1.1","Stromal Cell Type V"
"961","F7.MAA001847.3_39_F.1.1","Interstital Macrophages"
"962","G22.MAA001847.3_39_F.1.1","Natural Killer Cells"
"963","P2.MAA001847.3_39_F.1.1","Aveolar Epithelial Cell Type II"
"964","F8.MAA001847.3_39_F.1.1","Interstital Macrophages"
"965","H1.MAA001847.3_39_F.1.1","Interstital Macrophages"
"966","I14.MAA001847.3_39_F.1.1","Stromal Cell Type I"
"967","K7.MAA001847.3_39_F.1.1","Interstital Macrophages"
"968","M7.MAA001847.3_39_F.1.1","B Cells"
"969","N17.MAA001847.3_39_F.1.1","Stromal Cell Type I"
"970","F10.MAA001847.3_39_F.1.1","Stromal Cell Type I"
"971","N18.MAA001847.3_39_F.1.1","T Cells"
"972","P3.MAA001847.3_39_F.1.1","Interstital Macrophages"
"973","F11.MAA001847.3_39_F.1.1","Stromal Cell Type I"
"974","H3.MAA001847.3_39_F.1.1","Aveolar Epithelial Cell Type II"
"975","I15.MAA001847.3_39_F.1.1","Stromal Cell Type I"
"976","K11.MAA001847.3_39_F.1.1","Stromal Cell Type I"
"977","M8.MAA001847.3_39_F.1.1","Ciliated Cells"
"978","H4.MAA001847.3_39_F.1.1","Endothelial Cell Type I"
"979","I16.MAA001847.3_39_F.1.1","Stromal Cell Type I"
"980","K12.MAA001847.3_39_F.1.1","Stromal Cell Type I"
"981","M10.MAA001847.3_39_F.1.1","Stromal Cell Type I"
"982","N20.MAA001847.3_39_F.1.1","T Cells"
"983","P4.MAA001847.3_39_F.1.1","B Cells"
"984","K13.MAA001847.3_39_F.1.1","Stromal Cell Type I"
"985","M11.MAA001847.3_39_F.1.1","Stromal Cell Type I"
"986","N21.MAA001847.3_39_F.1.1","B Cells"
"987","P5.MAA001847.3_39_F.1.1","Aveolar Epithelial Cell Type II"
"988","F12.MAA001847.3_39_F.1.1","Stromal Cell Type I"
"989","H5.MAA001847.3_39_F.1.1","Club Cells"
"990","I17.MAA001847.3_39_F.1.1","Stromal Cell Type I"
"991","A4.MAA001889.3_38_F.1.1","T Cells"
"992","B5.MAA001889.3_38_F.1.1","Alveolar Macrophages"
"993","C7.MAA001889.3_38_F.1.1","Endothelial Cell Type I"
"994","A5.MAA001889.3_38_F.1.1","Endothelial Cell Type I"
"995","A6.MAA001889.3_38_F.1.1","Natural Killer Cells"
"996","C11.MAA001889.3_38_F.1.1","Stromal Cell Type IV"
"997","B10.MAA001889.3_38_F.1.1","Interstital Macrophages"
"998","A10.MAA001889.3_38_F.1.1","Interstital Macrophages"
"999","A14.MAA001889.3_38_F.1.1","T Cells"
"1000","A16.MAA001889.3_38_F.1.1","Interstital Macrophages"
"1001","B20.MAA001889.3_38_F.1.1","Stromal Cell Type I"
"1002","C2.MAA001889.3_38_F.1.1","Natural Killer Cells"
"1003","C3.MAA001889.3_38_F.1.1","T Cells"
"1004","B2.MAA001889.3_38_F.1.1","B Cells"
"1005","A1.MAA001889.3_38_F.1.1","Stromal Cell Type I"
"1006","B3.MAA001889.3_38_F.1.1","Endothelial Cell Type I"
"1007","C5.MAA001889.3_38_F.1.1","T Cells"
"1008","C4.MAA001889.3_38_F.1.1","B Cells"
"1009","B4.MAA001889.3_38_F.1.1","Endothelial Cell Type I"
"1010","H5.MAA001889.3_38_F.1.1","Monocytes"
"1011","I9.MAA001889.3_38_F.1.1","Unknown Immune I"
"1012","K17.MAA001889.3_38_F.1.1","Remaining Epithelial Cells"
"1013","F22.MAA001889.3_38_F.1.1","Stromal Cell Type I"
"1014","H6.MAA001889.3_38_F.1.1","Stromal Cell Type I"
"1015","I10.MAA001889.3_38_F.1.1","Aveolar Epithelial Cell Type II"
"1016","K18.MAA001889.3_38_F.1.1","Stromal Cell Type I"
"1017","N4.MAA001889.3_38_F.1.1","Natural Killer Cells"
"1018","O9.MAA001889.3_38_F.1.1","Stromal Cell Type I"
"1019","O8.MAA001889.3_38_F.1.1","Natural Killer Cells"
"1020","P12.MAA001889.3_38_F.1.1","Stromal Cell Type IV"
"1021","D11.MAA001889.3_38_F.1.1","Endothelial Cell Type II"
"1022","G2.MAA001889.3_38_F.1.1","Interstital Macrophages"
"1023","H7.MAA001889.3_38_F.1.1","Unknown Immune I"
"1024","I11.MAA001889.3_38_F.1.1","Ciliated Cells"
"1025","J13.MAA001889.3_38_F.1.1","Interstital Macrophages"
"1026","M1.MAA001889.3_38_F.1.1","T Cells"
"1027","N5.MAA001889.3_38_F.1.1","Endothelial Cell Type I"
"1028","P14.MAA001889.3_38_F.1.1","T Cells"
"1029","M2.MAA001889.3_38_F.1.1","Interstital Macrophages"
"1030","N6.MAA001889.3_38_F.1.1","Unknown Immune I"
"1031","O11.MAA001889.3_38_F.1.1","Interstital Macrophages"
"1032","P15.MAA001889.3_38_F.1.1","Endothelial Cell Type I"
"1033","D14.MAA001889.3_38_F.1.1","Aveolar Epithelial Cell Type II"
"1034","D13.MAA001889.3_38_F.1.1","Aveolar Epithelial Cell Type II"
"1035","G5.MAA001889.3_38_F.1.1","Natural Killer Cells"
"1036","H8.MAA001889.3_38_F.1.1","Endothelial Cell Type I"
"1037","I12.MAA001889.3_38_F.1.1","Alveolar Macrophages"
"1038","O12.MAA001889.3_38_F.1.1","Interstital Macrophages"
"1039","F1.MAA001889.3_38_F.1.1","Endothelial Cell Type I"
"1040","H9.MAA001889.3_38_F.1.1","T Cells"
"1041","H10.MAA001889.3_38_F.1.1","Aveolar Epithelial Cell Type II"
"1042","I13.MAA001889.3_38_F.1.1","Endothelial Cell Type I"
"1043","J15.MAA001889.3_38_F.1.1","Aveolar Epithelial Cell Type II"
"1044","K22.MAA001889.3_38_F.1.1","Stromal Cell Type I"
"1045","M5.MAA001889.3_38_F.1.1","Endothelial Cell Type II"
"1046","N7.MAA001889.3_38_F.1.1","Monocytes"
"1047","J16.MAA001889.3_38_F.1.1","Aveolar Epithelial Cell Type II"
"1048","F2.MAA001889.3_38_F.1.1","Dendritic Cells"
"1049","G8.MAA001889.3_38_F.1.1","Monocytes"
"1050","J17.MAA001889.3_38_F.1.1","Endothelial Cell Type I"
"1051","L2.MAA001889.3_38_F.1.1","Endothelial Cell Type I"
"1052","M7.MAA001889.3_38_F.1.1","Natural Killer Cells"
"1053","L1.MAA001889.3_38_F.1.1","Endothelial Cell Type I"
"1054","N9.MAA001889.3_38_F.1.1","Unknown Immune I"
"1055","O14.MAA001889.3_38_F.1.1","T Cells"
"1056","P18.MAA001889.3_38_F.1.1","Stromal Cell Type I"
"1057","N8.MAA001889.3_38_F.1.1","Natural Killer Cells"
"1058","P17.MAA001889.3_38_F.1.1","Interstital Macrophages"
"1059","H12.MAA001889.3_38_F.1.1","Aveolar Epithelial Cell Type II"
"1060","I16.MAA001889.3_38_F.1.1","Remaining Epithelial Cells"
"1061","L3.MAA001889.3_38_F.1.1","Endothelial Cell Type I"
"1062","M8.MAA001889.3_38_F.1.1","Monocytes"
"1063","N10.MAA001889.3_38_F.1.1","Endothelial Cell Type I"
"1064","O15.MAA001889.3_38_F.1.1","B Cells"
"1065","N11.MAA001889.3_38_F.1.1","Interstital Macrophages"
"1066","O16.MAA001889.3_38_F.1.1","Interstital Macrophages"
"1067","C15.MAA001889.3_38_F.1.1","Club Cells"
"1068","F5.MAA001889.3_38_F.1.1","Natural Killer Cells"
"1069","L4.MAA001889.3_38_F.1.1","Endothelial Cell Type I"
"1070","P22.MAA001889.3_38_F.1.1","Stromal Cell Type I"
"1071","F6.MAA001889.3_38_F.1.1","Dendritic Cells"
"1072","G12.MAA001889.3_38_F.1.1","Alveolar Macrophages"
"1073","H14.MAA001889.3_38_F.1.1","Interstital Macrophages"
"1074","H15.MAA001889.3_38_F.1.1","Aveolar Epithelial Cell Type II"
"1075","L5.MAA001889.3_38_F.1.1","B Cells"
"1076","M10.MAA001889.3_38_F.1.1","T Cells"
"1077","C19.MAA001889.3_38_F.1.1","Stromal Cell Type II"
"1078","G13.MAA001889.3_38_F.1.1","Neuroendocrine Cells"
"1079","L7.MAA001889.3_38_F.1.1","Stromal Cell Type I"
"1080","M12.MAA001889.3_38_F.1.1","Endothelial Cell Type I"
"1081","L6.MAA001889.3_38_F.1.1","T Cells"
"1082","O19.MAA001889.3_38_F.1.1","Stromal Cell Type V"
"1083","N13.MAA001889.3_38_F.1.1","Aveolar Epithelial Cell Type II"
"1084","G14.MAA001889.3_38_F.1.1","Aveolar Epithelial Cell Type II"
"1085","K5.MAA001889.3_38_F.1.1","Stromal Cell Type I"
"1086","L8.MAA001889.3_38_F.1.1","Endothelial Cell Type I"
"1087","N15.MAA001889.3_38_F.1.1","Interstital Macrophages"
"1088","O20.MAA001889.3_38_F.1.1","Stromal Cell Type I"
"1089","M14.MAA001889.3_38_F.1.1","Remaining Epithelial Cells"
"1090","N16.MAA001889.3_38_F.1.1","Interstital Macrophages"
"1091","P1.MAA001889.3_38_F.1.1","Natural Killer Cells"
"1092","E7.MAA001889.3_38_F.1.1","B Cells"
"1093","F9.MAA001889.3_38_F.1.1","Dendritic Cells"
"1094","G15.MAA001889.3_38_F.1.1","Stromal Cell Type I"
"1095","L9.MAA001889.3_38_F.1.1","Natural Killer Cells"
"1096","H19.MAA001889.3_38_F.1.1","Stromal Cell Type I"
"1097","E8.MAA001889.3_38_F.1.1","Endothelial Cell Type I"
"1098","J1.MAA001889.3_38_F.1.1","T Cells"
"1099","J2.MAA001889.3_38_F.1.1","B Cells"
"1100","K7.MAA001889.3_38_F.1.1","Monocytes"
"1101","L10.MAA001889.3_38_F.1.1","Aveolar Epithelial Cell Type II"
"1102","P2.MAA001889.3_38_F.1.1","Monocytes"
"1103","D2.MAA001889.3_38_F.1.1","B Cells"
"1104","E9.MAA001889.3_38_F.1.1","Unknown Immune I"
"1105","F12.MAA001889.3_38_F.1.1","Aveolar Epithelial Cell Type II"
"1106","J3.MAA001889.3_38_F.1.1","Natural Killer Cells"
"1107","M17.MAA001889.3_38_F.1.1","T Cells"
"1108","L11.MAA001889.3_38_F.1.1","Aveolar Epithelial Cell Type II"
"1109","N19.MAA001889.3_38_F.1.1","Stromal Cell Type I"
"1110","P4.MAA001889.3_38_F.1.1","Endothelial Cell Type I"
"1111","M16.MAA001889.3_38_F.1.1","Interstital Macrophages"
"1112","P3.MAA001889.3_38_F.1.1","Interstital Macrophages"
"1113","K10.MAA001889.3_38_F.1.1","Aveolar Epithelial Cell Type II"
"1114","L13.MAA001889.3_38_F.1.1","B Cells"
"1115","N20.MAA001889.3_38_F.1.1","Stromal Cell Type I"
"1116","P5.MAA001889.3_38_F.1.1","Interstital Macrophages"
"1117","D3.MAA001889.3_38_F.1.1","Dendritic Cells"
"1118","I1.MAA001889.3_38_F.1.1","Natural Killer Cells"
"1119","L14.MAA001889.3_38_F.1.1","Aveolar Epithelial Cell Type II"
"1120","F14.MAA001889.3_38_F.1.1","Dendritic Cells"
"1121","G20.MAA001889.3_38_F.1.1","Stromal Cell Type I"
"1122","M19.MAA001889.3_38_F.1.1","Stromal Cell Type I"
"1123","E12.MAA001889.3_38_F.1.1","Interstital Macrophages"
"1124","F15.MAA001889.3_38_F.1.1","Interstital Macrophages"
"1125","L15.MAA001889.3_38_F.1.1","Aveolar Epithelial Cell Type II"
"1126","O1.MAA001889.3_38_F.1.1","Monocytes"
"1127","I2.MAA001889.3_38_F.1.1","Interstital Macrophages"
"1128","J6.MAA001889.3_38_F.1.1","Endothelial Cell Type I"
"1129","K12.MAA001889.3_38_F.1.1","T Cells"
"1130","D6.MAA001889.3_38_F.1.1","Unknown Immune I"
"1131","H1.MAA001889.3_38_F.1.1","T Cells"
"1132","I5.MAA001889.3_38_F.1.1","Monocytes"
"1133","K13.MAA001889.3_38_F.1.1","Interstital Macrophages"
"1134","D7.MAA001889.3_38_F.1.1","Endothelial Cell Type IV"
"1135","L16.MAA001889.3_38_F.1.1","B Cells"
"1136","M21.MAA001889.3_38_F.1.1","Stromal Cell Type I"
"1137","O2.MAA001889.3_38_F.1.1","Stromal Cell Type IV"
"1138","P8.MAA001889.3_38_F.1.1","T Cells"
"1139","O5.MAA001889.3_38_F.1.1","Interstital Macrophages"
"1140","P9.MAA001889.3_38_F.1.1","B Cells"
"1141","H2.MAA001889.3_38_F.1.1","Natural Killer Cells"
"1142","D8.MAA001889.3_38_F.1.1","T Cells"
"1143","I6.MAA001889.3_38_F.1.1","Endothelial Cell Type I"
"1144","J8.MAA001889.3_38_F.1.1","Monocytes"
"1145","N1.MAA001889.3_38_F.1.1","Stromal Cell Type I"
"1146","O6.MAA001889.3_38_F.1.1","Dendritic Cells"
"1147","P10.MAA001889.3_38_F.1.1","Interstital Macrophages"
"1148","H3.MAA001889.3_38_F.1.1","Interstital Macrophages"
"1149","H4.MAA001889.3_38_F.1.1","Stromal Cell Type I"
"1150","I8.MAA001889.3_38_F.1.1","Monocytes"
"1151","J10.MAA001889.3_38_F.1.1","Aveolar Epithelial Cell Type II"
"1152","N2.MAA001889.3_38_F.1.1","Stromal Cell Type I"
"1153","O7.MAA001889.3_38_F.1.1","Endothelial Cell Type I"
"1154","A17.MAA001892.3_38_F.1.1","Endothelial Cell Type I"
"1155","C3.MAA001892.3_38_F.1.1","Endothelial Cell Type I"
"1156","A16.MAA001892.3_38_F.1.1","Endothelial Cell Type I"
"1157","C2.MAA001892.3_38_F.1.1","Endothelial Cell Type I"
"1158","A18.MAA001892.3_38_F.1.1","Endothelial Cell Type II"
"1159","C4.MAA001892.3_38_F.1.1","Endothelial Cell Type I"
"1160","A19.MAA001892.3_38_F.1.1","Endothelial Cell Type I"
"1161","C5.MAA001892.3_38_F.1.1","Endothelial Cell Type I"
"1162","A21.MAA001892.3_38_F.1.1","Monocytes"
"1163","A20.MAA001892.3_38_F.1.1","Endothelial Cell Type II"
"1164","C6.MAA001892.3_38_F.1.1","Endothelial Cell Type IV"
"1165","C7.MAA001892.3_38_F.1.1","Endothelial Cell Type II"
"1166","A22.MAA001892.3_38_F.1.1","Dendritic Cells"
"1167","C9.MAA001892.3_38_F.1.1","Endothelial Cell Type II"
"1168","C10.MAA001892.3_38_F.1.1","Endothelial Cell Type I"
"1169","C11.MAA001892.3_38_F.1.1","Endothelial Cell Type I"
"1170","A1.MAA001892.3_38_F.1.1","Endothelial Cell Type I"
"1171","C12.MAA001892.3_38_F.1.1","Endothelial Cell Type I"
"1172","A2.MAA001892.3_38_F.1.1","Endothelial Cell Type I"
"1173","C14.MAA001892.3_38_F.1.1","Endothelial Cell Type I"
"1174","A3.MAA001892.3_38_F.1.1","Endothelial Cell Type I"
"1175","A4.MAA001892.3_38_F.1.1","Endothelial Cell Type I"
"1176","A5.MAA001892.3_38_F.1.1","Endothelial Cell Type I"
"1177","B13.MAA001892.3_38_F.1.1","T Cells"
"1178","A6.MAA001892.3_38_F.1.1","Endothelial Cell Type I"
"1179","B14.MAA001892.3_38_F.1.1","Endothelial Cell Type IV"
"1180","A7.MAA001892.3_38_F.1.1","Endothelial Cell Type IV"
"1181","B15.MAA001892.3_38_F.1.1","Endothelial Cell Type IV"
"1182","A8.MAA001892.3_38_F.1.1","Endothelial Cell Type I"
"1183","B16.MAA001892.3_38_F.1.1","Endothelial Cell Type I"
"1184","A9.MAA001892.3_38_F.1.1","Endothelial Cell Type I"
"1185","A10.MAA001892.3_38_F.1.1","Endothelial Cell Type I"
"1186","B17.MAA001892.3_38_F.1.1","Endothelial Cell Type IV"
"1187","B18.MAA001892.3_38_F.1.1","Endothelial Cell Type I"
"1188","A11.MAA001892.3_38_F.1.1","Endothelial Cell Type II"
"1189","B19.MAA001892.3_38_F.1.1","Endothelial Cell Type I"
"1190","A12.MAA001892.3_38_F.1.1","Endothelial Cell Type I"
"1191","A13.MAA001892.3_38_F.1.1","Endothelial Cell Type IV"
"1192","B21.MAA001892.3_38_F.1.1","B Cells"
"1193","B20.MAA001892.3_38_F.1.1","Endothelial Cell Type I"
"1194","A14.MAA001892.3_38_F.1.1","Endothelial Cell Type I"
"1195","B22.MAA001892.3_38_F.1.1","B Cells"
"1196","C1.MAA001892.3_38_F.1.1","Endothelial Cell Type I"
"1197","D17.MAA001892.3_38_F.1.1","Endothelial Cell Type I"
"1198","F7.MAA001892.3_38_F.1.1","Endothelial Cell Type I"
"1199","G17.MAA001892.3_38_F.1.1","Endothelial Cell Type I"
"1200","N11.MAA001892.3_38_F.1.1","Endothelial Cell Type I"
"1201","P1.MAA001892.3_38_F.1.1","Endothelial Cell Type I"
"1202","D18.MAA001892.3_38_F.1.1","Endothelial Cell Type I"
"1203","J7.MAA001892.3_38_F.1.1","Endothelial Cell Type I"
"1204","K17.MAA001892.3_38_F.1.1","Endothelial Cell Type IV"
"1205","M4.MAA001892.3_38_F.1.1","Endothelial Cell Type II"
"1206","F9.MAA001892.3_38_F.1.1","Endothelial Cell Type I"
"1207","G20.MAA001892.3_38_F.1.1","Endothelial Cell Type IV"
"1208","I3.MAA001892.3_38_F.1.1","Endothelial Cell Type II"
"1209","J9.MAA001892.3_38_F.1.1","Endothelial Cell Type I"
"1210","K18.MAA001892.3_38_F.1.1","Endothelial Cell Type I"
"1211","M6.MAA001892.3_38_F.1.1","Endothelial Cell Type I"
"1212","N12.MAA001892.3_38_F.1.1","Endothelial Cell Type II"
"1213","P3.MAA001892.3_38_F.1.1","Endothelial Cell Type I"
"1214","M7.MAA001892.3_38_F.1.1","Stromal Cell Type I"
"1215","N13.MAA001892.3_38_F.1.1","Endothelial Cell Type I"
"1216","P7.MAA001892.3_38_F.1.1","Endothelial Cell Type II"
"1217","D20.MAA001892.3_38_F.1.1","Endothelial Cell Type I"
"1218","D21.MAA001892.3_38_F.1.1","Monocytes"
"1219","F10.MAA001892.3_38_F.1.1","Endothelial Cell Type I"
"1220","G21.MAA001892.3_38_F.1.1","Endothelial Cell Type I"
"1221","I4.MAA001892.3_38_F.1.1","T Cells"
"1222","J10.MAA001892.3_38_F.1.1","Endothelial Cell Type I"
"1223","K19.MAA001892.3_38_F.1.1","Endothelial Cell Type I"
"1224","P8.MAA001892.3_38_F.1.1","Endothelial Cell Type I"
"1225","F11.MAA001892.3_38_F.1.1","Endothelial Cell Type I"
"1226","H1.MAA001892.3_38_F.1.1","Endothelial Cell Type II"
"1227","I5.MAA001892.3_38_F.1.1","Endothelial Cell Type IV"
"1228","J11.MAA001892.3_38_F.1.1","Endothelial Cell Type IV"
"1229","K20.MAA001892.3_38_F.1.1","Endothelial Cell Type I"
"1230","M8.MAA001892.3_38_F.1.1","Endothelial Cell Type IV"
"1231","N15.MAA001892.3_38_F.1.1","Endothelial Cell Type IV"
"1232","P9.MAA001892.3_38_F.1.1","Endothelial Cell Type III"
"1233","E1.MAA001892.3_38_F.1.1","Endothelial Cell Type I"
"1234","D22.MAA001892.3_38_F.1.1","B Cells"
"1235","F13.MAA001892.3_38_F.1.1","Endothelial Cell Type I"
"1236","H3.MAA001892.3_38_F.1.1","Endothelial Cell Type II"
"1237","I7.MAA001892.3_38_F.1.1","Endothelial Cell Type I"
"1238","F12.MAA001892.3_38_F.1.1","Club Cells"
"1239","I6.MAA001892.3_38_F.1.1","Endothelial Cell Type I"
"1240","J12.MAA001892.3_38_F.1.1","Endothelial Cell Type I"
"1241","L2.MAA001892.3_38_F.1.1","Endothelial Cell Type I"
"1242","M9.MAA001892.3_38_F.1.1","Endothelial Cell Type I"
"1243","N16.MAA001892.3_38_F.1.1","Endothelial Cell Type I"
"1244","J14.MAA001892.3_38_F.1.1","Endothelial Cell Type I"
"1245","E2.MAA001892.3_38_F.1.1","Endothelial Cell Type II"
"1246","F14.MAA001892.3_38_F.1.1","Endothelial Cell Type II"
"1247","H4.MAA001892.3_38_F.1.1","Endothelial Cell Type I"
"1248","I8.MAA001892.3_38_F.1.1","Endothelial Cell Type I"
"1249","J16.MAA001892.3_38_F.1.1","Endothelial Cell Type I"
"1250","L5.MAA001892.3_38_F.1.1","Endothelial Cell Type I"
"1251","M11.MAA001892.3_38_F.1.1","Endothelial Cell Type IV"
"1252","L4.MAA001892.3_38_F.1.1","Endothelial Cell Type IV"
"1253","M10.MAA001892.3_38_F.1.1","Endothelial Cell Type III"
"1254","N17.MAA001892.3_38_F.1.1","Endothelial Cell Type II"
"1255","P10.MAA001892.3_38_F.1.1","Endothelial Cell Type I"
"1256","N18.MAA001892.3_38_F.1.1","Endothelial Cell Type I"
"1257","F15.MAA001892.3_38_F.1.1","Endothelial Cell Type IV"
"1258","H5.MAA001892.3_38_F.1.1","Endothelial Cell Type I"
"1259","I9.MAA001892.3_38_F.1.1","Endothelial Cell Type I"
"1260","J17.MAA001892.3_38_F.1.1","Endothelial Cell Type I"
"1261","L6.MAA001892.3_38_F.1.1","Endothelial Cell Type IV"
"1262","M12.MAA001892.3_38_F.1.1","Endothelial Cell Type IV"
"1263","N21.MAA001892.3_38_F.1.1","Monocytes"
"1264","P11.MAA001892.3_38_F.1.1","Endothelial Cell Type I"
"1265","P12.MAA001892.3_38_F.1.1","Endothelial Cell Type I"
"1266","E4.MAA001892.3_38_F.1.1","Endothelial Cell Type I"
"1267","F17.MAA001892.3_38_F.1.1","Endothelial Cell Type II"
"1268","H6.MAA001892.3_38_F.1.1","Endothelial Cell Type II"
"1269","I10.MAA001892.3_38_F.1.1","Endothelial Cell Type I"
"1270","J18.MAA001892.3_38_F.1.1","Endothelial Cell Type IV"
"1271","L7.MAA001892.3_38_F.1.1","Endothelial Cell Type I"
"1272","M14.MAA001892.3_38_F.1.1","Endothelial Cell Type I"
"1273","O1.MAA001892.3_38_F.1.1","Endothelial Cell Type II"
"1274","E5.MAA001892.3_38_F.1.1","Endothelial Cell Type I"
"1275","F18.MAA001892.3_38_F.1.1","Endothelial Cell Type II"
"1276","H7.MAA001892.3_38_F.1.1","Endothelial Cell Type I"
"1277","I12.MAA001892.3_38_F.1.1","Endothelial Cell Type I"
"1278","J19.MAA001892.3_38_F.1.1","Endothelial Cell Type I"
"1279","L9.MAA001892.3_38_F.1.1","Endothelial Cell Type I"
"1280","M16.MAA001892.3_38_F.1.1","Endothelial Cell Type I"
"1281","P16.MAA001892.3_38_F.1.1","Endothelial Cell Type IV"
"1282","O3.MAA001892.3_38_F.1.1","Endothelial Cell Type I"
"1283","P17.MAA001892.3_38_F.1.1","Endothelial Cell Type II"
"1284","F20.MAA001892.3_38_F.1.1","Endothelial Cell Type I"
"1285","H8.MAA001892.3_38_F.1.1","Endothelial Cell Type I"
"1286","I13.MAA001892.3_38_F.1.1","Endothelial Cell Type I"
"1287","J20.MAA001892.3_38_F.1.1","Endothelial Cell Type I"
"1288","L10.MAA001892.3_38_F.1.1","Endothelial Cell Type I"
"1289","M17.MAA001892.3_38_F.1.1","Endothelial Cell Type I"
"1290","O4.MAA001892.3_38_F.1.1","Endothelial Cell Type I"
"1291","P18.MAA001892.3_38_F.1.1","Endothelial Cell Type I"
"1292","E6.MAA001892.3_38_F.1.1","Endothelial Cell Type II"
"1293","I14.MAA001892.3_38_F.1.1","Endothelial Cell Type I"
"1294","J21.MAA001892.3_38_F.1.1","B Cells"
"1295","L11.MAA001892.3_38_F.1.1","Endothelial Cell Type I"
"1296","M18.MAA001892.3_38_F.1.1","Endothelial Cell Type I"
"1297","O5.MAA001892.3_38_F.1.1","Endothelial Cell Type I"
"1298","P20.MAA001892.3_38_F.1.1","Endothelial Cell Type I"
"1299","E8.MAA001892.3_38_F.1.1","Endothelial Cell Type I"
"1300","F21.MAA001892.3_38_F.1.1","Monocytes"
"1301","H9.MAA001892.3_38_F.1.1","Endothelial Cell Type I"
"1302","H11.MAA001892.3_38_F.1.1","Endothelial Cell Type I"
"1303","I15.MAA001892.3_38_F.1.1","Endothelial Cell Type I"
"1304","K1.MAA001892.3_38_F.1.1","Endothelial Cell Type I"
"1305","L12.MAA001892.3_38_F.1.1","Endothelial Cell Type I"
"1306","M20.MAA001892.3_38_F.1.1","Endothelial Cell Type I"
"1307","O6.MAA001892.3_38_F.1.1","Endothelial Cell Type II"
"1308","P21.MAA001892.3_38_F.1.1","Unknown Immune I"
"1309","C16.MAA001892.3_38_F.1.1","Endothelial Cell Type II"
"1310","E9.MAA001892.3_38_F.1.1","Stromal Cell Type V"
"1311","F22.MAA001892.3_38_F.1.1","B Cells"
"1312","E10.MAA001892.3_38_F.1.1","Stromal Cell Type V"
"1313","G2.MAA001892.3_38_F.1.1","Endothelial Cell Type II"
"1314","H12.MAA001892.3_38_F.1.1","Endothelial Cell Type II"
"1315","I17.MAA001892.3_38_F.1.1","Endothelial Cell Type I"
"1316","L13.MAA001892.3_38_F.1.1","Endothelial Cell Type I"
"1317","M21.MAA001892.3_38_F.1.1","Dendritic Cells"
"1318","O8.MAA001892.3_38_F.1.1","Endothelial Cell Type I"
"1319","C18.MAA001892.3_38_F.1.1","Endothelial Cell Type II"
"1320","E11.MAA001892.3_38_F.1.1","Endothelial Cell Type I"
"1321","H13.MAA001892.3_38_F.1.1","Endothelial Cell Type I"
"1322","E12.MAA001892.3_38_F.1.1","Endothelial Cell Type I"
"1323","G4.MAA001892.3_38_F.1.1","Endothelial Cell Type II"
"1324","H14.MAA001892.3_38_F.1.1","Endothelial Cell Type II"
"1325","I19.MAA001892.3_38_F.1.1","Endothelial Cell Type I"
"1326","K4.MAA001892.3_38_F.1.1","Endothelial Cell Type I"
"1327","L15.MAA001892.3_38_F.1.1","Endothelial Cell Type I"
"1328","N1.MAA001892.3_38_F.1.1","Endothelial Cell Type I"
"1329","O11.MAA001892.3_38_F.1.1","Endothelial Cell Type I"
"1330","O12.MAA001892.3_38_F.1.1","Endothelial Cell Type IV"
"1331","E19.MAA001892.3_38_F.1.1","Endothelial Cell Type I"
"1332","G6.MAA001892.3_38_F.1.1","Endothelial Cell Type I"
"1333","H16.MAA001892.3_38_F.1.1","Endothelial Cell Type II"
"1334","D5.MAA001892.3_38_F.1.1","Stromal Cell Type V"
"1335","D7.MAA001892.3_38_F.1.1","Endothelial Cell Type I"
"1336","E22.MAA001892.3_38_F.1.1","Monocytes"
"1337","G8.MAA001892.3_38_F.1.1","Endothelial Cell Type I"
"1338","H17.MAA001892.3_38_F.1.1","Endothelial Cell Type II"
"1339","I22.MAA001892.3_38_F.1.1","T Cells"
"1340","K9.MAA001892.3_38_F.1.1","Stromal Cell Type V"
"1341","L18.MAA001892.3_38_F.1.1","Endothelial Cell Type I"
"1342","N5.MAA001892.3_38_F.1.1","Endothelial Cell Type I"
"1343","O14.MAA001892.3_38_F.1.1","Endothelial Cell Type I"
"1344","O15.MAA001892.3_38_F.1.1","Endothelial Cell Type I"
"1345","F2.MAA001892.3_38_F.1.1","Stromal Cell Type V"
"1346","G11.MAA001892.3_38_F.1.1","Endothelial Cell Type I"
"1347","H19.MAA001892.3_38_F.1.1","Endothelial Cell Type I"
"1348","D12.MAA001892.3_38_F.1.1","Endothelial Cell Type II"
"1349","O18.MAA001892.3_38_F.1.1","Endothelial Cell Type I"
"1350","D14.MAA001892.3_38_F.1.1","Endothelial Cell Type II"
"1351","F3.MAA001892.3_38_F.1.1","Endothelial Cell Type I"
"1352","G13.MAA001892.3_38_F.1.1","Stromal Cell Type I"
"1353","H20.MAA001892.3_38_F.1.1","Endothelial Cell Type I"
"1354","J4.MAA001892.3_38_F.1.1","Endothelial Cell Type I"
"1355","K14.MAA001892.3_38_F.1.1","Endothelial Cell Type II"
"1356","M1.MAA001892.3_38_F.1.1","Endothelial Cell Type I"
"1357","N8.MAA001892.3_38_F.1.1","Endothelial Cell Type II"
"1358","K15.MAA001892.3_38_F.1.1","Endothelial Cell Type IV"
"1359","D16.MAA001892.3_38_F.1.1","Endothelial Cell Type I"
"1360","M2.MAA001892.3_38_F.1.1","Endothelial Cell Type II"
"1361","N9.MAA001892.3_38_F.1.1","Endothelial Cell Type I"
"1362","O20.MAA001892.3_38_F.1.1","Endothelial Cell Type IV"
"1363","I18.MAA001892.3_38_F.1.1","Endothelial Cell Type I"
"1364","K3.MAA001892.3_38_F.1.1","Endothelial Cell Type I"
"1365","L14.MAA001892.3_38_F.1.1","Endothelial Cell Type I"
"1366","M22.MAA001892.3_38_F.1.1","Unknown Immune I"
"1367","O9.MAA001892.3_38_F.1.1","Endothelial Cell Type I"
"1368","K5.MAA001892.3_38_F.1.1","Endothelial Cell Type I"
"1369","L16.MAA001892.3_38_F.1.1","Endothelial Cell Type I"
"1370","N2.MAA001892.3_38_F.1.1","Endothelial Cell Type I"
"1371","D3.MAA001892.3_38_F.1.1","Endothelial Cell Type II"
"1372","E15.MAA001892.3_38_F.1.1","Endothelial Cell Type II"
"1373","G5.MAA001892.3_38_F.1.1","Endothelial Cell Type I"
"1374","H15.MAA001892.3_38_F.1.1","Endothelial Cell Type I"
"1375","I20.MAA001892.3_38_F.1.1","Endothelial Cell Type I"
"1376","I21.MAA001892.3_38_F.1.1","Monocytes"
"1377","K7.MAA001892.3_38_F.1.1","Endothelial Cell Type I"
"1378","L17.MAA001892.3_38_F.1.1","Endothelial Cell Type IV"
"1379","N3.MAA001892.3_38_F.1.1","Endothelial Cell Type I"
"1380","O13.MAA001892.3_38_F.1.1","Endothelial Cell Type IV"
"1381","K11.MAA001892.3_38_F.1.1","Endothelial Cell Type IV"
"1382","L20.MAA001892.3_38_F.1.1","Endothelial Cell Type IV"
"1383","N6.MAA001892.3_38_F.1.1","Endothelial Cell Type II"
"1384","D11.MAA001892.3_38_F.1.1","Endothelial Cell Type IV"
"1385","F1.MAA001892.3_38_F.1.1","Endothelial Cell Type I"
"1386","G9.MAA001892.3_38_F.1.1","Endothelial Cell Type IV"
"1387","H18.MAA001892.3_38_F.1.1","Endothelial Cell Type IV"
"1388","J1.MAA001892.3_38_F.1.1","Endothelial Cell Type II"
"1389","J3.MAA001892.3_38_F.1.1","Endothelial Cell Type II"
"1390","K12.MAA001892.3_38_F.1.1","Endothelial Cell Type I"
"1391","L21.MAA001892.3_38_F.1.1","T Cells"
"1392","N7.MAA001892.3_38_F.1.1","Endothelial Cell Type II"
"1393","O17.MAA001892.3_38_F.1.1","Endothelial Cell Type IV"
"1394","J5.MAA001892.3_38_F.1.1","Endothelial Cell Type I"
"1395","D15.MAA001892.3_38_F.1.1","Endothelial Cell Type II"
"1396","F4.MAA001892.3_38_F.1.1","Endothelial Cell Type I"
"1397","G14.MAA001892.3_38_F.1.1","Endothelial Cell Type I"
"1398","H21.MAA001892.3_38_F.1.1","Natural Killer Cells"
"1399","F6.MAA001892.3_38_F.1.1","Endothelial Cell Type I"
"1400","G15.MAA001892.3_38_F.1.1","Endothelial Cell Type I"
"1401","H22.MAA001892.3_38_F.1.1","Unknown Immune I"
"1402","J6.MAA001892.3_38_F.1.1","Endothelial Cell Type IV"
"1403","K16.MAA001892.3_38_F.1.1","Endothelial Cell Type I"
"1404","M3.MAA001892.3_38_F.1.1","Endothelial Cell Type I"
"1405","N10.MAA001892.3_38_F.1.1","Endothelial Cell Type I"
"1406","O21.MAA001892.3_38_F.1.1","Dendritic Cells"
"1407","C1.D043522.3_39_F.1.1","Endothelial Cell Type II"
"1408","D10.D043522.3_39_F.1.1","Endothelial Cell Type I"
"1409","E22.D043522.3_39_F.1.1","B Cells"
"1410","G12.D043522.3_39_F.1.1","Endothelial Cell Type I"
"1411","A12.D043522.3_39_F.1.1","Endothelial Cell Type I"
"1412","I4.D043522.3_39_F.1.1","Endothelial Cell Type II"
"1413","C3.D043522.3_39_F.1.1","Endothelial Cell Type I"
"1414","D11.D043522.3_39_F.1.1","Endothelial Cell Type IV"
"1415","F1.D043522.3_39_F.1.1","Endothelial Cell Type I"
"1416","A14.D043522.3_39_F.1.1","Endothelial Cell Type I"
"1417","I8.D043522.3_39_F.1.1","Endothelial Cell Type I"
"1418","G13.D043522.3_39_F.1.1","Endothelial Cell Type II"
"1419","A15.D043522.3_39_F.1.1","Endothelial Cell Type IV"
"1420","C4.D043522.3_39_F.1.1","Endothelial Cell Type I"
"1421","D12.D043522.3_39_F.1.1","Endothelial Cell Type I"
"1422","G14.D043522.3_39_F.1.1","Endothelial Cell Type II"
"1423","I12.D043522.3_39_F.1.1","Endothelial Cell Type IV"
"1424","A16.D043522.3_39_F.1.1","Endothelial Cell Type II"
"1425","C5.D043522.3_39_F.1.1","Endothelial Cell Type II"
"1426","D13.D043522.3_39_F.1.1","Endothelial Cell Type I"
"1427","F3.D043522.3_39_F.1.1","Endothelial Cell Type I"
"1428","G15.D043522.3_39_F.1.1","Endothelial Cell Type I"
"1429","I13.D043522.3_39_F.1.1","Endothelial Cell Type I"
"1430","A17.D043522.3_39_F.1.1","Endothelial Cell Type I"
"1431","C6.D043522.3_39_F.1.1","Endothelial Cell Type I"
"1432","D15.D043522.3_39_F.1.1","Endothelial Cell Type IV"
"1433","F4.D043522.3_39_F.1.1","Endothelial Cell Type II"
"1434","G18.D043522.3_39_F.1.1","Endothelial Cell Type IV"
"1435","I14.D043522.3_39_F.1.1","Endothelial Cell Type I"
"1436","A19.D043522.3_39_F.1.1","Endothelial Cell Type I"
"1437","C7.D043522.3_39_F.1.1","Endothelial Cell Type I"
"1438","D17.D043522.3_39_F.1.1","Endothelial Cell Type IV"
"1439","F5.D043522.3_39_F.1.1","Endothelial Cell Type I"
"1440","G19.D043522.3_39_F.1.1","Endothelial Cell Type IV"
"1441","I15.D043522.3_39_F.1.1","Endothelial Cell Type I"
"1442","A20.D043522.3_39_F.1.1","Monocytes"
"1443","C8.D043522.3_39_F.1.1","Endothelial Cell Type II"
"1444","D20.D043522.3_39_F.1.1","B Cells"
"1445","F6.D043522.3_39_F.1.1","Endothelial Cell Type I"
"1446","I16.D043522.3_39_F.1.1","Endothelial Cell Type I"
"1447","A21.D043522.3_39_F.1.1","B Cells"
"1448","C9.D043522.3_39_F.1.1","Endothelial Cell Type I"
"1449","D21.D043522.3_39_F.1.1","Dendritic Cells"
"1450","F9.D043522.3_39_F.1.1","Endothelial Cell Type IV"
"1451","I19.D043522.3_39_F.1.1","Endothelial Cell Type I"
"1452","A22.D043522.3_39_F.1.1","B Cells"
"1453","C12.D043522.3_39_F.1.1","Endothelial Cell Type I"
"1454","D22.D043522.3_39_F.1.1","Unknown Immune I"
"1455","F10.D043522.3_39_F.1.1","Endothelial Cell Type I"
"1456","G22.D043522.3_39_F.1.1","Dendritic Cells"
"1457","I21.D043522.3_39_F.1.1","Monocytes"
"1458","C13.D043522.3_39_F.1.1","Endothelial Cell Type I"
"1459","E1.D043522.3_39_F.1.1","Endothelial Cell Type I"
"1460","F11.D043522.3_39_F.1.1","Endothelial Cell Type I"
"1461","H2.D043522.3_39_F.1.1","Endothelial Cell Type I"
"1462","E2.D043522.3_39_F.1.1","Endothelial Cell Type IV"
"1463","F15.D043522.3_39_F.1.1","Endothelial Cell Type II"
"1464","H3.D043522.3_39_F.1.1","Endothelial Cell Type I"
"1465","B4.D043522.3_39_F.1.1","Endothelial Cell Type II"
"1466","C14.D043522.3_39_F.1.1","Endothelial Cell Type IV"
"1467","J2.D043522.3_39_F.1.1","Endothelial Cell Type I"
"1468","B5.D043522.3_39_F.1.1","Endothelial Cell Type I"
"1469","C15.D043522.3_39_F.1.1","Endothelial Cell Type II"
"1470","E3.D043522.3_39_F.1.1","Endothelial Cell Type I"
"1471","F16.D043522.3_39_F.1.1","Endothelial Cell Type IV"
"1472","H4.D043522.3_39_F.1.1","Endothelial Cell Type II"
"1473","B6.D043522.3_39_F.1.1","Endothelial Cell Type II"
"1474","C16.D043522.3_39_F.1.1","Endothelial Cell Type I"
"1475","E4.D043522.3_39_F.1.1","Endothelial Cell Type I"
"1476","F18.D043522.3_39_F.1.1","Endothelial Cell Type I"
"1477","H7.D043522.3_39_F.1.1","Endothelial Cell Type I"
"1478","H9.D043522.3_39_F.1.1","Endothelial Cell Type I"
"1479","B7.D043522.3_39_F.1.1","Endothelial Cell Type I"
"1480","C17.D043522.3_39_F.1.1","Endothelial Cell Type I"
"1481","E5.D043522.3_39_F.1.1","Endothelial Cell Type I"
"1482","F19.D043522.3_39_F.1.1","Endothelial Cell Type I"
"1483","B9.D043522.3_39_F.1.1","Endothelial Cell Type I"
"1484","C18.D043522.3_39_F.1.1","Endothelial Cell Type I"
"1485","E7.D043522.3_39_F.1.1","Endothelial Cell Type I"
"1486","F20.D043522.3_39_F.1.1","B Cells"
"1487","H10.D043522.3_39_F.1.1","Endothelial Cell Type I"
"1488","A2.D043522.3_39_F.1.1","Endothelial Cell Type I"
"1489","A3.D043522.3_39_F.1.1","Endothelial Cell Type II"
"1490","B13.D043522.3_39_F.1.1","Endothelial Cell Type I"
"1491","C20.D043522.3_39_F.1.1","Unknown Immune I"
"1492","E9.D043522.3_39_F.1.1","Endothelial Cell Type IV"
"1493","F21.D043522.3_39_F.1.1","B Cells"
"1494","H13.D043522.3_39_F.1.1","Endothelial Cell Type I"
"1495","B14.D043522.3_39_F.1.1","Endothelial Cell Type I"
"1496","C21.D043522.3_39_F.1.1","Unknown Immune I"
"1497","E10.D043522.3_39_F.1.1","Endothelial Cell Type IV"
"1498","F22.D043522.3_39_F.1.1","Monocytes"
"1499","H18.D043522.3_39_F.1.1","Endothelial Cell Type I"
"1500","A4.D043522.3_39_F.1.1","Endothelial Cell Type II"
"1501","D1.D043522.3_39_F.1.1","Endothelial Cell Type II"
"1502","E11.D043522.3_39_F.1.1","Endothelial Cell Type I"
"1503","G1.D043522.3_39_F.1.1","Endothelial Cell Type II"
"1504","H19.D043522.3_39_F.1.1","Endothelial Cell Type I"
"1505","A5.D043522.3_39_F.1.1","Endothelial Cell Type II"
"1506","B15.D043522.3_39_F.1.1","Endothelial Cell Type I"
"1507","D2.D043522.3_39_F.1.1","Endothelial Cell Type II"
"1508","E13.D043522.3_39_F.1.1","Endothelial Cell Type I"
"1509","G2.D043522.3_39_F.1.1","Endothelial Cell Type IV"
"1510","H20.D043522.3_39_F.1.1","Endothelial Cell Type I"
"1511","A6.D043522.3_39_F.1.1","Endothelial Cell Type II"
"1512","B16.D043522.3_39_F.1.1","Endothelial Cell Type IV"
"1513","E15.D043522.3_39_F.1.1","Endothelial Cell Type I"
"1514","G3.D043522.3_39_F.1.1","Endothelial Cell Type II"
"1515","H21.D043522.3_39_F.1.1","B Cells"
"1516","B17.D043522.3_39_F.1.1","Endothelial Cell Type II"
"1517","E16.D043522.3_39_F.1.1","Endothelial Cell Type I"
"1518","G4.D043522.3_39_F.1.1","Endothelial Cell Type II"
"1519","H22.D043522.3_39_F.1.1","Interstital Macrophages"
"1520","A8.D043522.3_39_F.1.1","Endothelial Cell Type IV"
"1521","B18.D043522.3_39_F.1.1","Endothelial Cell Type I"
"1522","B19.D043522.3_39_F.1.1","Endothelial Cell Type I"
"1523","D5.D043522.3_39_F.1.1","Endothelial Cell Type II"
"1524","E19.D043522.3_39_F.1.1","Endothelial Cell Type I"
"1525","G7.D043522.3_39_F.1.1","Endothelial Cell Type II"
"1526","I1.D043522.3_39_F.1.1","Endothelial Cell Type II"
"1527","A9.D043522.3_39_F.1.1","Endothelial Cell Type II"
"1528","A10.D043522.3_39_F.1.1","Endothelial Cell Type I"
"1529","B20.D043522.3_39_F.1.1","Unknown Immune I"
"1530","D6.D043522.3_39_F.1.1","Endothelial Cell Type II"
"1531","E20.D043522.3_39_F.1.1","Monocytes"
"1532","G9.D043522.3_39_F.1.1","Endothelial Cell Type IV"
"1533","I2.D043522.3_39_F.1.1","Endothelial Cell Type II"
"1534","B22.D043522.3_39_F.1.1","B Cells"
"1535","D9.D043522.3_39_F.1.1","Endothelial Cell Type II"
"1536","E21.D043522.3_39_F.1.1","B Cells"
"1537","L22.D043522.3_39_F.1.1","Unknown Immune I"
"1538","N13.D043522.3_39_F.1.1","Endothelial Cell Type IV"
"1539","P21.D043522.3_39_F.1.1","Monocytes"
"1540","G11.D043522.3_39_F.1.1","Endothelial Cell Type I"
"1541","I3.D043522.3_39_F.1.1","Endothelial Cell Type II"
"1542","K3.D043522.3_39_F.1.1","Endothelial Cell Type II"
"1543","K5.D043522.3_39_F.1.1","Endothelial Cell Type I"
"1544","M2.D043522.3_39_F.1.1","Endothelial Cell Type II"
"1545","N15.D043522.3_39_F.1.1","Endothelial Cell Type I"
"1546","P22.D043522.3_39_F.1.1","B Cells"
"1547","K6.D043522.3_39_F.1.1","Endothelial Cell Type I"
"1548","M3.D043522.3_39_F.1.1","Endothelial Cell Type II"
"1549","N17.D043522.3_39_F.1.1","Endothelial Cell Type IV"
"1550","K8.D043522.3_39_F.1.1","Endothelial Cell Type II"
"1551","M6.D043522.3_39_F.1.1","Endothelial Cell Type II"
"1552","N19.D043522.3_39_F.1.1","Endothelial Cell Type II"
"1553","K9.D043522.3_39_F.1.1","Endothelial Cell Type IV"
"1554","M7.D043522.3_39_F.1.1","Endothelial Cell Type I"
"1555","N20.D043522.3_39_F.1.1","Monocytes"
"1556","K10.D043522.3_39_F.1.1","Endothelial Cell Type I"
"1557","M8.D043522.3_39_F.1.1","Endothelial Cell Type II"
"1558","N21.D043522.3_39_F.1.1","B Cells"
"1559","K11.D043522.3_39_F.1.1","Endothelial Cell Type I"
"1560","M9.D043522.3_39_F.1.1","Endothelial Cell Type I"
"1561","O3.D043522.3_39_F.1.1","Endothelial Cell Type II"
"1562","K13.D043522.3_39_F.1.1","Endothelial Cell Type I"
"1563","M10.D043522.3_39_F.1.1","Endothelial Cell Type I"
"1564","O4.D043522.3_39_F.1.1","Endothelial Cell Type I"
"1565","K15.D043522.3_39_F.1.1","Endothelial Cell Type I"
"1566","M13.D043522.3_39_F.1.1","Endothelial Cell Type IV"
"1567","K18.D043522.3_39_F.1.1","Endothelial Cell Type I"
"1568","M15.D043522.3_39_F.1.1","Endothelial Cell Type IV"
"1569","O13.D043522.3_39_F.1.1","Endothelial Cell Type IV"
"1570","K19.D043522.3_39_F.1.1","Endothelial Cell Type I"
"1571","M17.D043522.3_39_F.1.1","Endothelial Cell Type IV"
"1572","O14.D043522.3_39_F.1.1","Endothelial Cell Type I"
"1573","K21.D043522.3_39_F.1.1","B Cells"
"1574","M18.D043522.3_39_F.1.1","Endothelial Cell Type II"
"1575","O15.D043522.3_39_F.1.1","Endothelial Cell Type IV"
"1576","K22.D043522.3_39_F.1.1","B Cells"
"1577","J9.D043522.3_39_F.1.1","Endothelial Cell Type II"
"1578","M19.D043522.3_39_F.1.1","Endothelial Cell Type I"
"1579","O19.D043522.3_39_F.1.1","Endothelial Cell Type I"
"1580","J10.D043522.3_39_F.1.1","Endothelial Cell Type IV"
"1581","M20.D043522.3_39_F.1.1","Monocytes"
"1582","O22.D043522.3_39_F.1.1","Unknown Immune I"
"1583","L3.D043522.3_39_F.1.1","Endothelial Cell Type I"
"1584","M21.D043522.3_39_F.1.1","Monocytes"
"1585","P1.D043522.3_39_F.1.1","Endothelial Cell Type II"
"1586","P3.D043522.3_39_F.1.1","Endothelial Cell Type II"
"1587","J11.D043522.3_39_F.1.1","Endothelial Cell Type I"
"1588","L4.D043522.3_39_F.1.1","Endothelial Cell Type II"
"1589","M22.D043522.3_39_F.1.1","Unknown Immune I"
"1590","L5.D043522.3_39_F.1.1","Endothelial Cell Type I"
"1591","N3.D043522.3_39_F.1.1","Endothelial Cell Type IV"
"1592","J13.D043522.3_39_F.1.1","Endothelial Cell Type I"
"1593","J14.D043522.3_39_F.1.1","Endothelial Cell Type I"
"1594","L6.D043522.3_39_F.1.1","Endothelial Cell Type I"
"1595","N4.D043522.3_39_F.1.1","Endothelial Cell Type II"
"1596","P7.D043522.3_39_F.1.1","Endothelial Cell Type II"
"1597","L8.D043522.3_39_F.1.1","Endothelial Cell Type I"
"1598","N5.D043522.3_39_F.1.1","Endothelial Cell Type II"
"1599","P9.D043522.3_39_F.1.1","Endothelial Cell Type I"
"1600","J15.D043522.3_39_F.1.1","Endothelial Cell Type I"
"1601","N7.D043522.3_39_F.1.1","Endothelial Cell Type I"
"1602","P10.D043522.3_39_F.1.1","Endothelial Cell Type IV"
"1603","J16.D043522.3_39_F.1.1","Endothelial Cell Type II"
"1604","L9.D043522.3_39_F.1.1","Endothelial Cell Type I"
"1605","J20.D043522.3_39_F.1.1","Dendritic Cells"
"1606","L13.D043522.3_39_F.1.1","Endothelial Cell Type I"
"1607","J18.D043522.3_39_F.1.1","Endothelial Cell Type I"
"1608","L11.D043522.3_39_F.1.1","Endothelial Cell Type IV"
"1609","N8.D043522.3_39_F.1.1","Endothelial Cell Type II"
"1610","P11.D043522.3_39_F.1.1","Endothelial Cell Type I"
"1611","N9.D043522.3_39_F.1.1","Endothelial Cell Type I"
"1612","P15.D043522.3_39_F.1.1","Endothelial Cell Type I"
"1613","J22.D043522.3_39_F.1.1","Unknown Immune I"
"1614","L20.D043522.3_39_F.1.1","Monocytes"
"1615","N10.D043522.3_39_F.1.1","Endothelial Cell Type II"
"1616","P17.D043522.3_39_F.1.1","Endothelial Cell Type I"
"1617","N11.D043522.3_39_F.1.1","Endothelial Cell Type IV"
"1618","P20.D043522.3_39_F.1.1","Monocytes"
"1619","K1.D043522.3_39_F.1.1","Endothelial Cell Type II"
"1620","L21.D043522.3_39_F.1.1","Unknown Immune I"
