"","annotation","subannotation"
"A12.MAA000427.3_11_M.1.1","Outer Bulge",NA
"J12.MAA000427.3_11_M.1.1","Outer Bulge",NA
"K14.MAA000427.3_11_M.1.1","Outer Bulge",NA
"L16.MAA000427.3_11_M.1.1","Inner Bulge",NA
"M18.MAA000427.3_11_M.1.1","Inner Bulge",NA
"N20.MAA000427.3_11_M.1.1","Inner Bulge",NA
"O22.MAA000427.3_11_M.1.1","Inner Bulge",NA
"A13.MAA000427.3_11_M.1.1","Outer Bulge",NA
"B16.MAA000427.3_11_M.1.1","Basal IFE",NA
"B15.MAA000427.3_11_M.1.1","Inner Bulge",NA
"C21.MAA000427.3_11_M.1.1","Inner Bulge",NA
"E1.MAA000427.3_11_M.1.1","Basal IFE",NA
"C20.MAA000427.3_11_M.1.1","Inner Bulge",NA
"D22.MAA000427.3_11_M.1.1","Inner Bulge",NA
"F3.MAA000427.3_11_M.1.1","Intermediate IFE",NA
"G5.MAA000427.3_11_M.1.1","Intermediate IFE",NA
"H7.MAA000427.3_11_M.1.1","Basal IFE",NA
"I9.MAA000427.3_11_M.1.1","Outer Bulge",NA
"F4.MAA000427.3_11_M.1.1","Outer IFE",NA
"P1.MAA000427.3_11_M.1.1","Cell Cycle",NA
"A14.MAA000427.3_11_M.1.1","Intermediate IFE",NA
"B17.MAA000427.3_11_M.1.1","Inner Bulge",NA
"C22.MAA000427.3_11_M.1.1","Inner Bulge",NA
"E2.MAA000427.3_11_M.1.1","Basal IFE",NA
"F5.MAA000427.3_11_M.1.1","Basal IFE",NA
"G7.MAA000427.3_11_M.1.1","Basal IFE",NA
"H9.MAA000427.3_11_M.1.1","Outer Bulge",NA
"G6.MAA000427.3_11_M.1.1","Basal IFE",NA
"I11.MAA000427.3_11_M.1.1","Outer Bulge",NA
"J14.MAA000427.3_11_M.1.1","Outer Bulge",NA
"H8.MAA000427.3_11_M.1.1","Outer Bulge",NA
"I10.MAA000427.3_11_M.1.1","Outer Bulge",NA
"J13.MAA000427.3_11_M.1.1","Outer Bulge",NA
"K15.MAA000427.3_11_M.1.1","Inner Bulge",NA
"L17.MAA000427.3_11_M.1.1","Inner Bulge",NA
"M19.MAA000427.3_11_M.1.1","Inner Bulge",NA
"N21.MAA000427.3_11_M.1.1","Inner Bulge",NA
"K16.MAA000427.3_11_M.1.1","Inner Bulge",NA
"B18.MAA000427.3_11_M.1.1","Inner Bulge",NA
"D1.MAA000427.3_11_M.1.1","Basal IFE",NA
"E3.MAA000427.3_11_M.1.1","Intermediate IFE",NA
"F6.MAA000427.3_11_M.1.1","Inner Bulge",NA
"G8.MAA000427.3_11_M.1.1","Outer Bulge",NA
"H10.MAA000427.3_11_M.1.1","Outer Bulge",NA
"I12.MAA000427.3_11_M.1.1","Outer Bulge",NA
"J15.MAA000427.3_11_M.1.1","Inner Bulge",NA
"K17.MAA000427.3_11_M.1.1","Inner Bulge",NA
"L18.MAA000427.3_11_M.1.1","Inner Bulge",NA
"L19.MAA000427.3_11_M.1.1","Inner Bulge",NA
"M21.MAA000427.3_11_M.1.1","Inner Bulge",NA
"O1.MAA000427.3_11_M.1.1","Basal IFE",NA
"M20.MAA000427.3_11_M.1.1","Inner Bulge",NA
"N22.MAA000427.3_11_M.1.1","Inner Bulge",NA
"P3.MAA000427.3_11_M.1.1","Basal IFE",NA
"A15.MAA000427.3_11_M.1.1","Inner Bulge",NA
"P4.MAA000427.3_11_M.1.1","Intermediate IFE",NA
"H11.MAA000427.3_11_M.1.1","Outer Bulge",NA
"I13.MAA000427.3_11_M.1.1","Outer Bulge",NA
"J16.MAA000427.3_11_M.1.1","Inner Bulge",NA
"K18.MAA000427.3_11_M.1.1","Inner Bulge",NA
"L20.MAA000427.3_11_M.1.1","Inner Bulge",NA
"M22.MAA000427.3_11_M.1.1","Inner Bulge",NA
"O2.MAA000427.3_11_M.1.1","Basal IFE",NA
"P5.MAA000427.3_11_M.1.1","Intermediate IFE",NA
"A17.MAA000427.3_11_M.1.1","Inner Bulge",NA
"B20.MAA000427.3_11_M.1.1","Outer IFE",NA
"D3.MAA000427.3_11_M.1.1","Outer IFE",NA
"A16.MAA000427.3_11_M.1.1","Inner Bulge",NA
"B19.MAA000427.3_11_M.1.1","Outer Bulge",NA
"D2.MAA000427.3_11_M.1.1","Basal IFE",NA
"E4.MAA000427.3_11_M.1.1","Outer IFE",NA
"F7.MAA000427.3_11_M.1.1","Intermediate IFE",NA
"G9.MAA000427.3_11_M.1.1","Outer Bulge",NA
"E5.MAA000427.3_11_M.1.1","Intermediate IFE",NA
"N1.MAA000427.3_11_M.1.1","Intermediate IFE",NA
"O3.MAA000427.3_11_M.1.1","Intermediate IFE",NA
"P6.MAA000427.3_11_M.1.1","Basal IFE",NA
"A18.MAA000427.3_11_M.1.1","Inner Bulge",NA
"B21.MAA000427.3_11_M.1.1","Inner Bulge",NA
"D4.MAA000427.3_11_M.1.1","Basal IFE",NA
"E6.MAA000427.3_11_M.1.1","Basal IFE",NA
"F9.MAA000427.3_11_M.1.1","Outer Bulge",NA
"F8.MAA000427.3_11_M.1.1","Outer Bulge",NA
"G11.MAA000427.3_11_M.1.1","Outer Bulge",NA
"H13.MAA000427.3_11_M.1.1","Outer Bulge",NA
"I15.MAA000427.3_11_M.1.1","Inner Bulge",NA
"G10.MAA000427.3_11_M.1.1","Outer Bulge",NA
"H12.MAA000427.3_11_M.1.1","Outer Bulge",NA
"I14.MAA000427.3_11_M.1.1","Outer Bulge",NA
"J17.MAA000427.3_11_M.1.1","Inner Bulge",NA
"K19.MAA000427.3_11_M.1.1","Inner Bulge",NA
"L21.MAA000427.3_11_M.1.1","Inner Bulge",NA
"J18.MAA000427.3_11_M.1.1","Inner Bulge",NA
"C1.MAA000427.3_11_M.1.1","Basal IFE",NA
"D5.MAA000427.3_11_M.1.1","Cell Cycle",NA
"E7.MAA000427.3_11_M.1.1","Basal IFE",NA
"F10.MAA000427.3_11_M.1.1","Outer Bulge",NA
"G12.MAA000427.3_11_M.1.1","Outer Bulge",NA
"H14.MAA000427.3_11_M.1.1","Outer Bulge",NA
"I16.MAA000427.3_11_M.1.1","Inner Bulge",NA
"J19.MAA000427.3_11_M.1.1","Inner Bulge",NA
"K21.MAA000427.3_11_M.1.1","Inner Bulge",NA
"M1.MAA000427.3_11_M.1.1","Outer IFE",NA
"K20.MAA000427.3_11_M.1.1","Inner Bulge",NA
"N3.MAA000427.3_11_M.1.1","Basal IFE",NA
"O5.MAA000427.3_11_M.1.1","Cell Cycle",NA
"P9.MAA000427.3_11_M.1.1","Outer Bulge",NA
"L22.MAA000427.3_11_M.1.1","Inner Bulge",NA
"N2.MAA000427.3_11_M.1.1","Basal IFE",NA
"O4.MAA000427.3_11_M.1.1","Intermediate IFE",NA
"P7.MAA000427.3_11_M.1.1","Basal IFE",NA
"A19.MAA000427.3_11_M.1.1","Inner Bulge",NA
"I17.MAA000427.3_11_M.1.1","Inner Bulge",NA
"J20.MAA000427.3_11_M.1.1","Inner Bulge",NA
"K22.MAA000427.3_11_M.1.1","Inner Bulge",NA
"M2.MAA000427.3_11_M.1.1","Basal IFE",NA
"N4.MAA000427.3_11_M.1.1","Basal IFE",NA
"O6.MAA000427.3_11_M.1.1","Outer IFE",NA
"P10.MAA000427.3_11_M.1.1","Outer Bulge",NA
"A21.MAA000427.3_11_M.1.1","Inner Bulge",NA
"C4.MAA000427.3_11_M.1.1","Outer IFE",NA
"D7.MAA000427.3_11_M.1.1","Intermediate IFE",NA
"E10.MAA000427.3_11_M.1.1","Outer Bulge",NA
"A20.MAA000427.3_11_M.1.1","Inner Bulge",NA
"C2.MAA000427.3_11_M.1.1","Cell Cycle",NA
"D6.MAA000427.3_11_M.1.1","Intermediate IFE",NA
"E9.MAA000427.3_11_M.1.1","Outer Bulge",NA
"F11.MAA000427.3_11_M.1.1","Outer Bulge",NA
"G13.MAA000427.3_11_M.1.1","Intermediate IFE",NA
"H15.MAA000427.3_11_M.1.1","Inner Bulge",NA
"F12.MAA000427.3_11_M.1.1","Outer Bulge",NA
"P11.MAA000427.3_11_M.1.1","Outer Bulge",NA
"B1.MAA000427.3_11_M.1.1","Intermediate IFE",NA
"C5.MAA000427.3_11_M.1.1","Basal IFE",NA
"D8.MAA000427.3_11_M.1.1","Outer Bulge",NA
"E11.MAA000427.3_11_M.1.1","Outer Bulge",NA
"F13.MAA000427.3_11_M.1.1","Outer Bulge",NA
"G15.MAA000427.3_11_M.1.1","Inner Bulge",NA
"H17.MAA000427.3_11_M.1.1","Inner Bulge",NA
"G14.MAA000427.3_11_M.1.1","Outer Bulge",NA
"I19.MAA000427.3_11_M.1.1","Inner Bulge",NA
"J22.MAA000427.3_11_M.1.1","Inner Bulge",NA
"L2.MAA000427.3_11_M.1.1","Basal IFE",NA
"H16.MAA000427.3_11_M.1.1","Inner Bulge",NA
"I18.MAA000427.3_11_M.1.1","Inner Bulge",NA
"J21.MAA000427.3_11_M.1.1","Inner Bulge",NA
"L1.MAA000427.3_11_M.1.1","Cell Cycle",NA
"M3.MAA000427.3_11_M.1.1","Basal IFE",NA
"N5.MAA000427.3_11_M.1.1","Intermediate IFE",NA
"O7.MAA000427.3_11_M.1.1","Basal IFE",NA
"M4.MAA000427.3_11_M.1.1","Basal IFE",NA
"E12.MAA000427.3_11_M.1.1","Outer Bulge",NA
"F14.MAA000427.3_11_M.1.1","Outer Bulge",NA
"G16.MAA000427.3_11_M.1.1","Inner Bulge",NA
"H18.MAA000427.3_11_M.1.1","Inner Bulge",NA
"I20.MAA000427.3_11_M.1.1","Inner Bulge",NA
"K1.MAA000427.3_11_M.1.1","Cell Cycle",NA
"L3.MAA000427.3_11_M.1.1","Outer IFE",NA
"M5.MAA000427.3_11_M.1.1","Intermediate IFE",NA
"N7.MAA000427.3_11_M.1.1","Outer IFE",NA
"O9.MAA000427.3_11_M.1.1","Outer Bulge",NA
"N6.MAA000427.3_11_M.1.1","Intermediate IFE",NA
"P13.MAA000427.3_11_M.1.1","Outer Bulge",NA
"O8.MAA000427.3_11_M.1.1","Outer Bulge",NA
"P12.MAA000427.3_11_M.1.1","Outer Bulge",NA
"B2.MAA000427.3_11_M.1.1","Intermediate IFE",NA
"C6.MAA000427.3_11_M.1.1","Outer Bulge",NA
"D9.MAA000427.3_11_M.1.1","Outer Bulge",NA
"B3.MAA000427.3_11_M.1.1","Cell Cycle",NA
"K2.MAA000427.3_11_M.1.1","Outer IFE",NA
"L4.MAA000427.3_11_M.1.1","Cell Cycle",NA
"M6.MAA000427.3_11_M.1.1","Intermediate IFE",NA
"N8.MAA000427.3_11_M.1.1","Inner Bulge",NA
"O10.MAA000427.3_11_M.1.1","Outer Bulge",NA
"P14.MAA000427.3_11_M.1.1","Outer Bulge",NA
"B4.MAA000427.3_11_M.1.1","Inner Bulge",NA
"C8.MAA000427.3_11_M.1.1","Outer Bulge",NA
"C7.MAA000427.3_11_M.1.1","Intermediate IFE",NA
"D11.MAA000427.3_11_M.1.1","Outer Bulge",NA
"E14.MAA000427.3_11_M.1.1","Outer Bulge",NA
"F16.MAA000427.3_11_M.1.1","Inner Bulge",NA
"D10.MAA000427.3_11_M.1.1","Outer Bulge",NA
"E13.MAA000427.3_11_M.1.1","Inner Bulge",NA
"F15.MAA000427.3_11_M.1.1","Inner Bulge",NA
"G17.MAA000427.3_11_M.1.1","Inner Bulge",NA
"H19.MAA000427.3_11_M.1.1","Intermediate IFE",NA
"I21.MAA000427.3_11_M.1.1","Inner Bulge",NA
"G18.MAA000427.3_11_M.1.1","Inner Bulge",NA
"A1.MAA000427.3_11_M.1.1","Inner Bulge",NA
"B5.MAA000427.3_11_M.1.1","Inner Bulge",NA
"C9.MAA000427.3_11_M.1.1","Outer Bulge",NA
"D12.MAA000427.3_11_M.1.1","Outer Bulge",NA
"E15.MAA000427.3_11_M.1.1","Inner Bulge",NA
"F17.MAA000427.3_11_M.1.1","Inner Bulge",NA
"G19.MAA000427.3_11_M.1.1","Inner Bulge",NA
"H21.MAA000427.3_11_M.1.1","Inner Bulge",NA
"H20.MAA000427.3_11_M.1.1","Inner Bulge",NA
"J1.MAA000427.3_11_M.1.1","Cell Cycle",NA
"K4.MAA000427.3_11_M.1.1","Outer IFE",NA
"L6.MAA000427.3_11_M.1.1","Intermediate IFE",NA
"I22.MAA000427.3_11_M.1.1","Inner Bulge",NA
"K3.MAA000427.3_11_M.1.1","Intermediate IFE",NA
"L5.MAA000427.3_11_M.1.1","Intermediate IFE",NA
"M7.MAA000427.3_11_M.1.1","Inner Bulge",NA
"N9.MAA000427.3_11_M.1.1","Outer Bulge",NA
"O11.MAA000427.3_11_M.1.1","Outer Bulge",NA
"P15.MAA000427.3_11_M.1.1","Inner Bulge",NA
"M8.MAA000427.3_11_M.1.1","Outer Bulge",NA
"E16.MAA000427.3_11_M.1.1","Inner Bulge",NA
"F18.MAA000427.3_11_M.1.1","Inner Bulge",NA
"G20.MAA000427.3_11_M.1.1","Inner Bulge",NA
"H22.MAA000427.3_11_M.1.1","Inner Bulge",NA
"J2.MAA000427.3_11_M.1.1","Inner Bulge",NA
"K5.MAA000427.3_11_M.1.1","Intermediate IFE",NA
"L7.MAA000427.3_11_M.1.1","Outer IFE",NA
"M9.MAA000427.3_11_M.1.1","Outer Bulge",NA
"N11.MAA000427.3_11_M.1.1","Outer Bulge",NA
"O13.MAA000427.3_11_M.1.1","Outer Bulge",NA
"N10.MAA000427.3_11_M.1.1","Outer Bulge",NA
"P17.MAA000427.3_11_M.1.1","Inner Bulge",NA
"A4.MAA000427.3_11_M.1.1","Basal IFE",NA
"O12.MAA000427.3_11_M.1.1","Outer Bulge",NA
"P16.MAA000427.3_11_M.1.1","Inner Bulge",NA
"A2.MAA000427.3_11_M.1.1","Inner Bulge",NA
"B6.MAA000427.3_11_M.1.1","Basal IFE",NA
"C10.MAA000427.3_11_M.1.1","Outer Bulge",NA
"D13.MAA000427.3_11_M.1.1","Outer Bulge",NA
"B7.MAA000427.3_11_M.1.1","Intermediate IFE",NA
"L8.MAA000427.3_11_M.1.1","Outer Bulge",NA
"M10.MAA000427.3_11_M.1.1","Outer Bulge",NA
"N12.MAA000427.3_11_M.1.1","Outer Bulge",NA
"O14.MAA000427.3_11_M.1.1","Outer Bulge",NA
"P18.MAA000427.3_11_M.1.1","Inner Bulge",NA
"A5.MAA000427.3_11_M.1.1","Basal IFE",NA
"B8.MAA000427.3_11_M.1.1","Outer Bulge",NA
"C12.MAA000427.3_11_M.1.1","Outer Bulge",NA
"D15.MAA000427.3_11_M.1.1","Inner Bulge",NA
"C11.MAA000427.3_11_M.1.1","Outer Bulge",NA
"E18.MAA000427.3_11_M.1.1","Inner Bulge",NA
"F20.MAA000427.3_11_M.1.1","Outer IFE",NA
"G22.MAA000427.3_11_M.1.1","Inner Bulge",NA
"D14.MAA000427.3_11_M.1.1","Inner Bulge",NA
"E17.MAA000427.3_11_M.1.1","Inner Bulge",NA
"F19.MAA000427.3_11_M.1.1","Inner Bulge",NA
"G21.MAA000427.3_11_M.1.1","Inner Bulge",NA
"I1.MAA000427.3_11_M.1.1","Basal IFE",NA
"J3.MAA000427.3_11_M.1.1","Basal IFE",NA
"K6.MAA000427.3_11_M.1.1","Basal IFE",NA
"I2.MAA000427.3_11_M.1.1","Basal IFE",NA
"A6.MAA000427.3_11_M.1.1","Intermediate IFE",NA
"B9.MAA000427.3_11_M.1.1","Outer Bulge",NA
"C13.MAA000427.3_11_M.1.1","Outer Bulge",NA
"D16.MAA000427.3_11_M.1.1","Inner Bulge",NA
"E19.MAA000427.3_11_M.1.1","Inner Bulge",NA
"F21.MAA000427.3_11_M.1.1","Inner Bulge",NA
"H1.MAA000427.3_11_M.1.1","Basal IFE",NA
"I3.MAA000427.3_11_M.1.1","Outer IFE",NA
"J5.MAA000427.3_11_M.1.1","Basal IFE",NA
"K8.MAA000427.3_11_M.1.1","Outer Bulge",NA
"J4.MAA000427.3_11_M.1.1","Inner Bulge",NA
"L10.MAA000427.3_11_M.1.1","Outer Bulge",NA
"M12.MAA000427.3_11_M.1.1","Inner Bulge",NA
"N14.MAA000427.3_11_M.1.1","Outer Bulge",NA
"K7.MAA000427.3_11_M.1.1","Intermediate IFE",NA
"L9.MAA000427.3_11_M.1.1","Outer Bulge",NA
"M11.MAA000427.3_11_M.1.1","Outer Bulge",NA
"N13.MAA000427.3_11_M.1.1","Outer Bulge",NA
"O15.MAA000427.3_11_M.1.1","Inner Bulge",NA
"P19.MAA000427.3_11_M.1.1","Inner Bulge",NA
"O16.MAA000427.3_11_M.1.1","Inner Bulge",NA
"H2.MAA000427.3_11_M.1.1","Basal IFE",NA
"I4.MAA000427.3_11_M.1.1","Intermediate IFE",NA
"J6.MAA000427.3_11_M.1.1","Intermediate IFE",NA
"K9.MAA000427.3_11_M.1.1","Outer Bulge",NA
"L11.MAA000427.3_11_M.1.1","Outer Bulge",NA
"M13.MAA000427.3_11_M.1.1","Outer Bulge",NA
"N15.MAA000427.3_11_M.1.1","Inner Bulge",NA
"O17.MAA000427.3_11_M.1.1","Inner Bulge",NA
"P21.MAA000427.3_11_M.1.1","Inner Bulge",NA
"P20.MAA000427.3_11_M.1.1","Inner Bulge",NA
"A8.MAA000427.3_11_M.1.1","Outer Bulge",NA
"B11.MAA000427.3_11_M.1.1","Outer Bulge",NA
"C15.MAA000427.3_11_M.1.1","Inner Bulge",NA
"B10.MAA000427.3_11_M.1.1","Outer Bulge",NA
"C14.MAA000427.3_11_M.1.1","Outer Bulge",NA
"D17.MAA000427.3_11_M.1.1","Inner Bulge",NA
"E20.MAA000427.3_11_M.1.1","Inner Bulge",NA
"F22.MAA000427.3_11_M.1.1","Inner Bulge",NA
"D18.MAA000427.3_11_M.1.1","Inner Bulge",NA
"L12.MAA000427.3_11_M.1.1","Intermediate IFE",NA
"M14.MAA000427.3_11_M.1.1","Outer Bulge",NA
"N16.MAA000427.3_11_M.1.1","Inner Bulge",NA
"O18.MAA000427.3_11_M.1.1","Inner Bulge",NA
"P22.MAA000427.3_11_M.1.1","Inner Bulge",NA
"A9.MAA000427.3_11_M.1.1","Outer Bulge",NA
"B12.MAA000427.3_11_M.1.1","Basal IFE",NA
"C16.MAA000427.3_11_M.1.1","Inner Bulge",NA
"D19.MAA000427.3_11_M.1.1","Inner Bulge",NA
"E22.MAA000427.3_11_M.1.1","Inner Bulge",NA
"G2.MAA000427.3_11_M.1.1","Basal IFE",NA
"H4.MAA000427.3_11_M.1.1","Basal IFE",NA
"E21.MAA000427.3_11_M.1.1","Inner Bulge",NA
"G1.MAA000427.3_11_M.1.1","Basal IFE",NA
"H3.MAA000427.3_11_M.1.1","Cell Cycle",NA
"I5.MAA000427.3_11_M.1.1","Outer IFE",NA
"J8.MAA000427.3_11_M.1.1","Outer Bulge",NA
"K10.MAA000427.3_11_M.1.1","Outer Bulge",NA
"I6.MAA000427.3_11_M.1.1","Basal IFE",NA
"A10.MAA000427.3_11_M.1.1","Outer Bulge",NA
"J9.MAA000427.3_11_M.1.1","Outer Bulge",NA
"B13.MAA000427.3_11_M.1.1","Outer Bulge",NA
"C18.MAA000427.3_11_M.1.1","Inner Bulge",NA
"K11.MAA000427.3_11_M.1.1","Outer Bulge",NA
"L13.MAA000427.3_11_M.1.1","Outer Bulge",NA
"M15.MAA000427.3_11_M.1.1","Inner Bulge",NA
"N17.MAA000427.3_11_M.1.1","Inner Bulge",NA
"O19.MAA000427.3_11_M.1.1","Inner Bulge",NA
"D20.MAA000427.3_11_M.1.1","Inner Bulge",NA
"K12.MAA000427.3_11_M.1.1","Outer Bulge",NA
"L14.MAA000427.3_11_M.1.1","Outer Bulge",NA
"M16.MAA000427.3_11_M.1.1","Inner Bulge",NA
"N18.MAA000427.3_11_M.1.1","Inner Bulge",NA
"O20.MAA000427.3_11_M.1.1","Inner Bulge",NA
"F1.MAA000427.3_11_M.1.1","Inner Bulge",NA
"G3.MAA000427.3_11_M.1.1","Basal IFE",NA
"H5.MAA000427.3_11_M.1.1","Basal IFE",NA
"I7.MAA000427.3_11_M.1.1","Basal IFE",NA
"J10.MAA000427.3_11_M.1.1","Outer Bulge",NA
"A11.MAA000427.3_11_M.1.1","Outer Bulge",NA
"I8.MAA000427.3_11_M.1.1","Outer Bulge",NA
"J11.MAA000427.3_11_M.1.1","Outer Bulge",NA
"K13.MAA000427.3_11_M.1.1","Outer Bulge",NA
"L15.MAA000427.3_11_M.1.1","Inner Bulge",NA
"M17.MAA000427.3_11_M.1.1","Inner Bulge",NA
"N19.MAA000427.3_11_M.1.1","Inner Bulge",NA
"O21.MAA000427.3_11_M.1.1","Inner Bulge",NA
"B14.MAA000427.3_11_M.1.1","Outer Bulge",NA
"C19.MAA000427.3_11_M.1.1","Inner Bulge",NA
"D21.MAA000427.3_11_M.1.1","Inner Bulge",NA
"F2.MAA000427.3_11_M.1.1","Outer IFE",NA
"G4.MAA000427.3_11_M.1.1","Intermediate IFE",NA
"H6.MAA000427.3_11_M.1.1","Basal IFE",NA
"A8.MAA000435.3_10_M.1.1","Inner Bulge",NA
"A9.MAA000435.3_10_M.1.1","Inner Bulge",NA
"A10.MAA000435.3_10_M.1.1","Inner Bulge",NA
"A12.MAA000435.3_10_M.1.1","Inner Bulge",NA
"A13.MAA000435.3_10_M.1.1","Inner Bulge",NA
"A14.MAA000435.3_10_M.1.1","Inner Bulge",NA
"A16.MAA000435.3_10_M.1.1","Inner Bulge",NA
"A17.MAA000435.3_10_M.1.1","Inner Bulge",NA
"A18.MAA000435.3_10_M.1.1","Outer Bulge",NA
"A19.MAA000435.3_10_M.1.1","Outer Bulge",NA
"A20.MAA000435.3_10_M.1.1","Inner Bulge",NA
"A21.MAA000435.3_10_M.1.1","Outer Bulge",NA
"B1.MAA000435.3_10_M.1.1","Basal IFE",NA
"A1.MAA000435.3_10_M.1.1","Basal IFE",NA
"B5.MAA000435.3_10_M.1.1","Intermediate IFE",NA
"A3.MAA000435.3_10_M.1.1","Basal IFE",NA
"A5.MAA000435.3_10_M.1.1","Intermediate IFE",NA
"A6.MAA000435.3_10_M.1.1","Basal IFE",NA
"F1.MAA000435.3_10_M.1.1","Basal IFE",NA
"G3.MAA000435.3_10_M.1.1","Basal IFE",NA
"H6.MAA000435.3_10_M.1.1","Basal IFE",NA
"I9.MAA000435.3_10_M.1.1","Inner Bulge",NA
"J12.MAA000435.3_10_M.1.1","Inner Bulge",NA
"L17.MAA000435.3_10_M.1.1","Outer Bulge",NA
"M21.MAA000435.3_10_M.1.1","Outer Bulge",NA
"O4.MAA000435.3_10_M.1.1","Intermediate IFE",NA
"P6.MAA000435.3_10_M.1.1","Intermediate IFE",NA
"A7.MAA000435.3_10_M.1.1","Intermediate IFE",NA
"B12.MAA000435.3_10_M.1.1","Inner Bulge",NA
"C16.MAA000435.3_10_M.1.1","Outer Bulge",NA
"D19.MAA000435.3_10_M.1.1","Outer Bulge",NA
"N1.MAA000435.3_10_M.1.1","Intermediate IFE",NA
"O5.MAA000435.3_10_M.1.1","Inner Bulge",NA
"P7.MAA000435.3_10_M.1.1","Intermediate IFE",NA
"D21.MAA000435.3_10_M.1.1","Outer Bulge",NA
"B13.MAA000435.3_10_M.1.1","Inner Bulge",NA
"C17.MAA000435.3_10_M.1.1","Outer Bulge",NA
"P8.MAA000435.3_10_M.1.1","Inner Bulge",NA
"B16.MAA000435.3_10_M.1.1","Outer Bulge",NA
"K17.MAA000435.3_10_M.1.1","Outer Bulge",NA
"O6.MAA000435.3_10_M.1.1","Intermediate IFE",NA
"B17.MAA000435.3_10_M.1.1","Outer Bulge",NA
"C20.MAA000435.3_10_M.1.1","Outer Bulge",NA
"E2.MAA000435.3_10_M.1.1","Intermediate IFE",NA
"F5.MAA000435.3_10_M.1.1","Basal IFE",NA
"H10.MAA000435.3_10_M.1.1","Inner Bulge",NA
"I13.MAA000435.3_10_M.1.1","Inner Bulge",NA
"K19.MAA000435.3_10_M.1.1","Outer Bulge",NA
"L21.MAA000435.3_10_M.1.1","Outer Bulge",NA
"N5.MAA000435.3_10_M.1.1","Intermediate IFE",NA
"O8.MAA000435.3_10_M.1.1","Inner Bulge",NA
"P10.MAA000435.3_10_M.1.1","Inner Bulge",NA
"O7.MAA000435.3_10_M.1.1","Cell Cycle",NA
"P9.MAA000435.3_10_M.1.1","Inner Bulge",NA
"I14.MAA000435.3_10_M.1.1","Inner Bulge",NA
"J17.MAA000435.3_10_M.1.1","Outer Bulge",NA
"K20.MAA000435.3_10_M.1.1","Inner Bulge",NA
"L22.MAA000435.3_10_M.1.1","Outer Bulge",NA
"O9.MAA000435.3_10_M.1.1","Inner Bulge",NA
"P11.MAA000435.3_10_M.1.1","Inner Bulge",NA
"B20.MAA000435.3_10_M.1.1","Outer Bulge",NA
"D1.MAA000435.3_10_M.1.1","Basal IFE",NA
"E5.MAA000435.3_10_M.1.1","Intermediate IFE",NA
"B18.MAA000435.3_10_M.1.1","Outer Bulge",NA
"C21.MAA000435.3_10_M.1.1","Outer Bulge",NA
"E4.MAA000435.3_10_M.1.1","Basal IFE",NA
"F6.MAA000435.3_10_M.1.1","Basal IFE",NA
"P12.MAA000435.3_10_M.1.1","Inner Bulge",NA
"B21.MAA000435.3_10_M.1.1","Outer Bulge",NA
"D2.MAA000435.3_10_M.1.1","Basal IFE",NA
"I16.MAA000435.3_10_M.1.1","Outer Bulge",NA
"M1.MAA000435.3_10_M.1.1","Inner Bulge",NA
"N7.MAA000435.3_10_M.1.1","Basal IFE",NA
"O10.MAA000435.3_10_M.1.1","Inner Bulge",NA
"M2.MAA000435.3_10_M.1.1","Inner Bulge",NA
"D3.MAA000435.3_10_M.1.1","Intermediate IFE",NA
"E7.MAA000435.3_10_M.1.1","Intermediate IFE",NA
"G11.MAA000435.3_10_M.1.1","Inner Bulge",NA
"J20.MAA000435.3_10_M.1.1","Outer Bulge",NA
"L1.MAA000435.3_10_M.1.1","Outer IFE",NA
"M3.MAA000435.3_10_M.1.1","Intermediate IFE",NA
"N8.MAA000435.3_10_M.1.1","Inner Bulge",NA
"N9.MAA000435.3_10_M.1.1","Inner Bulge",NA
"O12.MAA000435.3_10_M.1.1","Inner Bulge",NA
"P14.MAA000435.3_10_M.1.1","Inner Bulge",NA
"O11.MAA000435.3_10_M.1.1","Inner Bulge",NA
"P13.MAA000435.3_10_M.1.1","Inner Bulge",NA
"B22.MAA000435.3_10_M.1.1","Intermediate IFE",NA
"M4.MAA000435.3_10_M.1.1","Inner Bulge",NA
"N10.MAA000435.3_10_M.1.1","Inner Bulge",NA
"O13.MAA000435.3_10_M.1.1","Inner Bulge",NA
"P15.MAA000435.3_10_M.1.1","Inner Bulge",NA
"C2.MAA000435.3_10_M.1.1","Intermediate IFE",NA
"D5.MAA000435.3_10_M.1.1","Intermediate IFE",NA
"C1.MAA000435.3_10_M.1.1","Intermediate IFE",NA
"D4.MAA000435.3_10_M.1.1","Cell Cycle",NA
"E8.MAA000435.3_10_M.1.1","Intermediate IFE",NA
"E9.MAA000435.3_10_M.1.1","Inner Bulge",NA
"O14.MAA000435.3_10_M.1.1","Inner Bulge",NA
"P16.MAA000435.3_10_M.1.1","Outer Bulge",NA
"C3.MAA000435.3_10_M.1.1","Inner Bulge",NA
"D6.MAA000435.3_10_M.1.1","Basal IFE",NA
"F12.MAA000435.3_10_M.1.1","Basal IFE",NA
"G13.MAA000435.3_10_M.1.1","Inner Bulge",NA
"M6.MAA000435.3_10_M.1.1","Basal IFE",NA
"N11.MAA000435.3_10_M.1.1","Inner Bulge",NA
"L4.MAA000435.3_10_M.1.1","Intermediate IFE",NA
"C4.MAA000435.3_10_M.1.1","Intermediate IFE",NA
"D7.MAA000435.3_10_M.1.1","Inner Bulge",NA
"L5.MAA000435.3_10_M.1.1","Basal IFE",NA
"M8.MAA000435.3_10_M.1.1","Inner Bulge",NA
"N13.MAA000435.3_10_M.1.1","Inner Bulge",NA
"O16.MAA000435.3_10_M.1.1","Outer Bulge",NA
"P18.MAA000435.3_10_M.1.1","Inner Bulge",NA
"N12.MAA000435.3_10_M.1.1","Inner Bulge",NA
"O15.MAA000435.3_10_M.1.1","Inner Bulge",NA
"L6.MAA000435.3_10_M.1.1","Basal IFE",NA
"M9.MAA000435.3_10_M.1.1","Inner Bulge",NA
"N14.MAA000435.3_10_M.1.1","Inner Bulge",NA
"O17.MAA000435.3_10_M.1.1","Outer Bulge",NA
"P19.MAA000435.3_10_M.1.1","Outer Bulge",NA
"C6.MAA000435.3_10_M.1.1","Basal IFE",NA
"E13.MAA000435.3_10_M.1.1","Inner Bulge",NA
"C5.MAA000435.3_10_M.1.1","Outer IFE",NA
"D8.MAA000435.3_10_M.1.1","Inner Bulge",NA
"E12.MAA000435.3_10_M.1.1","Inner Bulge",NA
"G16.MAA000435.3_10_M.1.1","Outer Bulge",NA
"F15.MAA000435.3_10_M.1.1","Inner Bulge",NA
"O18.MAA000435.3_10_M.1.1","Outer Bulge",NA
"P20.MAA000435.3_10_M.1.1","Outer Bulge",NA
"C7.MAA000435.3_10_M.1.1","Outer IFE",NA
"D10.MAA000435.3_10_M.1.1","Inner Bulge",NA
"E14.MAA000435.3_10_M.1.1","Inner Bulge",NA
"F16.MAA000435.3_10_M.1.1","Outer Bulge",NA
"G17.MAA000435.3_10_M.1.1","Outer Bulge",NA
"H22.MAA000435.3_10_M.1.1","Outer Bulge",NA
"J2.MAA000435.3_10_M.1.1","Outer IFE",NA
"K4.MAA000435.3_10_M.1.1","Basal IFE",NA
"L7.MAA000435.3_10_M.1.1","Basal IFE",NA
"M10.MAA000435.3_10_M.1.1","Inner Bulge",NA
"N15.MAA000435.3_10_M.1.1","Inner Bulge",NA
"C8.MAA000435.3_10_M.1.1","Inner Bulge",NA
"D11.MAA000435.3_10_M.1.1","Inner Bulge",NA
"E15.MAA000435.3_10_M.1.1","Inner Bulge",NA
"F17.MAA000435.3_10_M.1.1","Outer Bulge",NA
"G19.MAA000435.3_10_M.1.1","Outer Bulge",NA
"I1.MAA000435.3_10_M.1.1","Basal IFE",NA
"J4.MAA000435.3_10_M.1.1","Intermediate IFE",NA
"K6.MAA000435.3_10_M.1.1","Basal IFE",NA
"L9.MAA000435.3_10_M.1.1","Inner Bulge",NA
"M12.MAA000435.3_10_M.1.1","Inner Bulge",NA
"L8.MAA000435.3_10_M.1.1","Inner Bulge",NA
"M11.MAA000435.3_10_M.1.1","Outer IFE",NA
"N16.MAA000435.3_10_M.1.1","Outer Bulge",NA
"O19.MAA000435.3_10_M.1.1","Outer Bulge",NA
"P21.MAA000435.3_10_M.1.1","Outer Bulge",NA
"N17.MAA000435.3_10_M.1.1","Outer Bulge",NA
"F18.MAA000435.3_10_M.1.1","Inner Bulge",NA
"G20.MAA000435.3_10_M.1.1","Inner Bulge",NA
"I2.MAA000435.3_10_M.1.1","Basal IFE",NA
"J5.MAA000435.3_10_M.1.1","Intermediate IFE",NA
"K8.MAA000435.3_10_M.1.1","Inner Bulge",NA
"L10.MAA000435.3_10_M.1.1","Inner Bulge",NA
"M13.MAA000435.3_10_M.1.1","Inner Bulge",NA
"N18.MAA000435.3_10_M.1.1","Outer Bulge",NA
"O21.MAA000435.3_10_M.1.1","Outer Bulge",NA
"O20.MAA000435.3_10_M.1.1","Outer Bulge",NA
"P22.MAA000435.3_10_M.1.1","Outer Bulge",NA
"C9.MAA000435.3_10_M.1.1","Inner Bulge",NA
"D12.MAA000435.3_10_M.1.1","Inner Bulge",NA
"E16.MAA000435.3_10_M.1.1","Outer Bulge",NA
"C10.MAA000435.3_10_M.1.1","Inner Bulge",NA
"M14.MAA000435.3_10_M.1.1","Inner Bulge",NA
"N19.MAA000435.3_10_M.1.1","Outer Bulge",NA
"O22.MAA000435.3_10_M.1.1","Inner Bulge",NA
"B7.MAA000435.3_10_M.1.1","Intermediate IFE",NA
"C11.MAA000435.3_10_M.1.1","Inner Bulge",NA
"D14.MAA000435.3_10_M.1.1","Inner Bulge",NA
"D13.MAA000435.3_10_M.1.1","Inner Bulge",NA
"E18.MAA000435.3_10_M.1.1","Outer Bulge",NA
"F20.MAA000435.3_10_M.1.1","Outer Bulge",NA
"G22.MAA000435.3_10_M.1.1","Outer Bulge",NA
"E17.MAA000435.3_10_M.1.1","Outer Bulge",NA
"I3.MAA000435.3_10_M.1.1","Intermediate IFE",NA
"J6.MAA000435.3_10_M.1.1","Basal IFE",NA
"K9.MAA000435.3_10_M.1.1","Inner Bulge",NA
"L11.MAA000435.3_10_M.1.1","Inner Bulge",NA
"B8.MAA000435.3_10_M.1.1","Inner Bulge",NA
"C12.MAA000435.3_10_M.1.1","Inner Bulge",NA
"D15.MAA000435.3_10_M.1.1","Inner Bulge",NA
"I4.MAA000435.3_10_M.1.1","Intermediate IFE",NA
"E19.MAA000435.3_10_M.1.1","Outer Bulge",NA
"F21.MAA000435.3_10_M.1.1","Outer Bulge",NA
"J7.MAA000435.3_10_M.1.1","Basal IFE",NA
"K10.MAA000435.3_10_M.1.1","Inner Bulge",NA
"L12.MAA000435.3_10_M.1.1","Inner Bulge",NA
"M15.MAA000435.3_10_M.1.1","Inner Bulge",NA
"N21.MAA000435.3_10_M.1.1","Outer Bulge",NA
"P1.MAA000435.3_10_M.1.1","Basal IFE",NA
"M16.MAA000435.3_10_M.1.1","Outer Bulge",NA
"N22.MAA000435.3_10_M.1.1","Outer Bulge",NA
"P2.MAA000435.3_10_M.1.1","Basal IFE",NA
"H1.MAA000435.3_10_M.1.1","Basal IFE",NA
"B9.MAA000435.3_10_M.1.1","Inner Bulge",NA
"C13.MAA000435.3_10_M.1.1","Inner Bulge",NA
"I5.MAA000435.3_10_M.1.1","Basal IFE",NA
"J8.MAA000435.3_10_M.1.1","Inner Bulge",NA
"K11.MAA000435.3_10_M.1.1","Inner Bulge",NA
"L13.MAA000435.3_10_M.1.1","Inner Bulge",NA
"K12.MAA000435.3_10_M.1.1","Inner Bulge",NA
"L14.MAA000435.3_10_M.1.1","Inner Bulge",NA
"M17.MAA000435.3_10_M.1.1","Outer Bulge",NA
"O1.MAA000435.3_10_M.1.1","Outer IFE",NA
"P3.MAA000435.3_10_M.1.1","Basal IFE",NA
"D16.MAA000435.3_10_M.1.1","Outer Bulge",NA
"E20.MAA000435.3_10_M.1.1","Outer Bulge",NA
"F22.MAA000435.3_10_M.1.1","Outer Bulge",NA
"H2.MAA000435.3_10_M.1.1","Basal IFE",NA
"I6.MAA000435.3_10_M.1.1","Intermediate IFE",NA
"J9.MAA000435.3_10_M.1.1","Inner Bulge",NA
"J10.MAA000435.3_10_M.1.1","Inner Bulge",NA
"L15.MAA000435.3_10_M.1.1","Inner Bulge",NA
"M18.MAA000435.3_10_M.1.1","Outer Bulge",NA
"O2.MAA000435.3_10_M.1.1","Intermediate IFE",NA
"P4.MAA000435.3_10_M.1.1","Basal IFE",NA
"B11.MAA000435.3_10_M.1.1","Inner Bulge",NA
"C15.MAA000435.3_10_M.1.1","Inner Bulge",NA
"D18.MAA000435.3_10_M.1.1","Outer Bulge",NA
"B10.MAA000435.3_10_M.1.1","Inner Bulge",NA
"C14.MAA000435.3_10_M.1.1","Inner Bulge",NA
"D17.MAA000435.3_10_M.1.1","Outer Bulge",NA
"E21.MAA000435.3_10_M.1.1","Outer Bulge",NA
"G1.MAA000435.3_10_M.1.1","Intermediate IFE",NA
"H3.MAA000435.3_10_M.1.1","Intermediate IFE",NA
"I7.MAA000435.3_10_M.1.1","Intermediate IFE",NA
"J11.MAA000435.3_10_M.1.1","Inner Bulge",NA
"L16.MAA000435.3_10_M.1.1","Outer Bulge",NA
"M20.MAA000435.3_10_M.1.1","Inner Bulge",NA
"P5.MAA000435.3_10_M.1.1","Basal IFE",NA
"E22.MAA000435.3_10_M.1.1","Outer Bulge",NA
"G2.MAA000435.3_10_M.1.1","Inner Bulge",NA
"H4.MAA000435.3_10_M.1.1","Basal IFE",NA
"I8.MAA000435.3_10_M.1.1","Inner Bulge",NA
"B7.MAA000549.3_8_M.1.1","Basal IFE",NA
"L4.MAA000549.3_8_M.1.1","Basal IFE",NA
"N10.MAA000549.3_8_M.1.1","Outer Bulge",NA
"P2.MAA000549.3_8_M.1.1","Intermediate IFE",NA
"G4.MAA000549.3_8_M.1.1","Intermediate IFE",NA
"I6.MAA000549.3_8_M.1.1","Intermediate IFE",NA
"C2.MAA000549.3_8_M.1.1","Basal IFE",NA
"G5.MAA000549.3_8_M.1.1","Outer IFE",NA
"I12.MAA000549.3_8_M.1.1","Outer Bulge",NA
"L5.MAA000549.3_8_M.1.1","Intermediate IFE",NA
"N12.MAA000549.3_8_M.1.1","Outer Bulge",NA
"P3.MAA000549.3_8_M.1.1","Basal IFE",NA
"C3.MAA000549.3_8_M.1.1","Intermediate IFE",NA
"G6.MAA000549.3_8_M.1.1","Basal IFE",NA
"I20.MAA000549.3_8_M.1.1","Inner Bulge",NA
"L6.MAA000549.3_8_M.1.1","Basal IFE",NA
"N14.MAA000549.3_8_M.1.1","Inner Bulge",NA
"P4.MAA000549.3_8_M.1.1","Intermediate IFE",NA
"C4.MAA000549.3_8_M.1.1","Basal IFE",NA
"G7.MAA000549.3_8_M.1.1","Basal IFE",NA
"J1.MAA000549.3_8_M.1.1","Basal IFE",NA
"L9.MAA000549.3_8_M.1.1","Outer Bulge",NA
"N16.MAA000549.3_8_M.1.1","Inner Bulge",NA
"P6.MAA000549.3_8_M.1.1","Intermediate IFE",NA
"G8.MAA000549.3_8_M.1.1","Outer Bulge",NA
"J2.MAA000549.3_8_M.1.1","Inner Bulge",NA
"L10.MAA000549.3_8_M.1.1","Outer Bulge",NA
"N18.MAA000549.3_8_M.1.1","Inner Bulge",NA
"P7.MAA000549.3_8_M.1.1","Basal IFE",NA
"C5.MAA000549.3_8_M.1.1","Basal IFE",NA
"D1.MAA000549.3_8_M.1.1","Basal IFE",NA
"G18.MAA000549.3_8_M.1.1","Inner Bulge",NA
"J3.MAA000549.3_8_M.1.1","Intermediate IFE",NA
"L11.MAA000549.3_8_M.1.1","Outer Bulge",NA
"N19.MAA000549.3_8_M.1.1","Inner Bulge",NA
"P8.MAA000549.3_8_M.1.1","Outer Bulge",NA
"P9.MAA000549.3_8_M.1.1","Outer Bulge",NA
"D3.MAA000549.3_8_M.1.1","Outer IFE",NA
"G21.MAA000549.3_8_M.1.1","Inner Bulge",NA
"D2.MAA000549.3_8_M.1.1","Basal IFE",NA
"G19.MAA000549.3_8_M.1.1","Inner Bulge",NA
"J4.MAA000549.3_8_M.1.1","Cell Cycle",NA
"L21.MAA000549.3_8_M.1.1","Inner Bulge",NA
"N20.MAA000549.3_8_M.1.1","Inner Bulge",NA
"J5.MAA000549.3_8_M.1.1","Intermediate IFE",NA
"M1.MAA000549.3_8_M.1.1","Inner Bulge",NA
"N21.MAA000549.3_8_M.1.1","Inner Bulge",NA
"P10.MAA000549.3_8_M.1.1","Outer Bulge",NA
"D4.MAA000549.3_8_M.1.1","Basal IFE",NA
"P11.MAA000549.3_8_M.1.1","Outer Bulge",NA
"G22.MAA000549.3_8_M.1.1","Inner Bulge",NA
"J6.MAA000549.3_8_M.1.1","Basal IFE",NA
"M2.MAA000549.3_8_M.1.1","Intermediate IFE",NA
"O3.MAA000549.3_8_M.1.1","Outer IFE",NA
"D8.MAA000549.3_8_M.1.1","Outer Bulge",NA
"H1.MAA000549.3_8_M.1.1","Basal IFE",NA
"J15.MAA000549.3_8_M.1.1","Inner Bulge",NA
"M5.MAA000549.3_8_M.1.1","Basal IFE",NA
"O4.MAA000549.3_8_M.1.1","Outer IFE",NA
"P12.MAA000549.3_8_M.1.1","Outer Bulge",NA
"M8.MAA000549.3_8_M.1.1","Outer Bulge",NA
"O5.MAA000549.3_8_M.1.1","Basal IFE",NA
"P13.MAA000549.3_8_M.1.1","Outer Bulge",NA
"D10.MAA000549.3_8_M.1.1","Outer Bulge",NA
"H2.MAA000549.3_8_M.1.1","Intermediate IFE",NA
"J18.MAA000549.3_8_M.1.1","Intermediate IFE",NA
"O6.MAA000549.3_8_M.1.1","Basal IFE",NA
"P15.MAA000549.3_8_M.1.1","Inner Bulge",NA
"D18.MAA000549.3_8_M.1.1","Inner Bulge",NA
"H3.MAA000549.3_8_M.1.1","Intermediate IFE",NA
"J19.MAA000549.3_8_M.1.1","Inner Bulge",NA
"M12.MAA000549.3_8_M.1.1","Outer Bulge",NA
"E1.MAA000549.3_8_M.1.1","Basal IFE",NA
"H4.MAA000549.3_8_M.1.1","Intermediate IFE",NA
"K3.MAA000549.3_8_M.1.1","Intermediate IFE",NA
"M13.MAA000549.3_8_M.1.1","Outer Bulge",NA
"O7.MAA000549.3_8_M.1.1","Cell Cycle",NA
"P17.MAA000549.3_8_M.1.1","Inner Bulge",NA
"E2.MAA000549.3_8_M.1.1","Basal IFE",NA
"H5.MAA000549.3_8_M.1.1","Basal IFE",NA
"K4.MAA000549.3_8_M.1.1","Outer IFE",NA
"M14.MAA000549.3_8_M.1.1","Outer Bulge",NA
"O8.MAA000549.3_8_M.1.1","Outer Bulge",NA
"E7.MAA000549.3_8_M.1.1","Outer IFE",NA
"H6.MAA000549.3_8_M.1.1","Basal IFE",NA
"K5.MAA000549.3_8_M.1.1","Intermediate IFE",NA
"P18.MAA000549.3_8_M.1.1","Inner Bulge",NA
"A1.MAA000549.3_8_M.1.1","Intermediate IFE",NA
"H9.MAA000549.3_8_M.1.1","Outer Bulge",NA
"M15.MAA000549.3_8_M.1.1","Inner Bulge",NA
"O9.MAA000549.3_8_M.1.1","Outer Bulge",NA
"P21.MAA000549.3_8_M.1.1","Inner Bulge",NA
"K10.MAA000549.3_8_M.1.1","Outer Bulge",NA
"A2.MAA000549.3_8_M.1.1","Inner Bulge",NA
"M17.MAA000549.3_8_M.1.1","Inner Bulge",NA
"F2.MAA000549.3_8_M.1.1","Basal IFE",NA
"H11.MAA000549.3_8_M.1.1","Outer Bulge",NA
"O10.MAA000549.3_8_M.1.1","Outer Bulge",NA
"P22.MAA000549.3_8_M.1.1","Inner Bulge",NA
"K11.MAA000549.3_8_M.1.1","Outer Bulge",NA
"M20.MAA000549.3_8_M.1.1","Inner Bulge",NA
"O14.MAA000549.3_8_M.1.1","Outer Bulge",NA
"A3.MAA000549.3_8_M.1.1","Basal IFE",NA
"F5.MAA000549.3_8_M.1.1","Inner Bulge",NA
"H12.MAA000549.3_8_M.1.1","Outer Bulge",NA
"K12.MAA000549.3_8_M.1.1","Outer Bulge",NA
"O15.MAA000549.3_8_M.1.1","Inner Bulge",NA
"M21.MAA000549.3_8_M.1.1","Inner Bulge",NA
"A4.MAA000549.3_8_M.1.1","Basal IFE",NA
"F8.MAA000549.3_8_M.1.1","Outer Bulge",NA
"H16.MAA000549.3_8_M.1.1","Inner Bulge",NA
"K14.MAA000549.3_8_M.1.1","Inner Bulge",NA
"O16.MAA000549.3_8_M.1.1","Inner Bulge",NA
"N3.MAA000549.3_8_M.1.1","Intermediate IFE",NA
"A5.MAA000549.3_8_M.1.1","Basal IFE",NA
"F11.MAA000549.3_8_M.1.1","Inner Bulge",NA
"H18.MAA000549.3_8_M.1.1","Inner Bulge",NA
"K18.MAA000549.3_8_M.1.1","Inner Bulge",NA
"N4.MAA000549.3_8_M.1.1","Intermediate IFE",NA
"O17.MAA000549.3_8_M.1.1","Inner Bulge",NA
"B1.MAA000549.3_8_M.1.1","Cell Cycle",NA
"F13.MAA000549.3_8_M.1.1","Outer Bulge",NA
"H22.MAA000549.3_8_M.1.1","Inner Bulge",NA
"K19.MAA000549.3_8_M.1.1","Inner Bulge",NA
"N5.MAA000549.3_8_M.1.1","Basal IFE",NA
"O18.MAA000549.3_8_M.1.1","Inner Bulge",NA
"B2.MAA000549.3_8_M.1.1","Basal IFE",NA
"G1.MAA000549.3_8_M.1.1","Basal IFE",NA
"I1.MAA000549.3_8_M.1.1","Intermediate IFE",NA
"K22.MAA000549.3_8_M.1.1","Inner Bulge",NA
"N6.MAA000549.3_8_M.1.1","Intermediate IFE",NA
"O20.MAA000549.3_8_M.1.1","Inner Bulge",NA
"B4.MAA000549.3_8_M.1.1","Basal IFE",NA
"G2.MAA000549.3_8_M.1.1","Basal IFE",NA
"I4.MAA000549.3_8_M.1.1","Basal IFE",NA
"L1.MAA000549.3_8_M.1.1","Outer IFE",NA
"N7.MAA000549.3_8_M.1.1","Outer IFE",NA
"O21.MAA000549.3_8_M.1.1","Inner Bulge",NA
"B5.MAA000549.3_8_M.1.1","Cell Cycle",NA
"G3.MAA000549.3_8_M.1.1","Basal IFE",NA
"I5.MAA000549.3_8_M.1.1","Outer IFE",NA
"L2.MAA000549.3_8_M.1.1","Outer IFE",NA
"N9.MAA000549.3_8_M.1.1","Outer Bulge",NA
"P1.MAA000549.3_8_M.1.1","Basal IFE",NA
"C3.MAA000597.3_9_M.1.1","Basal IFE",NA
"C9.MAA000597.3_9_M.1.1","Outer Bulge",NA
"G7.MAA000597.3_9_M.1.1","Intermediate IFE",NA
"J7.MAA000597.3_9_M.1.1","Basal IFE",NA
"G5.MAA000597.3_9_M.1.1","Basal IFE",NA
"L12.MAA000597.3_9_M.1.1","Outer Bulge",NA
"N2.MAA000597.3_9_M.1.1","Basal IFE",NA
"O9.MAA000597.3_9_M.1.1","Outer Bulge",NA
"J5.MAA000597.3_9_M.1.1","Basal IFE",NA
"L10.MAA000597.3_9_M.1.1","Outer Bulge",NA
"N1.MAA000597.3_9_M.1.1","Cell Cycle",NA
"P13.MAA000597.3_9_M.1.1","Outer Bulge",NA
"P14.MAA000597.3_9_M.1.1","Outer Bulge",NA
"D3.MAA000597.3_9_M.1.1","Inner Bulge",NA
"G11.MAA000597.3_9_M.1.1","Outer Bulge",NA
"O10.MAA000597.3_9_M.1.1","Outer Bulge",NA
"J13.MAA000597.3_9_M.1.1","Outer Bulge",NA
"L13.MAA000597.3_9_M.1.1","Outer Bulge",NA
"N4.MAA000597.3_9_M.1.1","Basal IFE",NA
"D9.MAA000597.3_9_M.1.1","Outer Bulge",NA
"J17.MAA000597.3_9_M.1.1","Inner Bulge",NA
"L14.MAA000597.3_9_M.1.1","Outer Bulge",NA
"N5.MAA000597.3_9_M.1.1","Basal IFE",NA
"G12.MAA000597.3_9_M.1.1","Outer Bulge",NA
"P17.MAA000597.3_9_M.1.1","Cell Cycle",NA
"L15.MAA000597.3_9_M.1.1","Inner Bulge",NA
"N6.MAA000597.3_9_M.1.1","Basal IFE",NA
"P18.MAA000597.3_9_M.1.1","Inner Bulge",NA
"D12.MAA000597.3_9_M.1.1","Outer Bulge",NA
"G14.MAA000597.3_9_M.1.1","Outer Bulge",NA
"J19.MAA000597.3_9_M.1.1","Inner Bulge",NA
"N7.MAA000597.3_9_M.1.1","Basal IFE",NA
"D16.MAA000597.3_9_M.1.1","Inner Bulge",NA
"O14.MAA000597.3_9_M.1.1","Outer Bulge",NA
"G22.MAA000597.3_9_M.1.1","Inner Bulge",NA
"J20.MAA000597.3_9_M.1.1","Inner Bulge",NA
"L17.MAA000597.3_9_M.1.1","Inner Bulge",NA
"L18.MAA000597.3_9_M.1.1","Inner Bulge",NA
"N8.MAA000597.3_9_M.1.1","Outer Bulge",NA
"A3.MAA000597.3_9_M.1.1","Intermediate IFE",NA
"D18.MAA000597.3_9_M.1.1","Inner Bulge",NA
"H2.MAA000597.3_9_M.1.1","Basal IFE",NA
"K1.MAA000597.3_9_M.1.1","Intermediate IFE",NA
"D21.MAA000597.3_9_M.1.1","Inner Bulge",NA
"H3.MAA000597.3_9_M.1.1","Basal IFE",NA
"K2.MAA000597.3_9_M.1.1","Basal IFE",NA
"L22.MAA000597.3_9_M.1.1","Inner Bulge",NA
"N9.MAA000597.3_9_M.1.1","Outer Bulge",NA
"A4.MAA000597.3_9_M.1.1","Intermediate IFE",NA
"E5.MAA000597.3_9_M.1.1","Basal IFE",NA
"H6.MAA000597.3_9_M.1.1","Cell Cycle",NA
"K4.MAA000597.3_9_M.1.1","Intermediate IFE",NA
"M1.MAA000597.3_9_M.1.1","Basal IFE",NA
"N10.MAA000597.3_9_M.1.1","Outer Bulge",NA
"O17.MAA000597.3_9_M.1.1","Inner Bulge",NA
"A8.MAA000597.3_9_M.1.1","Outer Bulge",NA
"E16.MAA000597.3_9_M.1.1","Inner Bulge",NA
"H7.MAA000597.3_9_M.1.1","Basal IFE",NA
"K5.MAA000597.3_9_M.1.1","Intermediate IFE",NA
"M2.MAA000597.3_9_M.1.1","Outer IFE",NA
"N12.MAA000597.3_9_M.1.1","Outer Bulge",NA
"O18.MAA000597.3_9_M.1.1","Inner Bulge",NA
"A11.MAA000597.3_9_M.1.1","Outer Bulge",NA
"K6.MAA000597.3_9_M.1.1","Intermediate IFE",NA
"M3.MAA000597.3_9_M.1.1","Intermediate IFE",NA
"N13.MAA000597.3_9_M.1.1","Outer Bulge",NA
"A12.MAA000597.3_9_M.1.1","Outer Bulge",NA
"E17.MAA000597.3_9_M.1.1","Inner Bulge",NA
"H17.MAA000597.3_9_M.1.1","Inner Bulge",NA
"A15.MAA000597.3_9_M.1.1","Inner Bulge",NA
"E18.MAA000597.3_9_M.1.1","Inner Bulge",NA
"H18.MAA000597.3_9_M.1.1","Inner Bulge",NA
"K10.MAA000597.3_9_M.1.1","Outer Bulge",NA
"M4.MAA000597.3_9_M.1.1","Basal IFE",NA
"N14.MAA000597.3_9_M.1.1","Outer Bulge",NA
"A19.MAA000597.3_9_M.1.1","Inner Bulge",NA
"A16.MAA000597.3_9_M.1.1","Inner Bulge",NA
"H22.MAA000597.3_9_M.1.1","Inner Bulge",NA
"K14.MAA000597.3_9_M.1.1","Outer Bulge",NA
"E19.MAA000597.3_9_M.1.1","Inner Bulge",NA
"H20.MAA000597.3_9_M.1.1","Inner Bulge",NA
"K12.MAA000597.3_9_M.1.1","Outer Bulge",NA
"M5.MAA000597.3_9_M.1.1","Inner Bulge",NA
"N15.MAA000597.3_9_M.1.1","Inner Bulge",NA
"O21.MAA000597.3_9_M.1.1","Inner Bulge",NA
"M6.MAA000597.3_9_M.1.1","Basal IFE",NA
"A20.MAA000597.3_9_M.1.1","Inner Bulge",NA
"F5.MAA000597.3_9_M.1.1","Intermediate IFE",NA
"I1.MAA000597.3_9_M.1.1","Intermediate IFE",NA
"K15.MAA000597.3_9_M.1.1","Outer IFE",NA
"M7.MAA000597.3_9_M.1.1","Basal IFE",NA
"N17.MAA000597.3_9_M.1.1","Outer Bulge",NA
"N16.MAA000597.3_9_M.1.1","Inner Bulge",NA
"O22.MAA000597.3_9_M.1.1","Inner Bulge",NA
"K17.MAA000597.3_9_M.1.1","Inner Bulge",NA
"M9.MAA000597.3_9_M.1.1","Outer Bulge",NA
"N18.MAA000597.3_9_M.1.1","Inner Bulge",NA
"F8.MAA000597.3_9_M.1.1","Outer Bulge",NA
"I2.MAA000597.3_9_M.1.1","Basal IFE",NA
"B2.MAA000597.3_9_M.1.1","Basal IFE",NA
"F17.MAA000597.3_9_M.1.1","Inner Bulge",NA
"I5.MAA000597.3_9_M.1.1","Basal IFE",NA
"F14.MAA000597.3_9_M.1.1","Outer Bulge",NA
"K22.MAA000597.3_9_M.1.1","Inner Bulge",NA
"M11.MAA000597.3_9_M.1.1","Outer Bulge",NA
"N21.MAA000597.3_9_M.1.1","Inner Bulge",NA
"I4.MAA000597.3_9_M.1.1","Basal IFE",NA
"K21.MAA000597.3_9_M.1.1","Outer Bulge",NA
"M10.MAA000597.3_9_M.1.1","Outer Bulge",NA
"N19.MAA000597.3_9_M.1.1","Inner Bulge",NA
"P5.MAA000597.3_9_M.1.1","Basal IFE",NA
"P6.MAA000597.3_9_M.1.1","Basal IFE",NA
"B3.MAA000597.3_9_M.1.1","Inner Bulge",NA
"F18.MAA000597.3_9_M.1.1","Inner Bulge",NA
"I7.MAA000597.3_9_M.1.1","Basal IFE",NA
"L2.MAA000597.3_9_M.1.1","Basal IFE",NA
"M12.MAA000597.3_9_M.1.1","Outer Bulge",NA
"O1.MAA000597.3_9_M.1.1","Basal IFE",NA
"O2.MAA000597.3_9_M.1.1","Basal IFE",NA
"B16.MAA000597.3_9_M.1.1","Inner Bulge",NA
"G1.MAA000597.3_9_M.1.1","Basal IFE",NA
"B4.MAA000597.3_9_M.1.1","Basal IFE",NA
"F21.MAA000597.3_9_M.1.1","Inner Bulge",NA
"I12.MAA000597.3_9_M.1.1","Outer Bulge",NA
"L4.MAA000597.3_9_M.1.1","Basal IFE",NA
"M13.MAA000597.3_9_M.1.1","Outer Bulge",NA
"I21.MAA000597.3_9_M.1.1","Inner Bulge",NA
"B18.MAA000597.3_9_M.1.1","Inner Bulge",NA
"G2.MAA000597.3_9_M.1.1","Basal IFE",NA
"J1.MAA000597.3_9_M.1.1","Intermediate IFE",NA
"L7.MAA000597.3_9_M.1.1","Basal IFE",NA
"M16.MAA000597.3_9_M.1.1","Inner Bulge",NA
"L5.MAA000597.3_9_M.1.1","Basal IFE",NA
"P10.MAA000597.3_9_M.1.1","Outer Bulge",NA
"M15.MAA000597.3_9_M.1.1","Inner Bulge",NA
"P9.MAA000597.3_9_M.1.1","Outer Bulge",NA
"G3.MAA000597.3_9_M.1.1","Basal IFE",NA
"J2.MAA000597.3_9_M.1.1","Outer IFE",NA
"L8.MAA000597.3_9_M.1.1","Outer Bulge",NA
"M17.MAA000597.3_9_M.1.1","Inner Bulge",NA
"O6.MAA000597.3_9_M.1.1","Intermediate IFE",NA
"B20.MAA000597.3_9_M.1.1","Inner Bulge",NA
"C2.MAA000597.3_9_M.1.1","Basal IFE",NA
"G4.MAA000597.3_9_M.1.1","Basal IFE",NA
"J4.MAA000597.3_9_M.1.1","Basal IFE",NA
"L9.MAA000597.3_9_M.1.1","Outer Bulge",NA
"M22.MAA000597.3_9_M.1.1","Inner Bulge",NA
"M10.MAA000614.3_10_M.1.1","Outer Bulge",NA
"N14.MAA000614.3_10_M.1.1","Outer Bulge",NA
"O17.MAA000614.3_10_M.1.1","Inner Bulge",NA
"P19.MAA000614.3_10_M.1.1","Inner Bulge",NA
"A1.MAA000614.3_10_M.1.1","Basal IFE",NA
"B6.MAA000614.3_10_M.1.1","Basal IFE",NA
"C11.MAA000614.3_10_M.1.1","Outer Bulge",NA
"D21.MAA000614.3_10_M.1.1","Inner Bulge",NA
"F8.MAA000614.3_10_M.1.1","Outer Bulge",NA
"B5.MAA000614.3_10_M.1.1","Basal IFE",NA
"C10.MAA000614.3_10_M.1.1","Outer Bulge",NA
"D20.MAA000614.3_10_M.1.1","Inner Bulge",NA
"F7.MAA000614.3_10_M.1.1","Basal IFE",NA
"H12.MAA000614.3_10_M.1.1","Outer Bulge",NA
"J6.MAA000614.3_10_M.1.1","Basal IFE",NA
"L5.MAA000614.3_10_M.1.1","Basal IFE",NA
"H13.MAA000614.3_10_M.1.1","Outer Bulge",NA
"A2.MAA000614.3_10_M.1.1","Basal IFE",NA
"B7.MAA000614.3_10_M.1.1","Intermediate IFE",NA
"C14.MAA000614.3_10_M.1.1","Outer Bulge",NA
"D22.MAA000614.3_10_M.1.1","Inner Bulge",NA
"F9.MAA000614.3_10_M.1.1","Outer Bulge",NA
"H15.MAA000614.3_10_M.1.1","Inner Bulge",NA
"J9.MAA000614.3_10_M.1.1","Outer Bulge",NA
"L7.MAA000614.3_10_M.1.1","Basal IFE",NA
"J7.MAA000614.3_10_M.1.1","Basal IFE",NA
"M13.MAA000614.3_10_M.1.1","Outer Bulge",NA
"N16.MAA000614.3_10_M.1.1","Inner Bulge",NA
"O19.MAA000614.3_10_M.1.1","Inner Bulge",NA
"L6.MAA000614.3_10_M.1.1","Inner Bulge",NA
"M11.MAA000614.3_10_M.1.1","Outer Bulge",NA
"N15.MAA000614.3_10_M.1.1","Inner Bulge",NA
"O18.MAA000614.3_10_M.1.1","Inner Bulge",NA
"P20.MAA000614.3_10_M.1.1","Inner Bulge",NA
"P21.MAA000614.3_10_M.1.1","Inner Bulge",NA
"F10.MAA000614.3_10_M.1.1","Outer Bulge",NA
"H18.MAA000614.3_10_M.1.1","Intermediate IFE",NA
"J10.MAA000614.3_10_M.1.1","Outer Bulge",NA
"L8.MAA000614.3_10_M.1.1","Outer Bulge",NA
"M14.MAA000614.3_10_M.1.1","Outer Bulge",NA
"N17.MAA000614.3_10_M.1.1","Inner Bulge",NA
"O20.MAA000614.3_10_M.1.1","Inner Bulge",NA
"P22.MAA000614.3_10_M.1.1","Inner Bulge",NA
"A6.MAA000614.3_10_M.1.1","Basal IFE",NA
"B8.MAA000614.3_10_M.1.1","Outer Bulge",NA
"C15.MAA000614.3_10_M.1.1","Inner Bulge",NA
"E1.MAA000614.3_10_M.1.1","Basal IFE",NA
"O21.MAA000614.3_10_M.1.1","Inner Bulge",NA
"A7.MAA000614.3_10_M.1.1","Outer IFE",NA
"B10.MAA000614.3_10_M.1.1","Outer Bulge",NA
"C17.MAA000614.3_10_M.1.1","Inner Bulge",NA
"E3.MAA000614.3_10_M.1.1","Inner Bulge",NA
"C16.MAA000614.3_10_M.1.1","Inner Bulge",NA
"F18.MAA000614.3_10_M.1.1","Inner Bulge",NA
"H22.MAA000614.3_10_M.1.1","Inner Bulge",NA
"J18.MAA000614.3_10_M.1.1","Inner Bulge",NA
"E2.MAA000614.3_10_M.1.1","Intermediate IFE",NA
"F14.MAA000614.3_10_M.1.1","Outer Bulge",NA
"H21.MAA000614.3_10_M.1.1","Basal IFE",NA
"J11.MAA000614.3_10_M.1.1","Outer Bulge",NA
"L9.MAA000614.3_10_M.1.1","Outer Bulge",NA
"M15.MAA000614.3_10_M.1.1","Inner Bulge",NA
"N18.MAA000614.3_10_M.1.1","Inner Bulge",NA
"L10.MAA000614.3_10_M.1.1","Outer Bulge",NA
"C18.MAA000614.3_10_M.1.1","Inner Bulge",NA
"E4.MAA000614.3_10_M.1.1","Outer IFE",NA
"I1.MAA000614.3_10_M.1.1","Basal IFE",NA
"J21.MAA000614.3_10_M.1.1","Inner Bulge",NA
"L11.MAA000614.3_10_M.1.1","Outer Bulge",NA
"M18.MAA000614.3_10_M.1.1","Inner Bulge",NA
"N20.MAA000614.3_10_M.1.1","Inner Bulge",NA
"M17.MAA000614.3_10_M.1.1","Intermediate IFE",NA
"N19.MAA000614.3_10_M.1.1","Inner Bulge",NA
"O22.MAA000614.3_10_M.1.1","Inner Bulge",NA
"I2.MAA000614.3_10_M.1.1","Basal IFE",NA
"J22.MAA000614.3_10_M.1.1","Inner Bulge",NA
"L14.MAA000614.3_10_M.1.1","Outer Bulge",NA
"M19.MAA000614.3_10_M.1.1","Inner Bulge",NA
"N21.MAA000614.3_10_M.1.1","Outer IFE",NA
"P2.MAA000614.3_10_M.1.1","Basal IFE",NA
"E5.MAA000614.3_10_M.1.1","Intermediate IFE",NA
"P3.MAA000614.3_10_M.1.1","Intermediate IFE",NA
"A10.MAA000614.3_10_M.1.1","Outer Bulge",NA
"A11.MAA000614.3_10_M.1.1","Outer Bulge",NA
"B17.MAA000614.3_10_M.1.1","Inner Bulge",NA
"B16.MAA000614.3_10_M.1.1","Inner Bulge",NA
"C20.MAA000614.3_10_M.1.1","Inner Bulge",NA
"E6.MAA000614.3_10_M.1.1","Intermediate IFE",NA
"G3.MAA000614.3_10_M.1.1","Basal IFE",NA
"I3.MAA000614.3_10_M.1.1","Intermediate IFE",NA
"K1.MAA000614.3_10_M.1.1","Basal IFE",NA
"L15.MAA000614.3_10_M.1.1","Inner Bulge",NA
"C21.MAA000614.3_10_M.1.1","Inner Bulge",NA
"A12.MAA000614.3_10_M.1.1","Outer Bulge",NA
"B18.MAA000614.3_10_M.1.1","Inner Bulge",NA
"D1.MAA000614.3_10_M.1.1","Outer IFE",NA
"E7.MAA000614.3_10_M.1.1","Intermediate IFE",NA
"E8.MAA000614.3_10_M.1.1","Outer Bulge",NA
"G4.MAA000614.3_10_M.1.1","Basal IFE",NA
"I4.MAA000614.3_10_M.1.1","Intermediate IFE",NA
"K2.MAA000614.3_10_M.1.1","Basal IFE",NA
"L17.MAA000614.3_10_M.1.1","Intermediate IFE",NA
"M21.MAA000614.3_10_M.1.1","Inner Bulge",NA
"O1.MAA000614.3_10_M.1.1","Intermediate IFE",NA
"A13.MAA000614.3_10_M.1.1","Outer Bulge",NA
"B19.MAA000614.3_10_M.1.1","Inner Bulge",NA
"D2.MAA000614.3_10_M.1.1","Intermediate IFE",NA
"K3.MAA000614.3_10_M.1.1","Cell Cycle",NA
"E14.MAA000614.3_10_M.1.1","Outer Bulge",NA
"G6.MAA000614.3_10_M.1.1","Inner Bulge",NA
"I6.MAA000614.3_10_M.1.1","Intermediate IFE",NA
"L18.MAA000614.3_10_M.1.1","Inner Bulge",NA
"M22.MAA000614.3_10_M.1.1","Inner Bulge",NA
"O2.MAA000614.3_10_M.1.1","Intermediate IFE",NA
"P5.MAA000614.3_10_M.1.1","Intermediate IFE",NA
"K4.MAA000614.3_10_M.1.1","Inner Bulge",NA
"A14.MAA000614.3_10_M.1.1","Outer Bulge",NA
"B20.MAA000614.3_10_M.1.1","Inner Bulge",NA
"D3.MAA000614.3_10_M.1.1","Outer IFE",NA
"L19.MAA000614.3_10_M.1.1","Inner Bulge",NA
"E16.MAA000614.3_10_M.1.1","Inner Bulge",NA
"G7.MAA000614.3_10_M.1.1","Intermediate IFE",NA
"N1.MAA000614.3_10_M.1.1","Intermediate IFE",NA
"O3.MAA000614.3_10_M.1.1","Intermediate IFE",NA
"P6.MAA000614.3_10_M.1.1","Intermediate IFE",NA
"I7.MAA000614.3_10_M.1.1","Basal IFE",NA
"A15.MAA000614.3_10_M.1.1","Inner Bulge",NA
"K5.MAA000614.3_10_M.1.1","Basal IFE",NA
"L20.MAA000614.3_10_M.1.1","Inner Bulge",NA
"N2.MAA000614.3_10_M.1.1","Intermediate IFE",NA
"O4.MAA000614.3_10_M.1.1","Basal IFE",NA
"P7.MAA000614.3_10_M.1.1","Intermediate IFE",NA
"B21.MAA000614.3_10_M.1.1","Inner Bulge",NA
"N3.MAA000614.3_10_M.1.1","Basal IFE",NA
"O5.MAA000614.3_10_M.1.1","Intermediate IFE",NA
"D4.MAA000614.3_10_M.1.1","Basal IFE",NA
"P8.MAA000614.3_10_M.1.1","Outer Bulge",NA
"E17.MAA000614.3_10_M.1.1","Inner Bulge",NA
"G10.MAA000614.3_10_M.1.1","Outer Bulge",NA
"I8.MAA000614.3_10_M.1.1","Outer Bulge",NA
"K6.MAA000614.3_10_M.1.1","Inner Bulge",NA
"L21.MAA000614.3_10_M.1.1","Inner Bulge",NA
"E18.MAA000614.3_10_M.1.1","Inner Bulge",NA
"G13.MAA000614.3_10_M.1.1","Outer Bulge",NA
"I14.MAA000614.3_10_M.1.1","Outer Bulge",NA
"K7.MAA000614.3_10_M.1.1","Outer IFE",NA
"L22.MAA000614.3_10_M.1.1","Inner Bulge",NA
"N4.MAA000614.3_10_M.1.1","Intermediate IFE",NA
"A16.MAA000614.3_10_M.1.1","Inner Bulge",NA
"B22.MAA000614.3_10_M.1.1","Inner Bulge",NA
"O6.MAA000614.3_10_M.1.1","Basal IFE",NA
"C1.MAA000614.3_10_M.1.1","Basal IFE",NA
"D6.MAA000614.3_10_M.1.1","Intermediate IFE",NA
"E19.MAA000614.3_10_M.1.1","Inner Bulge",NA
"G22.MAA000614.3_10_M.1.1","Inner Bulge",NA
"P9.MAA000614.3_10_M.1.1","Inner Bulge",NA
"I15.MAA000614.3_10_M.1.1","Inner Bulge",NA
"A18.MAA000614.3_10_M.1.1","Inner Bulge",NA
"K10.MAA000614.3_10_M.1.1","Outer Bulge",NA
"A19.MAA000614.3_10_M.1.1","Inner Bulge",NA
"M1.MAA000614.3_10_M.1.1","Basal IFE",NA
"C2.MAA000614.3_10_M.1.1","Inner Bulge",NA
"D7.MAA000614.3_10_M.1.1","Intermediate IFE",NA
"N5.MAA000614.3_10_M.1.1","Basal IFE",NA
"P10.MAA000614.3_10_M.1.1","Outer Bulge",NA
"E21.MAA000614.3_10_M.1.1","Outer IFE",NA
"P11.MAA000614.3_10_M.1.1","Outer Bulge",NA
"H1.MAA000614.3_10_M.1.1","Basal IFE",NA
"I16.MAA000614.3_10_M.1.1","Basal IFE",NA
"K13.MAA000614.3_10_M.1.1","Outer Bulge",NA
"M2.MAA000614.3_10_M.1.1","Intermediate IFE",NA
"N6.MAA000614.3_10_M.1.1","Basal IFE",NA
"O8.MAA000614.3_10_M.1.1","Outer Bulge",NA
"A20.MAA000614.3_10_M.1.1","Inner Bulge",NA
"N7.MAA000614.3_10_M.1.1","Intermediate IFE",NA
"O9.MAA000614.3_10_M.1.1","Outer Bulge",NA
"C3.MAA000614.3_10_M.1.1","Outer IFE",NA
"A21.MAA000614.3_10_M.1.1","Inner Bulge",NA
"C4.MAA000614.3_10_M.1.1","Basal IFE",NA
"D11.MAA000614.3_10_M.1.1","Outer Bulge",NA
"E22.MAA000614.3_10_M.1.1","Inner Bulge",NA
"H2.MAA000614.3_10_M.1.1","Cell Cycle",NA
"I19.MAA000614.3_10_M.1.1","Inner Bulge",NA
"K15.MAA000614.3_10_M.1.1","Inner Bulge",NA
"M3.MAA000614.3_10_M.1.1","Intermediate IFE",NA
"D13.MAA000614.3_10_M.1.1","Inner Bulge",NA
"A22.MAA000614.3_10_M.1.1","Inner Bulge",NA
"C5.MAA000614.3_10_M.1.1","Intermediate IFE",NA
"D15.MAA000614.3_10_M.1.1","Inner Bulge",NA
"F1.MAA000614.3_10_M.1.1","Intermediate IFE",NA
"F2.MAA000614.3_10_M.1.1","Intermediate IFE",NA
"H4.MAA000614.3_10_M.1.1","Basal IFE",NA
"J1.MAA000614.3_10_M.1.1","Cell Cycle",NA
"H3.MAA000614.3_10_M.1.1","Outer IFE",NA
"I20.MAA000614.3_10_M.1.1","Inner Bulge",NA
"K16.MAA000614.3_10_M.1.1","Inner Bulge",NA
"M4.MAA000614.3_10_M.1.1","Basal IFE",NA
"N8.MAA000614.3_10_M.1.1","Outer Bulge",NA
"O10.MAA000614.3_10_M.1.1","Inner Bulge",NA
"P13.MAA000614.3_10_M.1.1","Outer Bulge",NA
"K20.MAA000614.3_10_M.1.1","Inner Bulge",NA
"B1.MAA000614.3_10_M.1.1","Basal IFE",NA
"C6.MAA000614.3_10_M.1.1","Intermediate IFE",NA
"D16.MAA000614.3_10_M.1.1","Inner Bulge",NA
"F3.MAA000614.3_10_M.1.1","Inner Bulge",NA
"H5.MAA000614.3_10_M.1.1","Basal IFE",NA
"J2.MAA000614.3_10_M.1.1","Basal IFE",NA
"K22.MAA000614.3_10_M.1.1","Inner Bulge",NA
"M6.MAA000614.3_10_M.1.1","Outer IFE",NA
"N10.MAA000614.3_10_M.1.1","Outer Bulge",NA
"M5.MAA000614.3_10_M.1.1","Intermediate IFE",NA
"P15.MAA000614.3_10_M.1.1","Inner Bulge",NA
"N9.MAA000614.3_10_M.1.1","Outer Bulge",NA
"O11.MAA000614.3_10_M.1.1","Outer Bulge",NA
"P14.MAA000614.3_10_M.1.1","Outer Bulge",NA
"J3.MAA000614.3_10_M.1.1","Intermediate IFE",NA
"L1.MAA000614.3_10_M.1.1","Intermediate IFE",NA
"M7.MAA000614.3_10_M.1.1","Basal IFE",NA
"N11.MAA000614.3_10_M.1.1","Outer Bulge",NA
"O14.MAA000614.3_10_M.1.1","Outer Bulge",NA
"P16.MAA000614.3_10_M.1.1","Inner Bulge",NA
"B3.MAA000614.3_10_M.1.1","Intermediate IFE",NA
"B2.MAA000614.3_10_M.1.1","Inner Bulge",NA
"C7.MAA000614.3_10_M.1.1","Intermediate IFE",NA
"D17.MAA000614.3_10_M.1.1","Inner Bulge",NA
"F4.MAA000614.3_10_M.1.1","Inner Bulge",NA
"H6.MAA000614.3_10_M.1.1","Inner Bulge",NA
"C8.MAA000614.3_10_M.1.1","Outer Bulge",NA
"P17.MAA000614.3_10_M.1.1","Inner Bulge",NA
"B4.MAA000614.3_10_M.1.1","Intermediate IFE",NA
"C9.MAA000614.3_10_M.1.1","Outer Bulge",NA
"D19.MAA000614.3_10_M.1.1","Intermediate IFE",NA
"F6.MAA000614.3_10_M.1.1","Intermediate IFE",NA
"D18.MAA000614.3_10_M.1.1","Inner Bulge",NA
"H8.MAA000614.3_10_M.1.1","Outer Bulge",NA
"J5.MAA000614.3_10_M.1.1","Intermediate IFE",NA
"L4.MAA000614.3_10_M.1.1","Intermediate IFE",NA
"F5.MAA000614.3_10_M.1.1","Outer IFE",NA
"H7.MAA000614.3_10_M.1.1","Basal IFE",NA
"J4.MAA000614.3_10_M.1.1","Cell Cycle",NA
"L2.MAA000614.3_10_M.1.1","Intermediate IFE",NA
"M8.MAA000614.3_10_M.1.1","Outer Bulge",NA
"N12.MAA000614.3_10_M.1.1","Outer Bulge",NA
"O15.MAA000614.3_10_M.1.1","Inner Bulge",NA
"M9.MAA000614.3_10_M.1.1","Outer Bulge",NA
"N13.MAA000614.3_10_M.1.1","Outer Bulge",NA
"O16.MAA000614.3_10_M.1.1","Inner Bulge",NA
"P18.MAA000614.3_10_M.1.1","Inner Bulge",NA
"F7.MAA000927.3_9_M.1.1","Basal IFE",NA
"G12.MAA000927.3_9_M.1.1","Inner Bulge",NA
"I7.MAA000927.3_9_M.1.1","Basal IFE",NA
"J15.MAA000927.3_9_M.1.1","Inner Bulge",NA
"L1.MAA000927.3_9_M.1.1","Intermediate IFE",NA
"M4.MAA000927.3_9_M.1.1","Basal IFE",NA
"N9.MAA000927.3_9_M.1.1","Inner Bulge",NA
"A12.MAA000927.3_9_M.1.1","Inner Bulge",NA
"D3.MAA000927.3_9_M.1.1","Basal IFE",NA
"A15.MAA000927.3_9_M.1.1","Inner Bulge",NA
"D4.MAA000927.3_9_M.1.1","Basal IFE",NA
"F9.MAA000927.3_9_M.1.1","Inner Bulge",NA
"P14.MAA000927.3_9_M.1.1","Inner Bulge",NA
"G13.MAA000927.3_9_M.1.1","Inner Bulge",NA
"I8.MAA000927.3_9_M.1.1","Inner Bulge",NA
"J16.MAA000927.3_9_M.1.1","Outer Bulge",NA
"L2.MAA000927.3_9_M.1.1","Basal IFE",NA
"M5.MAA000927.3_9_M.1.1","Outer IFE",NA
"N10.MAA000927.3_9_M.1.1","Inner Bulge",NA
"M6.MAA000927.3_9_M.1.1","Basal IFE",NA
"N11.MAA000927.3_9_M.1.1","Basal IFE",NA
"O13.MAA000927.3_9_M.1.1","Inner Bulge",NA
"A16.MAA000927.3_9_M.1.1","Outer Bulge",NA
"D9.MAA000927.3_9_M.1.1","Inner Bulge",NA
"F10.MAA000927.3_9_M.1.1","Inner Bulge",NA
"G15.MAA000927.3_9_M.1.1","Inner Bulge",NA
"I9.MAA000927.3_9_M.1.1","Inner Bulge",NA
"J18.MAA000927.3_9_M.1.1","Outer Bulge",NA
"L3.MAA000927.3_9_M.1.1","Basal IFE",NA
"D10.MAA000927.3_9_M.1.1","Inner Bulge",NA
"F12.MAA000927.3_9_M.1.1","Inner Bulge",NA
"M7.MAA000927.3_9_M.1.1","Intermediate IFE",NA
"N12.MAA000927.3_9_M.1.1","Inner Bulge",NA
"O14.MAA000927.3_9_M.1.1","Inner Bulge",NA
"P17.MAA000927.3_9_M.1.1","Outer Bulge",NA
"G16.MAA000927.3_9_M.1.1","Outer Bulge",NA
"I10.MAA000927.3_9_M.1.1","Inner Bulge",NA
"J20.MAA000927.3_9_M.1.1","Outer Bulge",NA
"L5.MAA000927.3_9_M.1.1","Intermediate IFE",NA
"G20.MAA000927.3_9_M.1.1","Outer Bulge",NA
"I12.MAA000927.3_9_M.1.1","Inner Bulge",NA
"J21.MAA000927.3_9_M.1.1","Outer Bulge",NA
"B2.MAA000927.3_9_M.1.1","Intermediate IFE",NA
"D11.MAA000927.3_9_M.1.1","Inner Bulge",NA
"F13.MAA000927.3_9_M.1.1","Inner Bulge",NA
"L6.MAA000927.3_9_M.1.1","Basal IFE",NA
"B3.MAA000927.3_9_M.1.1","Basal IFE",NA
"D12.MAA000927.3_9_M.1.1","Inner Bulge",NA
"F14.MAA000927.3_9_M.1.1","Inner Bulge",NA
"G21.MAA000927.3_9_M.1.1","Inner Bulge",NA
"I13.MAA000927.3_9_M.1.1","Inner Bulge",NA
"J22.MAA000927.3_9_M.1.1","Outer Bulge",NA
"L7.MAA000927.3_9_M.1.1","Basal IFE",NA
"M8.MAA000927.3_9_M.1.1","Inner Bulge",NA
"M9.MAA000927.3_9_M.1.1","Inner Bulge",NA
"N14.MAA000927.3_9_M.1.1","Inner Bulge",NA
"N13.MAA000927.3_9_M.1.1","Inner Bulge",NA
"O15.MAA000927.3_9_M.1.1","Inner Bulge",NA
"P18.MAA000927.3_9_M.1.1","Outer Bulge",NA
"P19.MAA000927.3_9_M.1.1","Outer Bulge",NA
"F15.MAA000927.3_9_M.1.1","Inner Bulge",NA
"G22.MAA000927.3_9_M.1.1","Outer Bulge",NA
"I14.MAA000927.3_9_M.1.1","Inner Bulge",NA
"K1.MAA000927.3_9_M.1.1","Basal IFE",NA
"L8.MAA000927.3_9_M.1.1","Inner Bulge",NA
"M10.MAA000927.3_9_M.1.1","Inner Bulge",NA
"N15.MAA000927.3_9_M.1.1","Inner Bulge",NA
"P20.MAA000927.3_9_M.1.1","Outer Bulge",NA
"B4.MAA000927.3_9_M.1.1","Basal IFE",NA
"D13.MAA000927.3_9_M.1.1","Inner Bulge",NA
"D18.MAA000927.3_9_M.1.1","Outer Bulge",NA
"F16.MAA000927.3_9_M.1.1","Outer Bulge",NA
"I15.MAA000927.3_9_M.1.1","Inner Bulge",NA
"K2.MAA000927.3_9_M.1.1","Basal IFE",NA
"L9.MAA000927.3_9_M.1.1","Inner Bulge",NA
"D20.MAA000927.3_9_M.1.1","Outer Bulge",NA
"F17.MAA000927.3_9_M.1.1","Inner Bulge",NA
"H2.MAA000927.3_9_M.1.1","Intermediate IFE",NA
"I16.MAA000927.3_9_M.1.1","Outer Bulge",NA
"K3.MAA000927.3_9_M.1.1","Basal IFE",NA
"M11.MAA000927.3_9_M.1.1","Inner Bulge",NA
"L10.MAA000927.3_9_M.1.1","Inner Bulge",NA
"N16.MAA000927.3_9_M.1.1","Outer Bulge",NA
"O19.MAA000927.3_9_M.1.1","Outer Bulge",NA
"P21.MAA000927.3_9_M.1.1","Outer Bulge",NA
"M12.MAA000927.3_9_M.1.1","Inner Bulge",NA
"B7.MAA000927.3_9_M.1.1","Basal IFE",NA
"D22.MAA000927.3_9_M.1.1","Outer Bulge",NA
"F18.MAA000927.3_9_M.1.1","Outer Bulge",NA
"H3.MAA000927.3_9_M.1.1","Basal IFE",NA
"I18.MAA000927.3_9_M.1.1","Outer Bulge",NA
"K4.MAA000927.3_9_M.1.1","Basal IFE",NA
"L11.MAA000927.3_9_M.1.1","Inner Bulge",NA
"N17.MAA000927.3_9_M.1.1","Outer Bulge",NA
"M13.MAA000927.3_9_M.1.1","Inner Bulge",NA
"N18.MAA000927.3_9_M.1.1","Outer Bulge",NA
"O21.MAA000927.3_9_M.1.1","Outer Bulge",NA
"O20.MAA000927.3_9_M.1.1","Outer Bulge",NA
"P22.MAA000927.3_9_M.1.1","Outer Bulge",NA
"H4.MAA000927.3_9_M.1.1","Basal IFE",NA
"I21.MAA000927.3_9_M.1.1","Outer Bulge",NA
"K5.MAA000927.3_9_M.1.1","Basal IFE",NA
"L12.MAA000927.3_9_M.1.1","Inner Bulge",NA
"M14.MAA000927.3_9_M.1.1","Inner Bulge",NA
"N19.MAA000927.3_9_M.1.1","Outer Bulge",NA
"O22.MAA000927.3_9_M.1.1","Outer Bulge",NA
"B8.MAA000927.3_9_M.1.1","Inner Bulge",NA
"E1.MAA000927.3_9_M.1.1","Basal IFE",NA
"F19.MAA000927.3_9_M.1.1","Outer Bulge",NA
"J1.MAA000927.3_9_M.1.1","Intermediate IFE",NA
"K6.MAA000927.3_9_M.1.1","Intermediate IFE",NA
"L13.MAA000927.3_9_M.1.1","Inner Bulge",NA
"M15.MAA000927.3_9_M.1.1","Inner Bulge",NA
"N20.MAA000927.3_9_M.1.1","Outer Bulge",NA
"P1.MAA000927.3_9_M.1.1","Basal IFE",NA
"B11.MAA000927.3_9_M.1.1","Inner Bulge",NA
"B10.MAA000927.3_9_M.1.1","Inner Bulge",NA
"F20.MAA000927.3_9_M.1.1","Outer Bulge",NA
"H5.MAA000927.3_9_M.1.1","Outer IFE",NA
"E3.MAA000927.3_9_M.1.1","Basal IFE",NA
"B12.MAA000927.3_9_M.1.1","Inner Bulge",NA
"E4.MAA000927.3_9_M.1.1","Basal IFE",NA
"F21.MAA000927.3_9_M.1.1","Outer Bulge",NA
"F22.MAA000927.3_9_M.1.1","Outer Bulge",NA
"H10.MAA000927.3_9_M.1.1","Inner Bulge",NA
"H6.MAA000927.3_9_M.1.1","Inner Bulge",NA
"J2.MAA000927.3_9_M.1.1","Basal IFE",NA
"K7.MAA000927.3_9_M.1.1","Intermediate IFE",NA
"L14.MAA000927.3_9_M.1.1","Inner Bulge",NA
"M16.MAA000927.3_9_M.1.1","Outer Bulge",NA
"N21.MAA000927.3_9_M.1.1","Outer Bulge",NA
"P2.MAA000927.3_9_M.1.1","Basal IFE",NA
"J3.MAA000927.3_9_M.1.1","Intermediate IFE",NA
"B15.MAA000927.3_9_M.1.1","Inner Bulge",NA
"E9.MAA000927.3_9_M.1.1","Inner Bulge",NA
"G1.MAA000927.3_9_M.1.1","Basal IFE",NA
"H12.MAA000927.3_9_M.1.1","Inner Bulge",NA
"J4.MAA000927.3_9_M.1.1","Outer IFE",NA
"K9.MAA000927.3_9_M.1.1","Inner Bulge",NA
"L16.MAA000927.3_9_M.1.1","Outer Bulge",NA
"K8.MAA000927.3_9_M.1.1","Inner Bulge",NA
"O1.MAA000927.3_9_M.1.1","Basal IFE",NA
"L15.MAA000927.3_9_M.1.1","Inner Bulge",NA
"N22.MAA000927.3_9_M.1.1","Outer Bulge",NA
"P3.MAA000927.3_9_M.1.1","Outer IFE",NA
"H14.MAA000927.3_9_M.1.1","Inner Bulge",NA
"J5.MAA000927.3_9_M.1.1","Basal IFE",NA
"K11.MAA000927.3_9_M.1.1","Inner Bulge",NA
"L17.MAA000927.3_9_M.1.1","Outer Bulge",NA
"M22.MAA000927.3_9_M.1.1","Outer Bulge",NA
"O2.MAA000927.3_9_M.1.1","Basal IFE",NA
"P5.MAA000927.3_9_M.1.1","Basal IFE",NA
"B16.MAA000927.3_9_M.1.1","Outer Bulge",NA
"E11.MAA000927.3_9_M.1.1","Inner Bulge",NA
"G2.MAA000927.3_9_M.1.1","Basal IFE",NA
"A2.MAA000927.3_9_M.1.1","Basal IFE",NA
"O3.MAA000927.3_9_M.1.1","Intermediate IFE",NA
"P6.MAA000927.3_9_M.1.1","Basal IFE",NA
"A3.MAA000927.3_9_M.1.1","Basal IFE",NA
"C2.MAA000927.3_9_M.1.1","Outer IFE",NA
"E13.MAA000927.3_9_M.1.1","Inner Bulge",NA
"C1.MAA000927.3_9_M.1.1","Basal IFE",NA
"G4.MAA000927.3_9_M.1.1","Basal IFE",NA
"H18.MAA000927.3_9_M.1.1","Outer Bulge",NA
"J7.MAA000927.3_9_M.1.1","Basal IFE",NA
"E12.MAA000927.3_9_M.1.1","Inner Bulge",NA
"G3.MAA000927.3_9_M.1.1","Intermediate IFE",NA
"H16.MAA000927.3_9_M.1.1","Outer Bulge",NA
"J6.MAA000927.3_9_M.1.1","Intermediate IFE",NA
"K12.MAA000927.3_9_M.1.1","Inner Bulge",NA
"L18.MAA000927.3_9_M.1.1","Outer Bulge",NA
"N1.MAA000927.3_9_M.1.1","Basal IFE",NA
"K13.MAA000927.3_9_M.1.1","Inner Bulge",NA
"A4.MAA000927.3_9_M.1.1","Basal IFE",NA
"C3.MAA000927.3_9_M.1.1","Basal IFE",NA
"F1.MAA000927.3_9_M.1.1","Basal IFE",NA
"G5.MAA000927.3_9_M.1.1","Basal IFE",NA
"I1.MAA000927.3_9_M.1.1","Basal IFE",NA
"J9.MAA000927.3_9_M.1.1","Inner Bulge",NA
"K14.MAA000927.3_9_M.1.1","Inner Bulge",NA
"L20.MAA000927.3_9_M.1.1","Outer Bulge",NA
"L19.MAA000927.3_9_M.1.1","Outer Bulge",NA
"N2.MAA000927.3_9_M.1.1","Intermediate IFE",NA
"O4.MAA000927.3_9_M.1.1","Outer IFE",NA
"P7.MAA000927.3_9_M.1.1","Inner Bulge",NA
"N3.MAA000927.3_9_M.1.1","Basal IFE",NA
"O5.MAA000927.3_9_M.1.1","Basal IFE",NA
"P8.MAA000927.3_9_M.1.1","Inner Bulge",NA
"C4.MAA000927.3_9_M.1.1","Basal IFE",NA
"N4.MAA000927.3_9_M.1.1","Basal IFE",NA
"O6.MAA000927.3_9_M.1.1","Intermediate IFE",NA
"F2.MAA000927.3_9_M.1.1","Intermediate IFE",NA
"G6.MAA000927.3_9_M.1.1","Intermediate IFE",NA
"I2.MAA000927.3_9_M.1.1","Outer IFE",NA
"J10.MAA000927.3_9_M.1.1","Inner Bulge",NA
"K15.MAA000927.3_9_M.1.1","Inner Bulge",NA
"L21.MAA000927.3_9_M.1.1","Outer Bulge",NA
"P9.MAA000927.3_9_M.1.1","Inner Bulge",NA
"J11.MAA000927.3_9_M.1.1","Inner Bulge",NA
"C14.MAA000927.3_9_M.1.1","Inner Bulge",NA
"F3.MAA000927.3_9_M.1.1","Basal IFE",NA
"G7.MAA000927.3_9_M.1.1","Cell Cycle",NA
"I3.MAA000927.3_9_M.1.1","Basal IFE",NA
"P10.MAA000927.3_9_M.1.1","Inner Bulge",NA
"K16.MAA000927.3_9_M.1.1","Outer Bulge",NA
"L22.MAA000927.3_9_M.1.1","Outer Bulge",NA
"N5.MAA000927.3_9_M.1.1","Basal IFE",NA
"A8.MAA000927.3_9_M.1.1","Inner Bulge",NA
"C22.MAA000927.3_9_M.1.1","Outer Bulge",NA
"G9.MAA000927.3_9_M.1.1","Inner Bulge",NA
"F4.MAA000927.3_9_M.1.1","Basal IFE",NA
"M1.MAA000927.3_9_M.1.1","Intermediate IFE",NA
"N6.MAA000927.3_9_M.1.1","Basal IFE",NA
"I4.MAA000927.3_9_M.1.1","Basal IFE",NA
"J12.MAA000927.3_9_M.1.1","Inner Bulge",NA
"A9.MAA000927.3_9_M.1.1","Inner Bulge",NA
"D1.MAA000927.3_9_M.1.1","Basal IFE",NA
"F5.MAA000927.3_9_M.1.1","Basal IFE",NA
"I5.MAA000927.3_9_M.1.1","Intermediate IFE",NA
"J13.MAA000927.3_9_M.1.1","Inner Bulge",NA
"M2.MAA000927.3_9_M.1.1","Basal IFE",NA
"G10.MAA000927.3_9_M.1.1","Inner Bulge",NA
"N7.MAA000927.3_9_M.1.1","Intermediate IFE",NA
"O9.MAA000927.3_9_M.1.1","Inner Bulge",NA
"A11.MAA000927.3_9_M.1.1","Inner Bulge",NA
"D2.MAA000927.3_9_M.1.1","Inner Bulge",NA
"F6.MAA000927.3_9_M.1.1","Inner Bulge",NA
"G11.MAA000927.3_9_M.1.1","Outer IFE",NA
"M3.MAA000927.3_9_M.1.1","Basal IFE",NA
"N8.MAA000927.3_9_M.1.1","Inner Bulge",NA
"O10.MAA000927.3_9_M.1.1","Inner Bulge",NA
"P13.MAA000927.3_9_M.1.1","Inner Bulge",NA
"I6.MAA000927.3_9_M.1.1","Basal IFE",NA
"J14.MAA000927.3_9_M.1.1","Inner Bulge",NA
"K22.MAA000927.3_9_M.1.1","Outer Bulge",NA
"F17.MAA000938.3_8_M.1.1","Inner Bulge",NA
"H10.MAA000938.3_8_M.1.1","Inner Bulge",NA
"J4.MAA000938.3_8_M.1.1","Inner Bulge",NA
"K14.MAA000938.3_8_M.1.1","Outer Bulge",NA
"B6.MAA000938.3_8_M.1.1","Basal IFE",NA
"D6.MAA000938.3_8_M.1.1","Basal IFE",NA
"M2.MAA000938.3_8_M.1.1","Basal IFE",NA
"B7.MAA000938.3_8_M.1.1","Basal IFE",NA
"D9.MAA000938.3_8_M.1.1","Inner Bulge",NA
"H11.MAA000938.3_8_M.1.1","Outer Bulge",NA
"J5.MAA000938.3_8_M.1.1","Basal IFE",NA
"K16.MAA000938.3_8_M.1.1","Inner Bulge",NA
"M3.MAA000938.3_8_M.1.1","Intermediate IFE",NA
"N4.MAA000938.3_8_M.1.1","Basal IFE",NA
"O7.MAA000938.3_8_M.1.1","Basal IFE",NA
"P13.MAA000938.3_8_M.1.1","Outer Bulge",NA
"B10.MAA000938.3_8_M.1.1","Outer Bulge",NA
"D10.MAA000938.3_8_M.1.1","Outer Bulge",NA
"F20.MAA000938.3_8_M.1.1","Inner Bulge",NA
"H12.MAA000938.3_8_M.1.1","Outer Bulge",NA
"J6.MAA000938.3_8_M.1.1","Basal IFE",NA
"N5.MAA000938.3_8_M.1.1","Basal IFE",NA
"K17.MAA000938.3_8_M.1.1","Inner Bulge",NA
"O8.MAA000938.3_8_M.1.1","Outer Bulge",NA
"P14.MAA000938.3_8_M.1.1","Inner Bulge",NA
"M4.MAA000938.3_8_M.1.1","Intermediate IFE",NA
"N6.MAA000938.3_8_M.1.1","Inner Bulge",NA
"O9.MAA000938.3_8_M.1.1","Outer Bulge",NA
"P15.MAA000938.3_8_M.1.1","Inner Bulge",NA
"K18.MAA000938.3_8_M.1.1","Cell Cycle",NA
"M5.MAA000938.3_8_M.1.1","Intermediate IFE",NA
"N7.MAA000938.3_8_M.1.1","Basal IFE",NA
"O10.MAA000938.3_8_M.1.1","Outer Bulge",NA
"A1.MAA000938.3_8_M.1.1","Cell Cycle",NA
"P16.MAA000938.3_8_M.1.1","Inner Bulge",NA
"B11.MAA000938.3_8_M.1.1","Outer Bulge",NA
"D12.MAA000938.3_8_M.1.1","Outer Bulge",NA
"F21.MAA000938.3_8_M.1.1","Inner Bulge",NA
"H13.MAA000938.3_8_M.1.1","Inner Bulge",NA
"J9.MAA000938.3_8_M.1.1","Outer Bulge",NA
"B12.MAA000938.3_8_M.1.1","Outer Bulge",NA
"D13.MAA000938.3_8_M.1.1","Outer Bulge",NA
"G1.MAA000938.3_8_M.1.1","Intermediate IFE",NA
"A3.MAA000938.3_8_M.1.1","Inner Bulge",NA
"H16.MAA000938.3_8_M.1.1","Inner Bulge",NA
"P17.MAA000938.3_8_M.1.1","Inner Bulge",NA
"J10.MAA000938.3_8_M.1.1","Outer Bulge",NA
"K19.MAA000938.3_8_M.1.1","Inner Bulge",NA
"M6.MAA000938.3_8_M.1.1","Intermediate IFE",NA
"N8.MAA000938.3_8_M.1.1","Outer Bulge",NA
"O12.MAA000938.3_8_M.1.1","Outer Bulge",NA
"N9.MAA000938.3_8_M.1.1","Outer Bulge",NA
"O13.MAA000938.3_8_M.1.1","Outer Bulge",NA
"P18.MAA000938.3_8_M.1.1","Inner Bulge",NA
"B14.MAA000938.3_8_M.1.1","Outer Bulge",NA
"D17.MAA000938.3_8_M.1.1","Inner Bulge",NA
"H19.MAA000938.3_8_M.1.1","Inner Bulge",NA
"J11.MAA000938.3_8_M.1.1","Outer Bulge",NA
"K20.MAA000938.3_8_M.1.1","Inner Bulge",NA
"M7.MAA000938.3_8_M.1.1","Inner Bulge",NA
"I1.MAA000938.3_8_M.1.1","Basal IFE",NA
"J13.MAA000938.3_8_M.1.1","Outer Bulge",NA
"K21.MAA000938.3_8_M.1.1","Inner Bulge",NA
"M8.MAA000938.3_8_M.1.1","Outer Bulge",NA
"N10.MAA000938.3_8_M.1.1","Outer Bulge",NA
"O14.MAA000938.3_8_M.1.1","Outer Bulge",NA
"A5.MAA000938.3_8_M.1.1","Basal IFE",NA
"B15.MAA000938.3_8_M.1.1","Inner Bulge",NA
"D22.MAA000938.3_8_M.1.1","Outer Bulge",NA
"G3.MAA000938.3_8_M.1.1","Basal IFE",NA
"P19.MAA000938.3_8_M.1.1","Inner Bulge",NA
"E1.MAA000938.3_8_M.1.1","Basal IFE",NA
"G4.MAA000938.3_8_M.1.1","Basal IFE",NA
"I2.MAA000938.3_8_M.1.1","Basal IFE",NA
"J14.MAA000938.3_8_M.1.1","Outer Bulge",NA
"K22.MAA000938.3_8_M.1.1","Inner Bulge",NA
"M9.MAA000938.3_8_M.1.1","Outer Bulge",NA
"N11.MAA000938.3_8_M.1.1","Outer Bulge",NA
"A6.MAA000938.3_8_M.1.1","Basal IFE",NA
"B16.MAA000938.3_8_M.1.1","Inner Bulge",NA
"O16.MAA000938.3_8_M.1.1","Inner Bulge",NA
"A7.MAA000938.3_8_M.1.1","Basal IFE",NA
"B17.MAA000938.3_8_M.1.1","Inner Bulge",NA
"E2.MAA000938.3_8_M.1.1","Basal IFE",NA
"G5.MAA000938.3_8_M.1.1","Intermediate IFE",NA
"I3.MAA000938.3_8_M.1.1","Basal IFE",NA
"J15.MAA000938.3_8_M.1.1","Inner Bulge",NA
"L1.MAA000938.3_8_M.1.1","Intermediate IFE",NA
"M10.MAA000938.3_8_M.1.1","Outer Bulge",NA
"N12.MAA000938.3_8_M.1.1","Outer Bulge",NA
"P20.MAA000938.3_8_M.1.1","Inner Bulge",NA
"O17.MAA000938.3_8_M.1.1","Inner Bulge",NA
"P21.MAA000938.3_8_M.1.1","Basal IFE",NA
"G6.MAA000938.3_8_M.1.1","Intermediate IFE",NA
"I4.MAA000938.3_8_M.1.1","Basal IFE",NA
"J16.MAA000938.3_8_M.1.1","Inner Bulge",NA
"L3.MAA000938.3_8_M.1.1","Intermediate IFE",NA
"M11.MAA000938.3_8_M.1.1","Outer Bulge",NA
"N13.MAA000938.3_8_M.1.1","Outer Bulge",NA
"O18.MAA000938.3_8_M.1.1","Inner Bulge",NA
"P22.MAA000938.3_8_M.1.1","Inner Bulge",NA
"A9.MAA000938.3_8_M.1.1","Outer Bulge",NA
"B18.MAA000938.3_8_M.1.1","Inner Bulge",NA
"E3.MAA000938.3_8_M.1.1","Basal IFE",NA
"I5.MAA000938.3_8_M.1.1","Cell Cycle",NA
"J17.MAA000938.3_8_M.1.1","Outer IFE",NA
"L4.MAA000938.3_8_M.1.1","Basal IFE",NA
"M12.MAA000938.3_8_M.1.1","Outer Bulge",NA
"N14.MAA000938.3_8_M.1.1","Outer Bulge",NA
"O20.MAA000938.3_8_M.1.1","Inner Bulge",NA
"A10.MAA000938.3_8_M.1.1","Outer Bulge",NA
"B22.MAA000938.3_8_M.1.1","Inner Bulge",NA
"E4.MAA000938.3_8_M.1.1","Basal IFE",NA
"G7.MAA000938.3_8_M.1.1","Basal IFE",NA
"I6.MAA000938.3_8_M.1.1","Cell Cycle",NA
"J18.MAA000938.3_8_M.1.1","Inner Bulge",NA
"L5.MAA000938.3_8_M.1.1","Basal IFE",NA
"M13.MAA000938.3_8_M.1.1","Outer Bulge",NA
"N15.MAA000938.3_8_M.1.1","Inner Bulge",NA
"O21.MAA000938.3_8_M.1.1","Inner Bulge",NA
"A12.MAA000938.3_8_M.1.1","Outer Bulge",NA
"A11.MAA000938.3_8_M.1.1","Outer Bulge",NA
"C1.MAA000938.3_8_M.1.1","Intermediate IFE",NA
"E5.MAA000938.3_8_M.1.1","Basal IFE",NA
"G9.MAA000938.3_8_M.1.1","Outer Bulge",NA
"C2.MAA000938.3_8_M.1.1","Basal IFE",NA
"A13.MAA000938.3_8_M.1.1","Outer Bulge",NA
"C3.MAA000938.3_8_M.1.1","Basal IFE",NA
"E14.MAA000938.3_8_M.1.1","Outer Bulge",NA
"E6.MAA000938.3_8_M.1.1","Intermediate IFE",NA
"G13.MAA000938.3_8_M.1.1","Outer Bulge",NA
"I9.MAA000938.3_8_M.1.1","Outer Bulge",NA
"J20.MAA000938.3_8_M.1.1","Inner Bulge",NA
"G11.MAA000938.3_8_M.1.1","Outer Bulge",NA
"I7.MAA000938.3_8_M.1.1","Intermediate IFE",NA
"J19.MAA000938.3_8_M.1.1","Inner Bulge",NA
"L6.MAA000938.3_8_M.1.1","Basal IFE",NA
"M14.MAA000938.3_8_M.1.1","Outer Bulge",NA
"N17.MAA000938.3_8_M.1.1","Inner Bulge",NA
"O22.MAA000938.3_8_M.1.1","Inner Bulge",NA
"L7.MAA000938.3_8_M.1.1","Basal IFE",NA
"A14.MAA000938.3_8_M.1.1","Outer Bulge",NA
"C4.MAA000938.3_8_M.1.1","Basal IFE",NA
"E17.MAA000938.3_8_M.1.1","Inner Bulge",NA
"G14.MAA000938.3_8_M.1.1","Outer Bulge",NA
"I10.MAA000938.3_8_M.1.1","Outer Bulge",NA
"J21.MAA000938.3_8_M.1.1","Inner Bulge",NA
"M15.MAA000938.3_8_M.1.1","Inner Bulge",NA
"L8.MAA000938.3_8_M.1.1","Outer Bulge",NA
"M16.MAA000938.3_8_M.1.1","Inner Bulge",NA
"N19.MAA000938.3_8_M.1.1","Inner Bulge",NA
"N18.MAA000938.3_8_M.1.1","Inner Bulge",NA
"P1.MAA000938.3_8_M.1.1","Basal IFE",NA
"P2.MAA000938.3_8_M.1.1","Intermediate IFE",NA
"C6.MAA000938.3_8_M.1.1","Basal IFE",NA
"E19.MAA000938.3_8_M.1.1","Inner Bulge",NA
"G17.MAA000938.3_8_M.1.1","Inner Bulge",NA
"I11.MAA000938.3_8_M.1.1","Outer Bulge",NA
"J22.MAA000938.3_8_M.1.1","Inner Bulge",NA
"L9.MAA000938.3_8_M.1.1","Outer Bulge",NA
"M17.MAA000938.3_8_M.1.1","Inner Bulge",NA
"N20.MAA000938.3_8_M.1.1","Inner Bulge",NA
"P3.MAA000938.3_8_M.1.1","Intermediate IFE",NA
"A15.MAA000938.3_8_M.1.1","Inner Bulge",NA
"K1.MAA000938.3_8_M.1.1","Basal IFE",NA
"L12.MAA000938.3_8_M.1.1","Outer Bulge",NA
"M18.MAA000938.3_8_M.1.1","Inner Bulge",NA
"N21.MAA000938.3_8_M.1.1","Inner Bulge",NA
"P4.MAA000938.3_8_M.1.1","Intermediate IFE",NA
"A16.MAA000938.3_8_M.1.1","Inner Bulge",NA
"C13.MAA000938.3_8_M.1.1","Outer Bulge",NA
"F1.MAA000938.3_8_M.1.1","Basal IFE",NA
"G18.MAA000938.3_8_M.1.1","Inner Bulge",NA
"I13.MAA000938.3_8_M.1.1","Outer Bulge",NA
"K2.MAA000938.3_8_M.1.1","Basal IFE",NA
"L14.MAA000938.3_8_M.1.1","Outer Bulge",NA
"M19.MAA000938.3_8_M.1.1","Inner Bulge",NA
"N22.MAA000938.3_8_M.1.1","Inner Bulge",NA
"P5.MAA000938.3_8_M.1.1","Basal IFE",NA
"A18.MAA000938.3_8_M.1.1","Inner Bulge",NA
"C14.MAA000938.3_8_M.1.1","Outer Bulge",NA
"F2.MAA000938.3_8_M.1.1","Intermediate IFE",NA
"H1.MAA000938.3_8_M.1.1","Basal IFE",NA
"I17.MAA000938.3_8_M.1.1","Inner Bulge",NA
"K3.MAA000938.3_8_M.1.1","Basal IFE",NA
"L16.MAA000938.3_8_M.1.1","Inner Bulge",NA
"M20.MAA000938.3_8_M.1.1","Inner Bulge",NA
"O1.MAA000938.3_8_M.1.1","Basal IFE",NA
"P7.MAA000938.3_8_M.1.1","Basal IFE",NA
"A19.MAA000938.3_8_M.1.1","Inner Bulge",NA
"C16.MAA000938.3_8_M.1.1","Inner Bulge",NA
"F3.MAA000938.3_8_M.1.1","Cell Cycle",NA
"H2.MAA000938.3_8_M.1.1","Basal IFE",NA
"I20.MAA000938.3_8_M.1.1","Inner Bulge",NA
"A22.MAA000938.3_8_M.1.1","Inner Bulge",NA
"M21.MAA000938.3_8_M.1.1","Inner Bulge",NA
"O2.MAA000938.3_8_M.1.1","Basal IFE",NA
"P8.MAA000938.3_8_M.1.1","Outer Bulge",NA
"D1.MAA000938.3_8_M.1.1","Cell Cycle",NA
"F4.MAA000938.3_8_M.1.1","Basal IFE",NA
"H3.MAA000938.3_8_M.1.1","Intermediate IFE",NA
"I21.MAA000938.3_8_M.1.1","Inner Bulge",NA
"K4.MAA000938.3_8_M.1.1","Outer IFE",NA
"L17.MAA000938.3_8_M.1.1","Inner Bulge",NA
"O3.MAA000938.3_8_M.1.1","Basal IFE",NA
"P9.MAA000938.3_8_M.1.1","Outer Bulge",NA
"B2.MAA000938.3_8_M.1.1","Basal IFE",NA
"B3.MAA000938.3_8_M.1.1","Intermediate IFE",NA
"D2.MAA000938.3_8_M.1.1","Basal IFE",NA
"F6.MAA000938.3_8_M.1.1","Basal IFE",NA
"H4.MAA000938.3_8_M.1.1","Intermediate IFE",NA
"I22.MAA000938.3_8_M.1.1","Inner Bulge",NA
"K5.MAA000938.3_8_M.1.1","Intermediate IFE",NA
"L19.MAA000938.3_8_M.1.1","Inner Bulge",NA
"M22.MAA000938.3_8_M.1.1","Inner Bulge",NA
"D3.MAA000938.3_8_M.1.1","Intermediate IFE",NA
"N1.MAA000938.3_8_M.1.1","Cell Cycle",NA
"O4.MAA000938.3_8_M.1.1","Basal IFE",NA
"P10.MAA000938.3_8_M.1.1","Outer Bulge",NA
"F7.MAA000938.3_8_M.1.1","Inner Bulge",NA
"H6.MAA000938.3_8_M.1.1","Intermediate IFE",NA
"J1.MAA000938.3_8_M.1.1","Intermediate IFE",NA
"K6.MAA000938.3_8_M.1.1","Intermediate IFE",NA
"L20.MAA000938.3_8_M.1.1","Inner Bulge",NA
"F10.MAA000938.3_8_M.1.1","Outer Bulge",NA
"H7.MAA000938.3_8_M.1.1","Basal IFE",NA
"J2.MAA000938.3_8_M.1.1","Basal IFE",NA
"K7.MAA000938.3_8_M.1.1","Basal IFE",NA
"L21.MAA000938.3_8_M.1.1","Inner Bulge",NA
"N2.MAA000938.3_8_M.1.1","Basal IFE",NA
"O5.MAA000938.3_8_M.1.1","Basal IFE",NA
"P11.MAA000938.3_8_M.1.1","Outer Bulge",NA
"B4.MAA000938.3_8_M.1.1","Basal IFE",NA
"D4.MAA000938.3_8_M.1.1","Basal IFE",NA
"D5.MAA000938.3_8_M.1.1","Outer IFE",NA
"F13.MAA000938.3_8_M.1.1","Outer Bulge",NA
"H9.MAA000938.3_8_M.1.1","Outer Bulge",NA
"J3.MAA000938.3_8_M.1.1","Intermediate IFE",NA
"K10.MAA000938.3_8_M.1.1","Outer Bulge",NA
"M1.MAA000938.3_8_M.1.1","Cell Cycle",NA
"N3.MAA000938.3_8_M.1.1","Intermediate IFE",NA
"P12.MAA000938.3_8_M.1.1","Outer Bulge",NA
"B5.MAA000938.3_8_M.1.1","Basal IFE",NA
"A21.B003283.3_38_F.1.1","Outer Bulge",NA
"C1.B003283.3_38_F.1.1","Basal IFE",NA
"D3.B003283.3_38_F.1.1","Basal IFE",NA
"E5.B003283.3_38_F.1.1","Basal IFE",NA
"G9.B003283.3_38_F.1.1","Inner Bulge",NA
"H11.B003283.3_38_F.1.1","Inner Bulge",NA
"I13.B003283.3_38_F.1.1","Inner Bulge",NA
"J16.B003283.3_38_F.1.1","Inner Bulge",NA
"K19.B003283.3_38_F.1.1","Outer Bulge",NA
"L21.B003283.3_38_F.1.1","Outer Bulge",NA
"C2.B003283.3_38_F.1.1","Intermediate IFE",NA
"D4.B003283.3_38_F.1.1","Intermediate IFE",NA
"E6.B003283.3_38_F.1.1","Intermediate IFE",NA
"F8.B003283.3_38_F.1.1","Outer IFE",NA
"G10.B003283.3_38_F.1.1","Inner Bulge",NA
"H12.B003283.3_38_F.1.1","Basal IFE",NA
"I14.B003283.3_38_F.1.1","Basal IFE",NA
"N1.B003283.3_38_F.1.1","Intermediate IFE",NA
"J17.B003283.3_38_F.1.1","Intermediate IFE",NA
"K20.B003283.3_38_F.1.1","Outer Bulge",NA
"L22.B003283.3_38_F.1.1","Outer Bulge",NA
"O3.B003283.3_38_F.1.1","Basal IFE",NA
"P6.B003283.3_38_F.1.1","Intermediate IFE",NA
"A22.B003283.3_38_F.1.1","Outer Bulge",NA
"N2.B003283.3_38_F.1.1","Basal IFE",NA
"E7.B003283.3_38_F.1.1","Intermediate IFE",NA
"F9.B003283.3_38_F.1.1","Inner Bulge",NA
"G11.B003283.3_38_F.1.1","Basal IFE",NA
"H13.B003283.3_38_F.1.1","Inner Bulge",NA
"I15.B003283.3_38_F.1.1","Basal IFE",NA
"J19.B003283.3_38_F.1.1","Outer Bulge",NA
"K21.B003283.3_38_F.1.1","Outer Bulge",NA
"M1.B003283.3_38_F.1.1","Intermediate IFE",NA
"N3.B003283.3_38_F.1.1","Intermediate IFE",NA
"O6.B003283.3_38_F.1.1","Basal IFE",NA
"O5.B003283.3_38_F.1.1","Basal IFE",NA
"P7.B003283.3_38_F.1.1","Intermediate IFE",NA
"C3.B003283.3_38_F.1.1","Basal IFE",NA
"D5.B003283.3_38_F.1.1","Basal IFE",NA
"P8.B003283.3_38_F.1.1","Outer Bulge",NA
"H14.B003283.3_38_F.1.1","Basal IFE",NA
"I16.B003283.3_38_F.1.1","Basal IFE",NA
"J20.B003283.3_38_F.1.1","Outer Bulge",NA
"K22.B003283.3_38_F.1.1","Outer Bulge",NA
"M2.B003283.3_38_F.1.1","Outer IFE",NA
"N4.B003283.3_38_F.1.1","Intermediate IFE",NA
"O7.B003283.3_38_F.1.1","Intermediate IFE",NA
"P9.B003283.3_38_F.1.1","Inner Bulge",NA
"B3.B003283.3_38_F.1.1","Basal IFE",NA
"C5.B003283.3_38_F.1.1","Intermediate IFE",NA
"D7.B003283.3_38_F.1.1","Outer IFE",NA
"B2.B003283.3_38_F.1.1","Basal IFE",NA
"C4.B003283.3_38_F.1.1","Outer IFE",NA
"D6.B003283.3_38_F.1.1","Intermediate IFE",NA
"E8.B003283.3_38_F.1.1","Basal IFE",NA
"F10.B003283.3_38_F.1.1","Inner Bulge",NA
"G12.B003283.3_38_F.1.1","Inner Bulge",NA
"E9.B003283.3_38_F.1.1","Inner Bulge",NA
"O8.B003283.3_38_F.1.1","Basal IFE",NA
"P10.B003283.3_38_F.1.1","Inner Bulge",NA
"A2.B003283.3_38_F.1.1","Basal IFE",NA
"B4.B003283.3_38_F.1.1","Intermediate IFE",NA
"C6.B003283.3_38_F.1.1","Basal IFE",NA
"D8.B003283.3_38_F.1.1","Outer IFE",NA
"E10.B003283.3_38_F.1.1","Inner Bulge",NA
"F12.B003283.3_38_F.1.1","Basal IFE",NA
"F11.B003283.3_38_F.1.1","Inner Bulge",NA
"G14.B003283.3_38_F.1.1","Basal IFE",NA
"H16.B003283.3_38_F.1.1","Inner Bulge",NA
"I18.B003283.3_38_F.1.1","Outer Bulge",NA
"G13.B003283.3_38_F.1.1","Basal IFE",NA
"H15.B003283.3_38_F.1.1","Inner Bulge",NA
"I17.B003283.3_38_F.1.1","Inner Bulge",NA
"J21.B003283.3_38_F.1.1","Outer Bulge",NA
"L1.B003283.3_38_F.1.1","Basal IFE",NA
"M3.B003283.3_38_F.1.1","Outer IFE",NA
"N5.B003283.3_38_F.1.1","Basal IFE",NA
"J22.B003283.3_38_F.1.1","Outer Bulge",NA
"C7.B003283.3_38_F.1.1","Basal IFE",NA
"D9.B003283.3_38_F.1.1","Inner Bulge",NA
"E11.B003283.3_38_F.1.1","Inner Bulge",NA
"F13.B003283.3_38_F.1.1","Basal IFE",NA
"G15.B003283.3_38_F.1.1","Basal IFE",NA
"H17.B003283.3_38_F.1.1","Basal IFE",NA
"I19.B003283.3_38_F.1.1","Outer Bulge",NA
"K1.B003283.3_38_F.1.1","Basal IFE",NA
"L3.B003283.3_38_F.1.1","Cell Cycle",NA
"M5.B003283.3_38_F.1.1","Intermediate IFE",NA
"L2.B003283.3_38_F.1.1","Intermediate IFE",NA
"N7.B003283.3_38_F.1.1","Basal IFE",NA
"O10.B003283.3_38_F.1.1","Basal IFE",NA
"M4.B003283.3_38_F.1.1","Basal IFE",NA
"N6.B003283.3_38_F.1.1","Basal IFE",NA
"O9.B003283.3_38_F.1.1","Inner Bulge",NA
"A3.B003283.3_38_F.1.1","Basal IFE",NA
"B5.B003283.3_38_F.1.1","Basal IFE",NA
"I20.B003283.3_38_F.1.1","Outer Bulge",NA
"K2.B003283.3_38_F.1.1","Basal IFE",NA
"L4.B003283.3_38_F.1.1","Basal IFE",NA
"M6.B003283.3_38_F.1.1","Intermediate IFE",NA
"N8.B003283.3_38_F.1.1","Intermediate IFE",NA
"O11.B003283.3_38_F.1.1","Intermediate IFE",NA
"A5.B003283.3_38_F.1.1","Inner Bulge",NA
"B7.B003283.3_38_F.1.1","Intermediate IFE",NA
"A4.B003283.3_38_F.1.1","Basal IFE",NA
"C9.B003283.3_38_F.1.1","Basal IFE",NA
"D11.B003283.3_38_F.1.1","Inner Bulge",NA
"E13.B003283.3_38_F.1.1","Basal IFE",NA
"B6.B003283.3_38_F.1.1","Basal IFE",NA
"C8.B003283.3_38_F.1.1","Basal IFE",NA
"D10.B003283.3_38_F.1.1","Intermediate IFE",NA
"E12.B003283.3_38_F.1.1","Inner Bulge",NA
"F14.B003283.3_38_F.1.1","Cell Cycle",NA
"G16.B003283.3_38_F.1.1","Basal IFE",NA
"H18.B003283.3_38_F.1.1","Outer Bulge",NA
"F15.B003283.3_38_F.1.1","Inner Bulge",NA
"A6.B003283.3_38_F.1.1","Basal IFE",NA
"B8.B003283.3_38_F.1.1","Inner Bulge",NA
"C10.B003283.3_38_F.1.1","Inner Bulge",NA
"D12.B003283.3_38_F.1.1","Inner Bulge",NA
"E14.B003283.3_38_F.1.1","Basal IFE",NA
"F16.B003283.3_38_F.1.1","Basal IFE",NA
"G18.B003283.3_38_F.1.1","Outer Bulge",NA
"H20.B003283.3_38_F.1.1","Outer Bulge",NA
"G17.B003283.3_38_F.1.1","Intermediate IFE",NA
"I22.B003283.3_38_F.1.1","Outer Bulge",NA
"K4.B003283.3_38_F.1.1","Basal IFE",NA
"L6.B003283.3_38_F.1.1","Basal IFE",NA
"H19.B003283.3_38_F.1.1","Outer Bulge",NA
"I21.B003283.3_38_F.1.1","Outer Bulge",NA
"K3.B003283.3_38_F.1.1","Basal IFE",NA
"L5.B003283.3_38_F.1.1","Cell Cycle",NA
"M7.B003283.3_38_F.1.1","Outer IFE",NA
"N9.B003283.3_38_F.1.1","Inner Bulge",NA
"O12.B003283.3_38_F.1.1","Inner Bulge",NA
"M8.B003283.3_38_F.1.1","Intermediate IFE",NA
"E15.B003283.3_38_F.1.1","Inner Bulge",NA
"F17.B003283.3_38_F.1.1","Inner Bulge",NA
"G19.B003283.3_38_F.1.1","Outer Bulge",NA
"H21.B003283.3_38_F.1.1","Outer Bulge",NA
"J1.B003283.3_38_F.1.1","Intermediate IFE",NA
"K5.B003283.3_38_F.1.1","Basal IFE",NA
"L7.B003283.3_38_F.1.1","Intermediate IFE",NA
"M9.B003283.3_38_F.1.1","Inner Bulge",NA
"N11.B003283.3_38_F.1.1","Inner Bulge",NA
"O14.B003283.3_38_F.1.1","Inner Bulge",NA
"N10.B003283.3_38_F.1.1","Inner Bulge",NA
"A8.B003283.3_38_F.1.1","Inner Bulge",NA
"O13.B003283.3_38_F.1.1","Inner Bulge",NA
"A7.B003283.3_38_F.1.1","Outer IFE",NA
"B9.B003283.3_38_F.1.1","Basal IFE",NA
"C11.B003283.3_38_F.1.1","Basal IFE",NA
"D13.B003283.3_38_F.1.1","Basal IFE",NA
"B10.B003283.3_38_F.1.1","Inner Bulge",NA
"L8.B003283.3_38_F.1.1","Basal IFE",NA
"M10.B003283.3_38_F.1.1","Inner Bulge",NA
"N12.B003283.3_38_F.1.1","Inner Bulge",NA
"O15.B003283.3_38_F.1.1","Cell Cycle",NA
"A9.B003283.3_38_F.1.1","Inner Bulge",NA
"C13.B003283.3_38_F.1.1","Intermediate IFE",NA
"D15.B003283.3_38_F.1.1","Inner Bulge",NA
"C12.B003283.3_38_F.1.1","Inner Bulge",NA
"E17.B003283.3_38_F.1.1","Inner Bulge",NA
"F19.B003283.3_38_F.1.1","Outer Bulge",NA
"G21.B003283.3_38_F.1.1","Outer Bulge",NA
"D14.B003283.3_38_F.1.1","Inner Bulge",NA
"E16.B003283.3_38_F.1.1","Inner Bulge",NA
"F18.B003283.3_38_F.1.1","Outer Bulge",NA
"G20.B003283.3_38_F.1.1","Outer Bulge",NA
"H22.B003283.3_38_F.1.1","Outer Bulge",NA
"J2.B003283.3_38_F.1.1","Basal IFE",NA
"K6.B003283.3_38_F.1.1","Basal IFE",NA
"I1.B003283.3_38_F.1.1","Intermediate IFE",NA
"A10.B003283.3_38_F.1.1","Intermediate IFE",NA
"B12.B003283.3_38_F.1.1","Inner Bulge",NA
"C14.B003283.3_38_F.1.1","Intermediate IFE",NA
"D16.B003283.3_38_F.1.1","Inner Bulge",NA
"E18.B003283.3_38_F.1.1","Outer Bulge",NA
"F20.B003283.3_38_F.1.1","Outer Bulge",NA
"G22.B003283.3_38_F.1.1","Outer Bulge",NA
"I2.B003283.3_38_F.1.1","Intermediate IFE",NA
"J5.B003283.3_38_F.1.1","Outer IFE",NA
"K8.B003283.3_38_F.1.1","Intermediate IFE",NA
"J3.B003283.3_38_F.1.1","Outer IFE",NA
"L10.B003283.3_38_F.1.1","Inner Bulge",NA
"M12.B003283.3_38_F.1.1","Inner Bulge",NA
"N14.B003283.3_38_F.1.1","Inner Bulge",NA
"K7.B003283.3_38_F.1.1","Intermediate IFE",NA
"L9.B003283.3_38_F.1.1","Outer IFE",NA
"M11.B003283.3_38_F.1.1","Inner Bulge",NA
"N13.B003283.3_38_F.1.1","Inner Bulge",NA
"O16.B003283.3_38_F.1.1","Inner Bulge",NA
"O17.B003283.3_38_F.1.1","Basal IFE",NA
"H1.B003283.3_38_F.1.1","Inner Bulge",NA
"I3.B003283.3_38_F.1.1","Cell Cycle",NA
"J6.B003283.3_38_F.1.1","Basal IFE",NA
"K9.B003283.3_38_F.1.1","Inner Bulge",NA
"L11.B003283.3_38_F.1.1","Inner Bulge",NA
"M13.B003283.3_38_F.1.1","Inner Bulge",NA
"N15.B003283.3_38_F.1.1","Basal IFE",NA
"O18.B003283.3_38_F.1.1","Outer Bulge",NA
"A12.B003283.3_38_F.1.1","Intermediate IFE",NA
"B14.B003283.3_38_F.1.1","Basal IFE",NA
"C16.B003283.3_38_F.1.1","Basal IFE",NA
"A11.B003283.3_38_F.1.1","Inner Bulge",NA
"B13.B003283.3_38_F.1.1","Basal IFE",NA
"C15.B003283.3_38_F.1.1","Inner Bulge",NA
"D17.B003283.3_38_F.1.1","Inner Bulge",NA
"E19.B003283.3_38_F.1.1","Outer Bulge",NA
"F21.B003283.3_38_F.1.1","Outer Bulge",NA
"D18.B003283.3_38_F.1.1","Inner Bulge",NA
"M14.B003283.3_38_F.1.1","Outer IFE",NA
"N16.B003283.3_38_F.1.1","Basal IFE",NA
"O19.B003283.3_38_F.1.1","Outer Bulge",NA
"A13.B003283.3_38_F.1.1","Inner Bulge",NA
"B15.B003283.3_38_F.1.1","Inner Bulge",NA
"C17.B003283.3_38_F.1.1","Inner Bulge",NA
"D19.B003283.3_38_F.1.1","Outer Bulge",NA
"E21.B003283.3_38_F.1.1","Outer Bulge",NA
"G1.B003283.3_38_F.1.1","Intermediate IFE",NA
"H3.B003283.3_38_F.1.1","Inner Bulge",NA
"F22.B003283.3_38_F.1.1","Outer Bulge",NA
"H2.B003283.3_38_F.1.1","Inner Bulge",NA
"I4.B003283.3_38_F.1.1","Intermediate IFE",NA
"J7.B003283.3_38_F.1.1","Outer IFE",NA
"K10.B003283.3_38_F.1.1","Inner Bulge",NA
"L12.B003283.3_38_F.1.1","Basal IFE",NA
"I5.B003283.3_38_F.1.1","Basal IFE",NA
"A14.B003283.3_38_F.1.1","Inner Bulge",NA
"B16.B003283.3_38_F.1.1","Inner Bulge",NA
"C18.B003283.3_38_F.1.1","Outer Bulge",NA
"D20.B003283.3_38_F.1.1","Outer Bulge",NA
"E22.B003283.3_38_F.1.1","Outer Bulge",NA
"G2.B003283.3_38_F.1.1","Outer IFE",NA
"H4.B003283.3_38_F.1.1","Intermediate IFE",NA
"I6.B003283.3_38_F.1.1","Outer IFE",NA
"J9.B003283.3_38_F.1.1","Inner Bulge",NA
"K12.B003283.3_38_F.1.1","Basal IFE",NA
"J8.B003283.3_38_F.1.1","Basal IFE",NA
"L14.B003283.3_38_F.1.1","Intermediate IFE",NA
"M16.B003283.3_38_F.1.1","Intermediate IFE",NA
"N18.B003283.3_38_F.1.1","Outer Bulge",NA
"K11.B003283.3_38_F.1.1","Inner Bulge",NA
"L13.B003283.3_38_F.1.1","Inner Bulge",NA
"M15.B003283.3_38_F.1.1","Inner Bulge",NA
"N17.B003283.3_38_F.1.1","Cell Cycle",NA
"O20.B003283.3_38_F.1.1","Outer Bulge",NA
"O21.B003283.3_38_F.1.1","Outer Bulge",NA
"H5.B003283.3_38_F.1.1","Inner Bulge",NA
"I7.B003283.3_38_F.1.1","Basal IFE",NA
"J10.B003283.3_38_F.1.1","Basal IFE",NA
"K13.B003283.3_38_F.1.1","Inner Bulge",NA
"L15.B003283.3_38_F.1.1","Inner Bulge",NA
"M17.B003283.3_38_F.1.1","Inner Bulge",NA
"N19.B003283.3_38_F.1.1","Outer Bulge",NA
"O22.B003283.3_38_F.1.1","Outer Bulge",NA
"A16.B003283.3_38_F.1.1","Inner Bulge",NA
"B18.B003283.3_38_F.1.1","Outer Bulge",NA
"C20.B003283.3_38_F.1.1","Outer Bulge",NA
"A15.B003283.3_38_F.1.1","Inner Bulge",NA
"B17.B003283.3_38_F.1.1","Inner Bulge",NA
"C19.B003283.3_38_F.1.1","Outer Bulge",NA
"D21.B003283.3_38_F.1.1","Inner Bulge",NA
"F1.B003283.3_38_F.1.1","Basal IFE",NA
"G3.B003283.3_38_F.1.1","Basal IFE",NA
"D22.B003283.3_38_F.1.1","Outer Bulge",NA
"N20.B003283.3_38_F.1.1","Outer Bulge",NA
"P1.B003283.3_38_F.1.1","Outer IFE",NA
"A17.B003283.3_38_F.1.1","Inner Bulge",NA
"B19.B003283.3_38_F.1.1","Outer Bulge",NA
"C21.B003283.3_38_F.1.1","Outer Bulge",NA
"E1.B003283.3_38_F.1.1","Intermediate IFE",NA
"F3.B003283.3_38_F.1.1","Intermediate IFE",NA
"G5.B003283.3_38_F.1.1","Intermediate IFE",NA
"F2.B003283.3_38_F.1.1","Outer IFE",NA
"H7.B003283.3_38_F.1.1","Basal IFE",NA
"I9.B003283.3_38_F.1.1","Inner Bulge",NA
"J12.B003283.3_38_F.1.1","Inner Bulge",NA
"G4.B003283.3_38_F.1.1","Intermediate IFE",NA
"H6.B003283.3_38_F.1.1","Basal IFE",NA
"I8.B003283.3_38_F.1.1","Outer IFE",NA
"J11.B003283.3_38_F.1.1","Inner Bulge",NA
"K14.B003283.3_38_F.1.1","Inner Bulge",NA
"L16.B003283.3_38_F.1.1","Inner Bulge",NA
"M18.B003283.3_38_F.1.1","Outer Bulge",NA
"K15.B003283.3_38_F.1.1","Inner Bulge",NA
"C22.B003283.3_38_F.1.1","Outer Bulge",NA
"E2.B003283.3_38_F.1.1","Intermediate IFE",NA
"F4.B003283.3_38_F.1.1","Intermediate IFE",NA
"G6.B003283.3_38_F.1.1","Basal IFE",NA
"H8.B003283.3_38_F.1.1","Cell Cycle",NA
"I10.B003283.3_38_F.1.1","Inner Bulge",NA
"J13.B003283.3_38_F.1.1","Inner Bulge",NA
"K16.B003283.3_38_F.1.1","Basal IFE",NA
"L18.B003283.3_38_F.1.1","Outer Bulge",NA
"M20.B003283.3_38_F.1.1","Outer Bulge",NA
"L17.B003283.3_38_F.1.1","Basal IFE",NA
"N22.B003283.3_38_F.1.1","Outer Bulge",NA
"M19.B003283.3_38_F.1.1","Outer Bulge",NA
"N21.B003283.3_38_F.1.1","Outer Bulge",NA
"P2.B003283.3_38_F.1.1","Basal IFE",NA
"A18.B003283.3_38_F.1.1","Outer Bulge",NA
"B20.B003283.3_38_F.1.1","Outer Bulge",NA
"I11.B003283.3_38_F.1.1","Basal IFE",NA
"J14.B003283.3_38_F.1.1","Inner Bulge",NA
"K17.B003283.3_38_F.1.1","Inner Bulge",NA
"L19.B003283.3_38_F.1.1","Outer Bulge",NA
"M21.B003283.3_38_F.1.1","Outer Bulge",NA
"O1.B003283.3_38_F.1.1","Basal IFE",NA
"P4.B003283.3_38_F.1.1","Intermediate IFE",NA
"A20.B003283.3_38_F.1.1","Outer Bulge",NA
"A19.B003283.3_38_F.1.1","Outer Bulge",NA
"B22.B003283.3_38_F.1.1","Outer Bulge",NA
"D2.B003283.3_38_F.1.1","Intermediate IFE",NA
"E4.B003283.3_38_F.1.1","Outer IFE",NA
"B21.B003283.3_38_F.1.1","Outer Bulge",NA
"D1.B003283.3_38_F.1.1","Basal IFE",NA
"E3.B003283.3_38_F.1.1","Intermediate IFE",NA
"F5.B003283.3_38_F.1.1","Basal IFE",NA
"G7.B003283.3_38_F.1.1","Basal IFE",NA
"H9.B003283.3_38_F.1.1","Outer IFE",NA
"F6.B003283.3_38_F.1.1","Basal IFE",NA
"P5.B003283.3_38_F.1.1","Intermediate IFE",NA
"G8.B003283.3_38_F.1.1","Basal IFE",NA
"H10.B003283.3_38_F.1.1","Basal IFE",NA
"I12.B003283.3_38_F.1.1","Inner Bulge",NA
"J15.B003283.3_38_F.1.1","Inner Bulge",NA
"K18.B003283.3_38_F.1.1","Outer Bulge",NA
"L20.B003283.3_38_F.1.1","Outer Bulge",NA
"M22.B003283.3_38_F.1.1","Outer Bulge",NA
"O2.B003283.3_38_F.1.1","Outer IFE",NA
"P12.B003283.3_38_F.1.1","Inner Bulge",NA
"P13.B003283.3_38_F.1.1","Inner Bulge",NA
"P14.B003283.3_38_F.1.1","Inner Bulge",NA
"P15.B003283.3_38_F.1.1","Inner Bulge",NA
"P16.B003283.3_38_F.1.1","Inner Bulge",NA
"P17.B003283.3_38_F.1.1","Inner Bulge",NA
"P18.B003283.3_38_F.1.1","Outer Bulge",NA
"P19.B003283.3_38_F.1.1","Outer Bulge",NA
"P20.B003283.3_38_F.1.1","Outer Bulge",NA
"P22.B003283.3_38_F.1.1","Outer Bulge",NA
"P21.B003283.3_38_F.1.1","Outer Bulge",NA
"A17.B000126.3_39_F.1.1","Inner Bulge",NA
"K13.B000126.3_39_F.1.1","Inner Bulge",NA
"L15.B000126.3_39_F.1.1","Inner Bulge",NA
"M17.B000126.3_39_F.1.1","Inner Bulge",NA
"N19.B000126.3_39_F.1.1","Outer Bulge",NA
"O21.B000126.3_39_F.1.1","Outer Bulge",NA
"A18.B000126.3_39_F.1.1","Outer Bulge",NA
"B20.B000126.3_39_F.1.1","Outer Bulge",NA
"B19.B000126.3_39_F.1.1","Outer Bulge",NA
"E2.B000126.3_39_F.1.1","Outer IFE",NA
"F4.B000126.3_39_F.1.1","Outer IFE",NA
"G6.B000126.3_39_F.1.1","Outer IFE",NA
"C21.B000126.3_39_F.1.1","Outer Bulge",NA
"E1.B000126.3_39_F.1.1","Outer IFE",NA
"F3.B000126.3_39_F.1.1","Outer IFE",NA
"G5.B000126.3_39_F.1.1","Intermediate IFE",NA
"H7.B000126.3_39_F.1.1","Outer IFE",NA
"I9.B000126.3_39_F.1.1","Inner Bulge",NA
"J11.B000126.3_39_F.1.1","Inner Bulge",NA
"H8.B000126.3_39_F.1.1","Outer IFE",NA
"A19.B000126.3_39_F.1.1","Outer Bulge",NA
"D1.B000126.3_39_F.1.1","Intermediate IFE",NA
"E3.B000126.3_39_F.1.1","Outer IFE",NA
"F5.B000126.3_39_F.1.1","Outer IFE",NA
"G7.B000126.3_39_F.1.1","Outer IFE",NA
"H9.B000126.3_39_F.1.1","Inner Bulge",NA
"I11.B000126.3_39_F.1.1","Outer IFE",NA
"J13.B000126.3_39_F.1.1","Inner Bulge",NA
"I10.B000126.3_39_F.1.1","Inner Bulge",NA
"K15.B000126.3_39_F.1.1","Inner Bulge",NA
"L17.B000126.3_39_F.1.1","Inner Bulge",NA
"M19.B000126.3_39_F.1.1","Outer Bulge",NA
"J12.B000126.3_39_F.1.1","Inner Bulge",NA
"K14.B000126.3_39_F.1.1","Inner Bulge",NA
"M18.B000126.3_39_F.1.1","Outer Bulge",NA
"O22.B000126.3_39_F.1.1","Outer Bulge",NA
"G8.B000126.3_39_F.1.1","Outer IFE",NA
"H10.B000126.3_39_F.1.1","Inner Bulge",NA
"I12.B000126.3_39_F.1.1","Inner Bulge",NA
"J14.B000126.3_39_F.1.1","Inner Bulge",NA
"K16.B000126.3_39_F.1.1","Inner Bulge",NA
"L18.B000126.3_39_F.1.1","Outer Bulge",NA
"M20.B000126.3_39_F.1.1","Outer Bulge",NA
"P2.B000126.3_39_F.1.1","Outer IFE",NA
"P1.B000126.3_39_F.1.1","Intermediate IFE",NA
"A21.B000126.3_39_F.1.1","Outer Bulge",NA
"C1.B000126.3_39_F.1.1","Outer IFE",NA
"A20.B000126.3_39_F.1.1","Outer Bulge",NA
"D2.B000126.3_39_F.1.1","Outer IFE",NA
"E4.B000126.3_39_F.1.1","Outer IFE",NA
"F6.B000126.3_39_F.1.1","Outer IFE",NA
"D3.B000126.3_39_F.1.1","Outer IFE",NA
"O1.B000126.3_39_F.1.1","Intermediate IFE",NA
"P3.B000126.3_39_F.1.1","Outer IFE",NA
"A22.B000126.3_39_F.1.1","Outer Bulge",NA
"C2.B000126.3_39_F.1.1","Outer IFE",NA
"D4.B000126.3_39_F.1.1","Basal IFE",NA
"E6.B000126.3_39_F.1.1","Outer IFE",NA
"F8.B000126.3_39_F.1.1","Outer IFE",NA
"E5.B000126.3_39_F.1.1","Outer IFE",NA
"G10.B000126.3_39_F.1.1","Inner Bulge",NA
"H12.B000126.3_39_F.1.1","Outer IFE",NA
"I14.B000126.3_39_F.1.1","Inner Bulge",NA
"F7.B000126.3_39_F.1.1","Outer IFE",NA
"G9.B000126.3_39_F.1.1","Inner Bulge",NA
"H11.B000126.3_39_F.1.1","Outer IFE",NA
"I13.B000126.3_39_F.1.1","Inner Bulge",NA
"J15.B000126.3_39_F.1.1","Inner Bulge",NA
"K17.B000126.3_39_F.1.1","Inner Bulge",NA
"L19.B000126.3_39_F.1.1","Outer Bulge",NA
"J16.B000126.3_39_F.1.1","Inner Bulge",NA
"C3.B000126.3_39_F.1.1","Outer IFE",NA
"D5.B000126.3_39_F.1.1","Outer IFE",NA
"E7.B000126.3_39_F.1.1","Outer IFE",NA
"F9.B000126.3_39_F.1.1","Inner Bulge",NA
"G11.B000126.3_39_F.1.1","Inner Bulge",NA
"H13.B000126.3_39_F.1.1","Inner Bulge",NA
"I15.B000126.3_39_F.1.1","Outer IFE",NA
"J17.B000126.3_39_F.1.1","Inner Bulge",NA
"L21.B000126.3_39_F.1.1","Outer Bulge",NA
"K18.B000126.3_39_F.1.1","Outer Bulge",NA
"N1.B000126.3_39_F.1.1","Intermediate IFE",NA
"O3.B000126.3_39_F.1.1","Outer IFE",NA
"P5.B000126.3_39_F.1.1","Outer IFE",NA
"O2.B000126.3_39_F.1.1","Basal IFE",NA
"P4.B000126.3_39_F.1.1","Outer IFE",NA
"B1.B000126.3_39_F.1.1","Cell Cycle",NA
"I16.B000126.3_39_F.1.1","Outer IFE",NA
"J18.B000126.3_39_F.1.1","Outer Bulge",NA
"K20.B000126.3_39_F.1.1","Outer Bulge",NA
"N2.B000126.3_39_F.1.1","Outer IFE",NA
"O4.B000126.3_39_F.1.1","Outer IFE",NA
"P6.B000126.3_39_F.1.1","Outer IFE",NA
"A1.B000126.3_39_F.1.1","Intermediate IFE",NA
"B3.B000126.3_39_F.1.1","Outer IFE",NA
"C5.B000126.3_39_F.1.1","Outer IFE",NA
"D7.B000126.3_39_F.1.1","Outer IFE",NA
"B2.B000126.3_39_F.1.1","Outer IFE",NA
"C4.B000126.3_39_F.1.1","Outer IFE",NA
"D6.B000126.3_39_F.1.1","Intermediate IFE",NA
"E8.B000126.3_39_F.1.1","Outer IFE",NA
"F10.B000126.3_39_F.1.1","Inner Bulge",NA
"G12.B000126.3_39_F.1.1","Inner Bulge",NA
"H14.B000126.3_39_F.1.1","Inner Bulge",NA
"E9.B000126.3_39_F.1.1","Outer IFE",NA
"O5.B000126.3_39_F.1.1","Outer IFE",NA
"P7.B000126.3_39_F.1.1","Cell Cycle",NA
"A2.B000126.3_39_F.1.1","Inner Bulge",NA
"B4.B000126.3_39_F.1.1","Intermediate IFE",NA
"C6.B000126.3_39_F.1.1","Intermediate IFE",NA
"D8.B000126.3_39_F.1.1","Cell Cycle",NA
"E10.B000126.3_39_F.1.1","Inner Bulge",NA
"F12.B000126.3_39_F.1.1","Inner Bulge",NA
"G14.B000126.3_39_F.1.1","Inner Bulge",NA
"F11.B000126.3_39_F.1.1","Inner Bulge",NA
"H16.B000126.3_39_F.1.1","Inner Bulge",NA
"I18.B000126.3_39_F.1.1","Outer Bulge",NA
"G13.B000126.3_39_F.1.1","Inner Bulge",NA
"H15.B000126.3_39_F.1.1","Inner Bulge",NA
"I17.B000126.3_39_F.1.1","Inner Bulge",NA
"J19.B000126.3_39_F.1.1","Outer Bulge",NA
"M1.B000126.3_39_F.1.1","Outer IFE",NA
"N3.B000126.3_39_F.1.1","Outer IFE",NA
"K22.B000126.3_39_F.1.1","Outer Bulge",NA
"D9.B000126.3_39_F.1.1","Inner Bulge",NA
"E11.B000126.3_39_F.1.1","Inner Bulge",NA
"F13.B000126.3_39_F.1.1","Inner Bulge",NA
"G15.B000126.3_39_F.1.1","Inner Bulge",NA
"H17.B000126.3_39_F.1.1","Inner Bulge",NA
"L1.B000126.3_39_F.1.1","Outer IFE",NA
"M3.B000126.3_39_F.1.1","Outer IFE",NA
"N5.B000126.3_39_F.1.1","Outer IFE",NA
"M2.B000126.3_39_F.1.1","Outer IFE",NA
"O7.B000126.3_39_F.1.1","Inner Bulge",NA
"P9.B000126.3_39_F.1.1","Inner Bulge",NA
"N4.B000126.3_39_F.1.1","Intermediate IFE",NA
"O6.B000126.3_39_F.1.1","Outer IFE",NA
"P8.B000126.3_39_F.1.1","Outer IFE",NA
"A3.B000126.3_39_F.1.1","Outer IFE",NA
"B5.B000126.3_39_F.1.1","Outer IFE",NA
"C7.B000126.3_39_F.1.1","Outer IFE",NA
"A4.B000126.3_39_F.1.1","Intermediate IFE",NA
"J22.B000126.3_39_F.1.1","Outer Bulge",NA
"L2.B000126.3_39_F.1.1","Outer IFE",NA
"M4.B000126.3_39_F.1.1","Inner Bulge",NA
"N6.B000126.3_39_F.1.1","Outer IFE",NA
"O8.B000126.3_39_F.1.1","Outer IFE",NA
"P10.B000126.3_39_F.1.1","Inner Bulge",NA
"A5.B000126.3_39_F.1.1","Outer IFE",NA
"B7.B000126.3_39_F.1.1","Outer IFE",NA
"C9.B000126.3_39_F.1.1","Outer IFE",NA
"B6.B000126.3_39_F.1.1","Outer IFE",NA
"D11.B000126.3_39_F.1.1","Outer IFE",NA
"E13.B000126.3_39_F.1.1","Inner Bulge",NA
"F15.B000126.3_39_F.1.1","Inner Bulge",NA
"C8.B000126.3_39_F.1.1","Outer IFE",NA
"D10.B000126.3_39_F.1.1","Inner Bulge",NA
"E12.B000126.3_39_F.1.1","Inner Bulge",NA
"F14.B000126.3_39_F.1.1","Inner Bulge",NA
"G16.B000126.3_39_F.1.1","Inner Bulge",NA
"H18.B000126.3_39_F.1.1","Outer Bulge",NA
"G17.B000126.3_39_F.1.1","Inner Bulge",NA
"A6.B000126.3_39_F.1.1","Outer IFE",NA
"B8.B000126.3_39_F.1.1","Outer IFE",NA
"C10.B000126.3_39_F.1.1","Outer IFE",NA
"D12.B000126.3_39_F.1.1","Inner Bulge",NA
"E14.B000126.3_39_F.1.1","Inner Bulge",NA
"F16.B000126.3_39_F.1.1","Inner Bulge",NA
"G18.B000126.3_39_F.1.1","Outer Bulge",NA
"H20.B000126.3_39_F.1.1","Outer Bulge",NA
"K2.B000126.3_39_F.1.1","Outer IFE",NA
"L4.B000126.3_39_F.1.1","Intermediate IFE",NA
"M6.B000126.3_39_F.1.1","Outer IFE",NA
"I21.B000126.3_39_F.1.1","Intermediate IFE",NA
"K1.B000126.3_39_F.1.1","Outer IFE",NA
"L3.B000126.3_39_F.1.1","Intermediate IFE",NA
"M5.B000126.3_39_F.1.1","Outer IFE",NA
"N7.B000126.3_39_F.1.1","Outer IFE",NA
"O9.B000126.3_39_F.1.1","Outer IFE",NA
"P11.B000126.3_39_F.1.1","Inner Bulge",NA
"N8.B000126.3_39_F.1.1","Outer IFE",NA
"F17.B000126.3_39_F.1.1","Cell Cycle",NA
"G19.B000126.3_39_F.1.1","Outer Bulge",NA
"J1.B000126.3_39_F.1.1","Outer IFE",NA
"K3.B000126.3_39_F.1.1","Outer IFE",NA
"L5.B000126.3_39_F.1.1","Outer IFE",NA
"M7.B000126.3_39_F.1.1","Basal IFE",NA
"N9.B000126.3_39_F.1.1","Inner Bulge",NA
"O11.B000126.3_39_F.1.1","Inner Bulge",NA
"P13.B000126.3_39_F.1.1","Inner Bulge",NA
"O10.B000126.3_39_F.1.1","Inner Bulge",NA
"A8.B000126.3_39_F.1.1","Inner Bulge",NA
"B10.B000126.3_39_F.1.1","Inner Bulge",NA
"P12.B000126.3_39_F.1.1","Inner Bulge",NA
"A7.B000126.3_39_F.1.1","Outer IFE",NA
"B9.B000126.3_39_F.1.1","Inner Bulge",NA
"C11.B000126.3_39_F.1.1","Inner Bulge",NA
"D13.B000126.3_39_F.1.1","Inner Bulge",NA
"E15.B000126.3_39_F.1.1","Inner Bulge",NA
"C12.B000126.3_39_F.1.1","Inner Bulge",NA
"M8.B000126.3_39_F.1.1","Intermediate IFE",NA
"N10.B000126.3_39_F.1.1","Inner Bulge",NA
"O12.B000126.3_39_F.1.1","Intermediate IFE",NA
"P14.B000126.3_39_F.1.1","Inner Bulge",NA
"A9.B000126.3_39_F.1.1","Inner Bulge",NA
"B11.B000126.3_39_F.1.1","Inner Bulge",NA
"C13.B000126.3_39_F.1.1","Inner Bulge",NA
"D15.B000126.3_39_F.1.1","Inner Bulge",NA
"D14.B000126.3_39_F.1.1","Inner Bulge",NA
"F19.B000126.3_39_F.1.1","Outer Bulge",NA
"I1.B000126.3_39_F.1.1","Intermediate IFE",NA
"E16.B000126.3_39_F.1.1","Inner Bulge",NA
"F18.B000126.3_39_F.1.1","Outer Bulge",NA
"J2.B000126.3_39_F.1.1","Outer IFE",NA
"K4.B000126.3_39_F.1.1","Intermediate IFE",NA
"L6.B000126.3_39_F.1.1","Outer IFE",NA
"J3.B000126.3_39_F.1.1","Outer IFE",NA
"B12.B000126.3_39_F.1.1","Inner Bulge",NA
"C14.B000126.3_39_F.1.1","Inner Bulge",NA
"D16.B000126.3_39_F.1.1","Inner Bulge",NA
"E18.B000126.3_39_F.1.1","Outer Bulge",NA
"I2.B000126.3_39_F.1.1","Outer IFE",NA
"J4.B000126.3_39_F.1.1","Outer IFE",NA
"K6.B000126.3_39_F.1.1","Intermediate IFE",NA
"L8.B000126.3_39_F.1.1","Outer IFE",NA
"K5.B000126.3_39_F.1.1","Cell Cycle",NA
"M10.B000126.3_39_F.1.1","Inner Bulge",NA
"N12.B000126.3_39_F.1.1","Inner Bulge",NA
"O14.B000126.3_39_F.1.1","Inner Bulge",NA
"L7.B000126.3_39_F.1.1","Intermediate IFE",NA
"M9.B000126.3_39_F.1.1","Inner Bulge",NA
"N11.B000126.3_39_F.1.1","Inner Bulge",NA
"O13.B000126.3_39_F.1.1","Inner Bulge",NA
"P15.B000126.3_39_F.1.1","Inner Bulge",NA
"A10.B000126.3_39_F.1.1","Inner Bulge",NA
"I3.B000126.3_39_F.1.1","Outer IFE",NA
"J5.B000126.3_39_F.1.1","Outer IFE",NA
"K7.B000126.3_39_F.1.1","Cell Cycle",NA
"L9.B000126.3_39_F.1.1","Inner Bulge",NA
"M11.B000126.3_39_F.1.1","Inner Bulge",NA
"N13.B000126.3_39_F.1.1","Inner Bulge",NA
"O15.B000126.3_39_F.1.1","Inner Bulge",NA
"P17.B000126.3_39_F.1.1","Inner Bulge",NA
"A12.B000126.3_39_F.1.1","Outer IFE",NA
"B14.B000126.3_39_F.1.1","Inner Bulge",NA
"C16.B000126.3_39_F.1.1","Inner Bulge",NA
"D18.B000126.3_39_F.1.1","Outer Bulge",NA
"A11.B000126.3_39_F.1.1","Outer IFE",NA
"B13.B000126.3_39_F.1.1","Inner Bulge",NA
"C15.B000126.3_39_F.1.1","Inner Bulge",NA
"D17.B000126.3_39_F.1.1","Inner Bulge",NA
"F21.B000126.3_39_F.1.1","Outer Bulge",NA
"H1.B000126.3_39_F.1.1","Outer IFE",NA
"O16.B000126.3_39_F.1.1","Inner Bulge",NA
"P18.B000126.3_39_F.1.1","Outer Bulge",NA
"A13.B000126.3_39_F.1.1","Inner Bulge",NA
"B15.B000126.3_39_F.1.1","Inner Bulge",NA
"C17.B000126.3_39_F.1.1","Inner Bulge",NA
"D19.B000126.3_39_F.1.1","Outer Bulge",NA
"E21.B000126.3_39_F.1.1","Outer Bulge",NA
"G1.B000126.3_39_F.1.1","Outer Bulge",NA
"H3.B000126.3_39_F.1.1","Outer IFE",NA
"F22.B000126.3_39_F.1.1","Outer Bulge",NA
"I5.B000126.3_39_F.1.1","Outer IFE",NA
"J7.B000126.3_39_F.1.1","Intermediate IFE",NA
"K9.B000126.3_39_F.1.1","Inner Bulge",NA
"H2.B000126.3_39_F.1.1","Intermediate IFE",NA
"I4.B000126.3_39_F.1.1","Outer IFE",NA
"J6.B000126.3_39_F.1.1","Outer IFE",NA
"K8.B000126.3_39_F.1.1","Intermediate IFE",NA
"L10.B000126.3_39_F.1.1","Inner Bulge",NA
"M12.B000126.3_39_F.1.1","Outer IFE",NA
"N14.B000126.3_39_F.1.1","Intermediate IFE",NA
"L11.B000126.3_39_F.1.1","Inner Bulge",NA
"D20.B000126.3_39_F.1.1","Outer Bulge",NA
"G2.B000126.3_39_F.1.1","Outer IFE",NA
"H4.B000126.3_39_F.1.1","Outer IFE",NA
"I6.B000126.3_39_F.1.1","Outer IFE",NA
"J8.B000126.3_39_F.1.1","Outer IFE",NA
"K10.B000126.3_39_F.1.1","Inner Bulge",NA
"L12.B000126.3_39_F.1.1","Inner Bulge",NA
"M14.B000126.3_39_F.1.1","Inner Bulge",NA
"N16.B000126.3_39_F.1.1","Inner Bulge",NA
"M13.B000126.3_39_F.1.1","Outer IFE",NA
"O18.B000126.3_39_F.1.1","Outer Bulge",NA
"P20.B000126.3_39_F.1.1","Outer Bulge",NA
"N15.B000126.3_39_F.1.1","Inner Bulge",NA
"O17.B000126.3_39_F.1.1","Inner Bulge",NA
"A14.B000126.3_39_F.1.1","Inner Bulge",NA
"B16.B000126.3_39_F.1.1","Inner Bulge",NA
"C18.B000126.3_39_F.1.1","Outer Bulge",NA
"A15.B000126.3_39_F.1.1","Inner Bulge",NA
"B17.B000126.3_39_F.1.1","Inner Bulge",NA
"C19.B000126.3_39_F.1.1","Outer Bulge",NA
"F1.B000126.3_39_F.1.1","Outer IFE",NA
"G3.B000126.3_39_F.1.1","Outer IFE",NA
"H5.B000126.3_39_F.1.1","Outer IFE",NA
"I7.B000126.3_39_F.1.1","Outer IFE",NA
"J9.B000126.3_39_F.1.1","Inner Bulge",NA
"K11.B000126.3_39_F.1.1","Inner Bulge",NA
"L13.B000126.3_39_F.1.1","Inner Bulge",NA
"M15.B000126.3_39_F.1.1","Inner Bulge",NA
"N17.B000126.3_39_F.1.1","Inner Bulge",NA
"O19.B000126.3_39_F.1.1","Outer Bulge",NA
"P21.B000126.3_39_F.1.1","Outer Bulge",NA
"A16.B000126.3_39_F.1.1","Inner Bulge",NA
"B18.B000126.3_39_F.1.1","Outer Bulge",NA
"C20.B000126.3_39_F.1.1","Outer Bulge",NA
"F2.B000126.3_39_F.1.1","Outer IFE",NA
"H6.B000126.3_39_F.1.1","Outer IFE",NA
"I8.B000126.3_39_F.1.1","Outer IFE",NA
"J10.B000126.3_39_F.1.1","Inner Bulge",NA
"K12.B000126.3_39_F.1.1","Inner Bulge",NA
"L14.B000126.3_39_F.1.1","Inner Bulge",NA
"M16.B000126.3_39_F.1.1","Inner Bulge",NA
"N18.B000126.3_39_F.1.1","Outer Bulge",NA
"O20.B000126.3_39_F.1.1","Outer Bulge",NA
"P22.B000126.3_39_F.1.1","Outer Bulge",NA
"G4.B000126.3_39_F.1.1","Outer IFE",NA
