"","annotation","subannotation"
"A12.D041914.3_8_M.1.1","MesenchymalA1",NA
"B16.D041914.3_8_M.1.1","LuminalB",NA
"C18.D041914.3_8_M.1.1","LuminalB",NA
"D22.D041914.3_8_M.1.1","LuminalA2",NA
"F4.D041914.3_8_M.1.1","MesenchymalA1",NA
"C19.D041914.3_8_M.1.1","LuminalA2",NA
"E1.D041914.3_8_M.1.1","MesenchymalA1",NA
"A13.D041914.3_8_M.1.1","MesenchymalA2",NA
"B17.D041914.3_8_M.1.1","LuminalA2",NA
"A14.D041914.3_8_M.1.1","MesenchymalA2",NA
"B18.D041914.3_8_M.1.1","LuminalA2",NA
"C20.D041914.3_8_M.1.1","LuminalB",NA
"E2.D041914.3_8_M.1.1","MesenchymalA2",NA
"A15.D041914.3_8_M.1.1","LuminalB",NA
"B19.D041914.3_8_M.1.1","LuminalB",NA
"C21.D041914.3_8_M.1.1","LuminalA2",NA
"E3.D041914.3_8_M.1.1","MesenchymalA1",NA
"A16.D041914.3_8_M.1.1","LuminalB",NA
"B20.D041914.3_8_M.1.1","LuminalB",NA
"C22.D041914.3_8_M.1.1","LuminalB",NA
"E4.D041914.3_8_M.1.1","MesenchymalA1",NA
"A17.D041914.3_8_M.1.1","LuminalA2",NA
"A18.D041914.3_8_M.1.1","LuminalA2",NA
"B21.D041914.3_8_M.1.1","LuminalA2",NA
"D1.D041914.3_8_M.1.1","MesenchymalA1",NA
"E5.D041914.3_8_M.1.1","MesenchymalA2",NA
"B22.D041914.3_8_M.1.1","LuminalA2",NA
"D2.D041914.3_8_M.1.1","MesenchymalA1",NA
"E6.D041914.3_8_M.1.1","MesenchymalA1",NA
"A20.D041914.3_8_M.1.1","LuminalB",NA
"C1.D041914.3_8_M.1.1","MesenchymalA2",NA
"D3.D041914.3_8_M.1.1","MesenchymalA1",NA
"E7.D041914.3_8_M.1.1","MesenchymalA2",NA
"D4.D041914.3_8_M.1.1","MesenchymalA1",NA
"E8.D041914.3_8_M.1.1","MesenchymalA1",NA
"A21.D041914.3_8_M.1.1","LuminalA2",NA
"C2.D041914.3_8_M.1.1","MesenchymalA1",NA
"A22.D041914.3_8_M.1.1","LuminalB",NA
"C3.D041914.3_8_M.1.1","MesenchymalA1",NA
"D5.D041914.3_8_M.1.1","MesenchymalA2",NA
"E9.D041914.3_8_M.1.1","MesenchymalA2",NA
"B3.D041914.3_8_M.1.1","MesenchymalA1",NA
"B2.D041914.3_8_M.1.1","MesenchymalA1",NA
"C4.D041914.3_8_M.1.1","MesenchymalA2",NA
"D6.D041914.3_8_M.1.1","MesenchymalA2",NA
"E10.D041914.3_8_M.1.1","MesenchymalA2",NA
"C5.D041914.3_8_M.1.1","MesenchymalA1",NA
"D7.D041914.3_8_M.1.1","MesenchymalA2",NA
"E11.D041914.3_8_M.1.1","MesenchymalA2",NA
"B4.D041914.3_8_M.1.1","MesenchymalA1",NA
"C6.D041914.3_8_M.1.1","MesenchymalA2",NA
"D8.D041914.3_8_M.1.1","MesenchymalA2",NA
"E12.D041914.3_8_M.1.1","MesenchymalA1",NA
"A1.D041914.3_8_M.1.1","MesenchymalA1",NA
"A2.D041914.3_8_M.1.1","MesenchymalA1",NA
"B5.D041914.3_8_M.1.1","MesenchymalA1",NA
"B6.D041914.3_8_M.1.1","MesenchymalA1",NA
"C8.D041914.3_8_M.1.1","MesenchymalA1",NA
"D10.D041914.3_8_M.1.1","MesenchymalB1",NA
"C7.D041914.3_8_M.1.1","MesenchymalA2",NA
"E13.D041914.3_8_M.1.1","MesenchymalA1",NA
"E14.D041914.3_8_M.1.1","MesenchymalA2",NA
"A3.D041914.3_8_M.1.1","MesenchymalA1",NA
"B7.D041914.3_8_M.1.1","MesenchymalA2",NA
"C9.D041914.3_8_M.1.1","MesenchymalA2",NA
"D12.D041914.3_8_M.1.1","MesenchymalA2",NA
"E15.D041914.3_8_M.1.1","LuminalB",NA
"A4.D041914.3_8_M.1.1","MesenchymalA1",NA
"B8.D041914.3_8_M.1.1","MesenchymalA2",NA
"C10.D041914.3_8_M.1.1","MesenchymalA2",NA
"D13.D041914.3_8_M.1.1","MesenchymalA2",NA
"E17.D041914.3_8_M.1.1","LuminalB",NA
"C11.D041914.3_8_M.1.1","MesenchymalA1",NA
"D14.D041914.3_8_M.1.1","MesenchymalA2",NA
"E18.D041914.3_8_M.1.1","LuminalB",NA
"A5.D041914.3_8_M.1.1","MesenchymalA1",NA
"B9.D041914.3_8_M.1.1","MesenchymalA1",NA
"A7.D041914.3_8_M.1.1","MesenchymalA1",NA
"B11.D041914.3_8_M.1.1","MesenchymalA2",NA
"C13.D041914.3_8_M.1.1","MesenchymalA2",NA
"A6.D041914.3_8_M.1.1","MesenchymalA1",NA
"B10.D041914.3_8_M.1.1","MesenchymalA2",NA
"C12.D041914.3_8_M.1.1","MesenchymalA2",NA
"D16.D041914.3_8_M.1.1","LuminalA2",NA
"E19.D041914.3_8_M.1.1","LuminalA2",NA
"A8.D041914.3_8_M.1.1","MesenchymalA2",NA
"B12.D041914.3_8_M.1.1","MesenchymalA2",NA
"C14.D041914.3_8_M.1.1","MesenchymalA1",NA
"D18.D041914.3_8_M.1.1","LuminalA2",NA
"E22.D041914.3_8_M.1.1","LuminalB",NA
"E21.D041914.3_8_M.1.1","LuminalB",NA
"C15.D041914.3_8_M.1.1","LuminalA2",NA
"D19.D041914.3_8_M.1.1","LuminalB",NA
"F1.D041914.3_8_M.1.1","MesenchymalA1",NA
"A9.D041914.3_8_M.1.1","MesenchymalA2",NA
"B13.D041914.3_8_M.1.1","MesenchymalA2",NA
"A11.D041914.3_8_M.1.1","MesenchymalA2",NA
"A10.D041914.3_8_M.1.1","MesenchymalA1",NA
"B14.D041914.3_8_M.1.1","MesenchymalA2",NA
"C16.D041914.3_8_M.1.1","LuminalB",NA
"D20.D041914.3_8_M.1.1","LuminalA2",NA
"F2.D041914.3_8_M.1.1","MesenchymalA2",NA
"B15.D041914.3_8_M.1.1","LuminalB",NA
"K6.D041914.3_8_M.1.1","MesenchymalA2",NA
"L8.D041914.3_8_M.1.1","MesenchymalA2",NA
"M11.D041914.3_8_M.1.1","MesenchymalA1",NA
"N14.D041914.3_8_M.1.1","MesenchymalA2",NA
"O17.D041914.3_8_M.1.1","LuminalB",NA
"P22.D041914.3_8_M.1.1","LuminalB",NA
"C17.D041914.3_8_M.1.1","LuminalA2",NA
"D21.D041914.3_8_M.1.1","LuminalB",NA
"G8.D041914.3_8_M.1.1","MesenchymalA1",NA
"H19.D041914.3_8_M.1.1","LuminalA2",NA
"J2.D041914.3_8_M.1.1","MesenchymalA1",NA
"G9.D041914.3_8_M.1.1","MesenchymalA2",NA
"F6.D041914.3_8_M.1.1","MesenchymalA2",NA
"G13.D041914.3_8_M.1.1","MesenchymalA1",NA
"H20.D041914.3_8_M.1.1","LuminalA2",NA
"J3.D041914.3_8_M.1.1","MesenchymalA1",NA
"K7.D041914.3_8_M.1.1","MesenchymalA1",NA
"L9.D041914.3_8_M.1.1","MesenchymalA2",NA
"M12.D041914.3_8_M.1.1","MesenchymalA2",NA
"N15.D041914.3_8_M.1.1","LuminalA2",NA
"O18.D041914.3_8_M.1.1","LuminalA2",NA
"H21.D041914.3_8_M.1.1","LuminalA2",NA
"J4.D041914.3_8_M.1.1","MesenchymalA1",NA
"F7.D041914.3_8_M.1.1","MesenchymalA1",NA
"G14.D041914.3_8_M.1.1","MesenchymalA2",NA
"K8.D041914.3_8_M.1.1","MesenchymalA2",NA
"L10.D041914.3_8_M.1.1","MesenchymalA2",NA
"M13.D041914.3_8_M.1.1","MesenchymalA1",NA
"N16.D041914.3_8_M.1.1","LuminalA2",NA
"O20.D041914.3_8_M.1.1","LuminalB",NA
"H22.D041914.3_8_M.1.1","LuminalB",NA
"F8.D041914.3_8_M.1.1","MesenchymalA2",NA
"G15.D041914.3_8_M.1.1","LuminalA2",NA
"J5.D041914.3_8_M.1.1","MesenchymalB2",NA
"I1.D041914.3_8_M.1.1","MesenchymalA1",NA
"J6.D041914.3_8_M.1.1","MesenchymalA2",NA
"K10.D041914.3_8_M.1.1","MesenchymalA2",NA
"K9.D041914.3_8_M.1.1","MesenchymalA2",NA
"L11.D041914.3_8_M.1.1","MesenchymalA1",NA
"M14.D041914.3_8_M.1.1","MesenchymalA2",NA
"O22.D041914.3_8_M.1.1","LuminalB",NA
"L12.D041914.3_8_M.1.1","MesenchymalA1",NA
"F10.D041914.3_8_M.1.1","MesenchymalA2",NA
"G16.D041914.3_8_M.1.1","LuminalB",NA
"I2.D041914.3_8_M.1.1","MesenchymalA1",NA
"J7.D041914.3_8_M.1.1","MesenchymalA1",NA
"K11.D041914.3_8_M.1.1","MesenchymalA2",NA
"L13.D041914.3_8_M.1.1","MesenchymalA2",NA
"M15.D041914.3_8_M.1.1","LuminalA2",NA
"M16.D041914.3_8_M.1.1","LuminalA2",NA
"N19.D041914.3_8_M.1.1","LuminalA2",NA
"N18.D041914.3_8_M.1.1","LuminalA2",NA
"P1.D041914.3_8_M.1.1","MesenchymalA1",NA
"I3.D041914.3_8_M.1.1","MesenchymalA2",NA
"J8.D041914.3_8_M.1.1","MesenchymalA2",NA
"K12.D041914.3_8_M.1.1","MesenchymalA2",NA
"L14.D041914.3_8_M.1.1","MesenchymalA2",NA
"M17.D041914.3_8_M.1.1","LuminalA2",NA
"N21.D041914.3_8_M.1.1","LuminalB",NA
"P3.D041914.3_8_M.1.1","MesenchymalA1",NA
"F11.D041914.3_8_M.1.1","MesenchymalA2",NA
"G17.D041914.3_8_M.1.1","LuminalA2",NA
"P4.D041914.3_8_M.1.1","MesenchymalA1",NA
"F14.D041914.3_8_M.1.1","MesenchymalA1",NA
"G19.D041914.3_8_M.1.1","LuminalB",NA
"F12.D041914.3_8_M.1.1","MesenchymalA1",NA
"I5.D041914.3_8_M.1.1","MesenchymalA1",NA
"J10.D041914.3_8_M.1.1","MesenchymalA2",NA
"K14.D041914.3_8_M.1.1","MesenchymalA2",NA
"G18.D041914.3_8_M.1.1","LuminalB",NA
"I4.D041914.3_8_M.1.1","MesenchymalA2",NA
"J9.D041914.3_8_M.1.1","MesenchymalA2",NA
"K13.D041914.3_8_M.1.1","MesenchymalA2",NA
"L15.D041914.3_8_M.1.1","LuminalB",NA
"M18.D041914.3_8_M.1.1","LuminalA2",NA
"N22.D041914.3_8_M.1.1","LuminalB",NA
"L16.D041914.3_8_M.1.1","LuminalB",NA
"F15.D041914.3_8_M.1.1","LuminalA2",NA
"G20.D041914.3_8_M.1.1","LuminalB",NA
"I6.D041914.3_8_M.1.1","MesenchymalA1",NA
"J11.D041914.3_8_M.1.1","MesenchymalA2",NA
"K15.D041914.3_8_M.1.1","LuminalA2",NA
"L17.D041914.3_8_M.1.1","LuminalA2",NA
"M20.D041914.3_8_M.1.1","LuminalA2",NA
"M19.D041914.3_8_M.1.1","LuminalA2",NA
"O2.D041914.3_8_M.1.1","MesenchymalA2",NA
"P6.D041914.3_8_M.1.1","MesenchymalA1",NA
"O1.D041914.3_8_M.1.1","MesenchymalA1",NA
"P5.D041914.3_8_M.1.1","MesenchymalA1",NA
"I7.D041914.3_8_M.1.1","MesenchymalA1",NA
"J13.D041914.3_8_M.1.1","MesenchymalA1",NA
"L18.D041914.3_8_M.1.1","LuminalA2",NA
"M21.D041914.3_8_M.1.1","LuminalA2",NA
"O3.D041914.3_8_M.1.1","MesenchymalA1",NA
"P7.D041914.3_8_M.1.1","MesenchymalA2",NA
"F16.D041914.3_8_M.1.1","LuminalA2",NA
"G21.D041914.3_8_M.1.1","LuminalB",NA
"O4.D041914.3_8_M.1.1","MesenchymalA1",NA
"P8.D041914.3_8_M.1.1","MesenchymalA1",NA
"F18.D041914.3_8_M.1.1","LuminalA2",NA
"H1.D041914.3_8_M.1.1","MesenchymalA1",NA
"F17.D041914.3_8_M.1.1","LuminalA2",NA
"G22.D041914.3_8_M.1.1","LuminalB",NA
"I8.D041914.3_8_M.1.1","MesenchymalA2",NA
"J14.D041914.3_8_M.1.1","MesenchymalA2",NA
"K17.D041914.3_8_M.1.1","LuminalA2",NA
"L19.D041914.3_8_M.1.1","LuminalB",NA
"M22.D041914.3_8_M.1.1","LuminalA2",NA
"I9.D041914.3_8_M.1.1","MesenchymalA2",NA
"F19.D041914.3_8_M.1.1","LuminalA2",NA
"H2.D041914.3_8_M.1.1","MesenchymalA1",NA
"I13.D041914.3_8_M.1.1","MesenchymalA2",NA
"J16.D041914.3_8_M.1.1","LuminalA2",NA
"K19.D041914.3_8_M.1.1","LuminalA2",NA
"L21.D041914.3_8_M.1.1","LuminalB",NA
"N2.D041914.3_8_M.1.1","MesenchymalA1",NA
"K18.D041914.3_8_M.1.1","LuminalA2",NA
"L20.D041914.3_8_M.1.1","LuminalB",NA
"N1.D041914.3_8_M.1.1","MesenchymalA1",NA
"O5.D041914.3_8_M.1.1","MesenchymalA1",NA
"P10.D041914.3_8_M.1.1","MesenchymalA2",NA
"F20.D041914.3_8_M.1.1","LuminalB",NA
"H4.D041914.3_8_M.1.1","MesenchymalA1",NA
"I14.D041914.3_8_M.1.1","MesenchymalB1",NA
"J18.D041914.3_8_M.1.1","LuminalA2",NA
"K20.D041914.3_8_M.1.1","LuminalA2",NA
"L22.D041914.3_8_M.1.1","LuminalA2",NA
"N3.D041914.3_8_M.1.1","MesenchymalA1",NA
"O7.D041914.3_8_M.1.1","MesenchymalA1",NA
"P12.D041914.3_8_M.1.1","MesenchymalA2",NA
"O6.D041914.3_8_M.1.1","MesenchymalA1",NA
"P11.D041914.3_8_M.1.1","MesenchymalA2",NA
"H5.D041914.3_8_M.1.1","MesenchymalA1",NA
"I15.D041914.3_8_M.1.1","LuminalA2",NA
"J19.D041914.3_8_M.1.1","LuminalA2",NA
"K21.D041914.3_8_M.1.1","LuminalA2",NA
"M1.D041914.3_8_M.1.1","MesenchymalA1",NA
"N4.D041914.3_8_M.1.1","MesenchymalA1",NA
"O8.D041914.3_8_M.1.1","MesenchymalA2",NA
"P13.D041914.3_8_M.1.1","MesenchymalA2",NA
"F21.D041914.3_8_M.1.1","LuminalA2",NA
"I16.D041914.3_8_M.1.1","LuminalA2",NA
"J20.D041914.3_8_M.1.1","LuminalB",NA
"K22.D041914.3_8_M.1.1","LuminalA2",NA
"M2.D041914.3_8_M.1.1","MesenchymalA1",NA
"N6.D041914.3_8_M.1.1","MesenchymalA1",NA
"O9.D041914.3_8_M.1.1","MesenchymalA2",NA
"P14.D041914.3_8_M.1.1","MesenchymalA2",NA
"F22.D041914.3_8_M.1.1","LuminalB",NA
"H6.D041914.3_8_M.1.1","MesenchymalA1",NA
"O10.D041914.3_8_M.1.1","MesenchymalA2",NA
"P15.D041914.3_8_M.1.1","LuminalB",NA
"G2.D041914.3_8_M.1.1","MesenchymalA2",NA
"G1.D041914.3_8_M.1.1","MesenchymalA2",NA
"H7.D041914.3_8_M.1.1","MesenchymalA1",NA
"I17.D041914.3_8_M.1.1","LuminalA2",NA
"J21.D041914.3_8_M.1.1","LuminalB",NA
"L1.D041914.3_8_M.1.1","MesenchymalA1",NA
"M3.D041914.3_8_M.1.1","MesenchymalA1",NA
"N7.D041914.3_8_M.1.1","MesenchymalA1",NA
"H8.D041914.3_8_M.1.1","MesenchymalA2",NA
"G3.D041914.3_8_M.1.1","MesenchymalA1",NA
"H9.D041914.3_8_M.1.1","MesenchymalA1",NA
"I19.D041914.3_8_M.1.1","LuminalA2",NA
"I18.D041914.3_8_M.1.1","LuminalA2",NA
"K1.D041914.3_8_M.1.1","MesenchymalA1",NA
"L3.D041914.3_8_M.1.1","MesenchymalA2",NA
"M5.D041914.3_8_M.1.1","MesenchymalA1",NA
"J22.D041914.3_8_M.1.1","LuminalB",NA
"L2.D041914.3_8_M.1.1","MesenchymalA2",NA
"M4.D041914.3_8_M.1.1","MesenchymalA1",NA
"N8.D041914.3_8_M.1.1","MesenchymalA2",NA
"O11.D041914.3_8_M.1.1","MesenchymalA2",NA
"P16.D041914.3_8_M.1.1","LuminalB",NA
"N9.D041914.3_8_M.1.1","MesenchymalA2",NA
"G4.D041914.3_8_M.1.1","MesenchymalA1",NA
"H10.D041914.3_8_M.1.1","MesenchymalA2",NA
"I20.D041914.3_8_M.1.1","LuminalA1",NA
"K2.D041914.3_8_M.1.1","LuminalA2",NA
"L4.D041914.3_8_M.1.1","MesenchymalA1",NA
"O12.D041914.3_8_M.1.1","MesenchymalA2",NA
"M6.D041914.3_8_M.1.1","MesenchymalA1",NA
"N10.D041914.3_8_M.1.1","MesenchymalA2",NA
"O13.D041914.3_8_M.1.1","MesenchymalA2",NA
"P17.D041914.3_8_M.1.1","LuminalB",NA
"P18.D041914.3_8_M.1.1","LuminalA2",NA
"H15.D041914.3_8_M.1.1","LuminalA2",NA
"I21.D041914.3_8_M.1.1","LuminalA2",NA
"K3.D041914.3_8_M.1.1","MesenchymalA1",NA
"L5.D041914.3_8_M.1.1","MesenchymalA1",NA
"M7.D041914.3_8_M.1.1","MesenchymalA1",NA
"N11.D041914.3_8_M.1.1","MesenchymalA2",NA
"O14.D041914.3_8_M.1.1","MesenchymalA2",NA
"P19.D041914.3_8_M.1.1","LuminalB",NA
"G5.D041914.3_8_M.1.1","MesenchymalA1",NA
"M8.D041914.3_8_M.1.1","MesenchymalA2",NA
"N12.D041914.3_8_M.1.1","MesenchymalA2",NA
"O15.D041914.3_8_M.1.1","LuminalB",NA
"P20.D041914.3_8_M.1.1","LuminalB",NA
"G6.D041914.3_8_M.1.1","MesenchymalA2",NA
"H16.D041914.3_8_M.1.1","LuminalA2",NA
"I22.D041914.3_8_M.1.1","LuminalB",NA
"K4.D041914.3_8_M.1.1","MesenchymalA2",NA
"L6.D041914.3_8_M.1.1","MesenchymalA1",NA
"M10.D041914.3_8_M.1.1","MesenchymalA2",NA
"N13.D041914.3_8_M.1.1","MesenchymalA2",NA
"O16.D041914.3_8_M.1.1","LuminalB",NA
"P21.D041914.3_8_M.1.1","LuminalA2",NA
"G7.D041914.3_8_M.1.1","MesenchymalA2",NA
"H18.D041914.3_8_M.1.1","LuminalA2",NA
"J1.D041914.3_8_M.1.1","MesenchymalA1",NA
"K5.D041914.3_8_M.1.1","MesenchymalA1",NA
"L7.D041914.3_8_M.1.1","MesenchymalA2",NA
"A4.D042253.3_9_M.1.1","MesenchymalB2",NA
"B6.D042253.3_9_M.1.1","MesenchymalA2",NA
"C8.D042253.3_9_M.1.1","MesenchymalB1",NA
"D10.D042253.3_9_M.1.1","MesenchymalB1",NA
"E12.D042253.3_9_M.1.1","MesenchymalB1",NA
"F14.D042253.3_9_M.1.1","MesenchymalB1",NA
"M8.D042253.3_9_M.1.1","MesenchymalB2",NA
"G18.D042253.3_9_M.1.1","LuminalA1",NA
"H20.D042253.3_9_M.1.1","Basal",NA
"J1.D042253.3_9_M.1.1","MesenchymalB2",NA
"K4.D042253.3_9_M.1.1","MesenchymalB2",NA
"A5.D042253.3_9_M.1.1","MesenchymalB2",NA
"F15.D042253.3_9_M.1.1","LuminalA1",NA
"G19.D042253.3_9_M.1.1","LuminalA1",NA
"H21.D042253.3_9_M.1.1","LuminalA1",NA
"J2.D042253.3_9_M.1.1","MesenchymalB1",NA
"B7.D042253.3_9_M.1.1","MesenchymalB2",NA
"K5.D042253.3_9_M.1.1","MesenchymalB2",NA
"L7.D042253.3_9_M.1.1","MesenchymalB2",NA
"M9.D042253.3_9_M.1.1","MesenchymalB1",NA
"C9.D042253.3_9_M.1.1","MesenchymalB1",NA
"D11.D042253.3_9_M.1.1","MesenchymalB1",NA
"E13.D042253.3_9_M.1.1","MesenchymalB1",NA
"F16.D042253.3_9_M.1.1","Basal",NA
"G20.D042253.3_9_M.1.1","Basal",NA
"H22.D042253.3_9_M.1.1","Basal",NA
"J3.D042253.3_9_M.1.1","MesenchymalB2",NA
"K6.D042253.3_9_M.1.1","MesenchymalB2",NA
"A6.D042253.3_9_M.1.1","MesenchymalB2",NA
"B8.D042253.3_9_M.1.1","MesenchymalB1",NA
"C10.D042253.3_9_M.1.1","MesenchymalB1",NA
"D12.D042253.3_9_M.1.1","MesenchymalB1",NA
"E14.D042253.3_9_M.1.1","MesenchymalB2",NA
"L8.D042253.3_9_M.1.1","MesenchymalB1",NA
"M10.D042253.3_9_M.1.1","MesenchymalB2",NA
"A7.D042253.3_9_M.1.1","MesenchymalB2",NA
"G21.D042253.3_9_M.1.1","LuminalA1",NA
"I1.D042253.3_9_M.1.1","MesenchymalB2",NA
"B9.D042253.3_9_M.1.1","MesenchymalB1",NA
"J4.D042253.3_9_M.1.1","MesenchymalB2",NA
"K7.D042253.3_9_M.1.1","MesenchymalB2",NA
"C11.D042253.3_9_M.1.1","MesenchymalA2",NA
"D13.D042253.3_9_M.1.1","MesenchymalB1",NA
"E15.D042253.3_9_M.1.1","LuminalA1",NA
"F17.D042253.3_9_M.1.1","LuminalA1",NA
"L9.D042253.3_9_M.1.1","MesenchymalB1",NA
"D14.D042253.3_9_M.1.1","MesenchymalB1",NA
"E16.D042253.3_9_M.1.1","LuminalA1",NA
"F18.D042253.3_9_M.1.1","Basal",NA
"G22.D042253.3_9_M.1.1","LuminalA1",NA
"I2.D042253.3_9_M.1.1","MesenchymalB2",NA
"M11.D042253.3_9_M.1.1","MesenchymalB1",NA
"J5.D042253.3_9_M.1.1","MesenchymalB2",NA
"K8.D042253.3_9_M.1.1","MesenchymalB1",NA
"L10.D042253.3_9_M.1.1","MesenchymalB2",NA
"A8.D042253.3_9_M.1.1","MesenchymalB1",NA
"B10.D042253.3_9_M.1.1","MesenchymalB2",NA
"C12.D042253.3_9_M.1.1","MesenchymalB1",NA
"M12.D042253.3_9_M.1.1","MesenchymalB1",NA
"E17.D042253.3_9_M.1.1","LuminalA1",NA
"F19.D042253.3_9_M.1.1","LuminalA1",NA
"H1.D042253.3_9_M.1.1","MesenchymalB1",NA
"I3.D042253.3_9_M.1.1","MesenchymalB1",NA
"J6.D042253.3_9_M.1.1","MesenchymalB2",NA
"K9.D042253.3_9_M.1.1","MesenchymalB1",NA
"L11.D042253.3_9_M.1.1","MesenchymalB1",NA
"M13.D042253.3_9_M.1.1","MesenchymalB1",NA
"A9.D042253.3_9_M.1.1","MesenchymalB1",NA
"B11.D042253.3_9_M.1.1","MesenchymalB1",NA
"C13.D042253.3_9_M.1.1","MesenchymalB1",NA
"D15.D042253.3_9_M.1.1","LuminalA1",NA
"J7.D042253.3_9_M.1.1","MesenchymalB2",NA
"K10.D042253.3_9_M.1.1","MesenchymalB1",NA
"L12.D042253.3_9_M.1.1","MesenchymalB2",NA
"M14.D042253.3_9_M.1.1","MesenchymalB1",NA
"A11.D042253.3_9_M.1.1","MesenchymalB1",NA
"B13.D042253.3_9_M.1.1","MesenchymalB2",NA
"A10.D042253.3_9_M.1.1","MesenchymalB1",NA
"C15.D042253.3_9_M.1.1","LuminalA1",NA
"D17.D042253.3_9_M.1.1","LuminalA1",NA
"E19.D042253.3_9_M.1.1","LuminalA1",NA
"B12.D042253.3_9_M.1.1","LuminalA2",NA
"C14.D042253.3_9_M.1.1","MesenchymalB2",NA
"D16.D042253.3_9_M.1.1","LuminalA1",NA
"E18.D042253.3_9_M.1.1","LuminalA1",NA
"F20.D042253.3_9_M.1.1","LuminalA1",NA
"H2.D042253.3_9_M.1.1","MesenchymalB2",NA
"I4.D042253.3_9_M.1.1","MesenchymalB2",NA
"F21.D042253.3_9_M.1.1","LuminalA1",NA
"A12.D042253.3_9_M.1.1","MesenchymalB2",NA
"B14.D042253.3_9_M.1.1","MesenchymalB1",NA
"C16.D042253.3_9_M.1.1","Basal",NA
"D18.D042253.3_9_M.1.1","LuminalA1",NA
"E20.D042253.3_9_M.1.1","LuminalA1",NA
"G1.D042253.3_9_M.1.1","MesenchymalB2",NA
"H4.D042253.3_9_M.1.1","MesenchymalB1",NA
"I6.D042253.3_9_M.1.1","MesenchymalB2",NA
"H3.D042253.3_9_M.1.1","MesenchymalB1",NA
"J9.D042253.3_9_M.1.1","MesenchymalB1",NA
"K12.D042253.3_9_M.1.1","MesenchymalB1",NA
"L14.D042253.3_9_M.1.1","MesenchymalB2",NA
"I5.D042253.3_9_M.1.1","MesenchymalB2",NA
"J8.D042253.3_9_M.1.1","MesenchymalB1",NA
"K11.D042253.3_9_M.1.1","MesenchymalB1",NA
"L13.D042253.3_9_M.1.1","MesenchymalB1",NA
"M15.D042253.3_9_M.1.1","LuminalA1",NA
"M16.D042253.3_9_M.1.1","LuminalA1",NA
"E21.D042253.3_9_M.1.1","LuminalA1",NA
"G2.D042253.3_9_M.1.1","MesenchymalB1",NA
"H5.D042253.3_9_M.1.1","MesenchymalB2",NA
"J10.D042253.3_9_M.1.1","MesenchymalB1",NA
"K13.D042253.3_9_M.1.1","MesenchymalB1",NA
"L15.D042253.3_9_M.1.1","LuminalA1",NA
"M17.D042253.3_9_M.1.1","LuminalA1",NA
"A14.D042253.3_9_M.1.1","MesenchymalB2",NA
"A13.D042253.3_9_M.1.1","MesenchymalB2",NA
"B15.D042253.3_9_M.1.1","LuminalA1",NA
"C17.D042253.3_9_M.1.1","Basal",NA
"D19.D042253.3_9_M.1.1","LuminalA1",NA
"B16.D042253.3_9_M.1.1","LuminalA1",NA
"L16.D042253.3_9_M.1.1","LuminalA1",NA
"M18.D042253.3_9_M.1.1","LuminalA1",NA
"A15.D042253.3_9_M.1.1","LuminalA1",NA
"B17.D042253.3_9_M.1.1","Basal",NA
"C19.D042253.3_9_M.1.1","LuminalA1",NA
"D21.D042253.3_9_M.1.1","LuminalA2",NA
"C18.D042253.3_9_M.1.1","Basal",NA
"F1.D042253.3_9_M.1.1","MesenchymalB2",NA
"G5.D042253.3_9_M.1.1","MesenchymalB2",NA
"H7.D042253.3_9_M.1.1","MesenchymalB2",NA
"D20.D042253.3_9_M.1.1","Basal",NA
"E22.D042253.3_9_M.1.1","LuminalA1",NA
"G3.D042253.3_9_M.1.1","MesenchymalB2",NA
"H6.D042253.3_9_M.1.1","MesenchymalB2",NA
"I8.D042253.3_9_M.1.1","MesenchymalB1",NA
"J11.D042253.3_9_M.1.1","MesenchymalB1",NA
"K14.D042253.3_9_M.1.1","MesenchymalB1",NA
"I9.D042253.3_9_M.1.1","MesenchymalB1",NA
"A16.D042253.3_9_M.1.1","LuminalA1",NA
"B18.D042253.3_9_M.1.1","LuminalA1",NA
"C20.D042253.3_9_M.1.1","LuminalA1",NA
"D22.D042253.3_9_M.1.1","LuminalA2",NA
"F2.D042253.3_9_M.1.1","MesenchymalB1",NA
"G6.D042253.3_9_M.1.1","MesenchymalB2",NA
"H8.D042253.3_9_M.1.1","MesenchymalB1",NA
"I10.D042253.3_9_M.1.1","MesenchymalB1",NA
"J13.D042253.3_9_M.1.1","MesenchymalB1",NA
"K16.D042253.3_9_M.1.1","LuminalA1",NA
"J12.D042253.3_9_M.1.1","MesenchymalB2",NA
"L18.D042253.3_9_M.1.1","LuminalA1",NA
"M20.D042253.3_9_M.1.1","Basal",NA
"K15.D042253.3_9_M.1.1","LuminalA1",NA
"L17.D042253.3_9_M.1.1","LuminalA1",NA
"M19.D042253.3_9_M.1.1","LuminalA1",NA
"H9.D042253.3_9_M.1.1","MesenchymalB1",NA
"I11.D042253.3_9_M.1.1","MesenchymalB1",NA
"J14.D042253.3_9_M.1.1","MesenchymalB1",NA
"K17.D042253.3_9_M.1.1","LuminalA2",NA
"L19.D042253.3_9_M.1.1","Basal",NA
"M21.D042253.3_9_M.1.1","LuminalA2",NA
"A18.D042253.3_9_M.1.1","LuminalA1",NA
"B20.D042253.3_9_M.1.1","LuminalB",NA
"A17.D042253.3_9_M.1.1","Basal",NA
"B19.D042253.3_9_M.1.1","LuminalA1",NA
"C21.D042253.3_9_M.1.1","LuminalA1",NA
"E1.D042253.3_9_M.1.1","MesenchymalB2",NA
"F3.D042253.3_9_M.1.1","MesenchymalB1",NA
"G7.D042253.3_9_M.1.1","MesenchymalB2",NA
"C22.D042253.3_9_M.1.1","LuminalA2",NA
"L20.D042253.3_9_M.1.1","Basal",NA
"N1.D042253.3_9_M.1.1","MesenchymalB2",NA
"A19.D042253.3_9_M.1.1","LuminalA2",NA
"B21.D042253.3_9_M.1.1","Basal",NA
"D1.D042253.3_9_M.1.1","MesenchymalB2",NA
"E3.D042253.3_9_M.1.1","MesenchymalB2",NA
"E2.D042253.3_9_M.1.1","MesenchymalB2",NA
"F5.D042253.3_9_M.1.1","MesenchymalB2",NA
"G9.D042253.3_9_M.1.1","MesenchymalB1",NA
"H11.D042253.3_9_M.1.1","MesenchymalB1",NA
"F4.D042253.3_9_M.1.1","MesenchymalB2",NA
"G8.D042253.3_9_M.1.1","MesenchymalB2",NA
"H10.D042253.3_9_M.1.1","MesenchymalB1",NA
"I12.D042253.3_9_M.1.1","MesenchymalB1",NA
"J15.D042253.3_9_M.1.1","LuminalA1",NA
"K18.D042253.3_9_M.1.1","LuminalA1",NA
"I13.D042253.3_9_M.1.1","MesenchymalB2",NA
"A20.D042253.3_9_M.1.1","LuminalA2",NA
"B22.D042253.3_9_M.1.1","Basal",NA
"D2.D042253.3_9_M.1.1","MesenchymalB2",NA
"E4.D042253.3_9_M.1.1","MesenchymalB2",NA
"F6.D042253.3_9_M.1.1","MesenchymalB2",NA
"G10.D042253.3_9_M.1.1","MesenchymalB1",NA
"H12.D042253.3_9_M.1.1","MesenchymalB2",NA
"I14.D042253.3_9_M.1.1","MesenchymalB1",NA
"J17.D042253.3_9_M.1.1","LuminalA1",NA
"K20.D042253.3_9_M.1.1","LuminalA1",NA
"J16.D042253.3_9_M.1.1","LuminalA1",NA
"L22.D042253.3_9_M.1.1","LuminalA1",NA
"N3.D042253.3_9_M.1.1","MesenchymalB2",NA
"K19.D042253.3_9_M.1.1","Basal",NA
"L21.D042253.3_9_M.1.1","LuminalA1",NA
"N2.D042253.3_9_M.1.1","MesenchymalB2",NA
"H13.D042253.3_9_M.1.1","MesenchymalB1",NA
"I15.D042253.3_9_M.1.1","LuminalA1",NA
"J18.D042253.3_9_M.1.1","LuminalA1",NA
"K21.D042253.3_9_M.1.1","LuminalA1",NA
"M1.D042253.3_9_M.1.1","MesenchymalB2",NA
"N4.D042253.3_9_M.1.1","MesenchymalB1",NA
"A22.D042253.3_9_M.1.1","LuminalA1",NA
"A21.D042253.3_9_M.1.1","LuminalA1",NA
"C1.D042253.3_9_M.1.1","MesenchymalB2",NA
"D3.D042253.3_9_M.1.1","MesenchymalB2",NA
"E5.D042253.3_9_M.1.1","MesenchymalB2",NA
"F7.D042253.3_9_M.1.1","MesenchymalB1",NA
"G11.D042253.3_9_M.1.1","MesenchymalB1",NA
"C2.D042253.3_9_M.1.1","MesenchymalB2",NA
"M2.D042253.3_9_M.1.1","MesenchymalB2",NA
"B1.D042253.3_9_M.1.1","MesenchymalB2",NA
"C3.D042253.3_9_M.1.1","MesenchymalB2",NA
"D5.D042253.3_9_M.1.1","MesenchymalB2",NA
"E7.D042253.3_9_M.1.1","MesenchymalB2",NA
"D4.D042253.3_9_M.1.1","MesenchymalB2",NA
"F9.D042253.3_9_M.1.1","MesenchymalB2",NA
"G13.D042253.3_9_M.1.1","MesenchymalB1",NA
"H15.D042253.3_9_M.1.1","LuminalA1",NA
"E6.D042253.3_9_M.1.1","MesenchymalB2",NA
"F8.D042253.3_9_M.1.1","MesenchymalB1",NA
"G12.D042253.3_9_M.1.1","MesenchymalB2",NA
"H14.D042253.3_9_M.1.1","MesenchymalB1",NA
"I16.D042253.3_9_M.1.1","LuminalA1",NA
"J19.D042253.3_9_M.1.1","LuminalA1",NA
"K22.D042253.3_9_M.1.1","LuminalA1",NA
"B2.D042253.3_9_M.1.1","MesenchymalB2",NA
"C4.D042253.3_9_M.1.1","MesenchymalB2",NA
"D6.D042253.3_9_M.1.1","MesenchymalB2",NA
"E8.D042253.3_9_M.1.1","MesenchymalB1",NA
"F10.D042253.3_9_M.1.1","MesenchymalB1",NA
"G14.D042253.3_9_M.1.1","MesenchymalB1",NA
"H16.D042253.3_9_M.1.1","LuminalA1",NA
"I18.D042253.3_9_M.1.1","Basal",NA
"J21.D042253.3_9_M.1.1","Basal",NA
"I17.D042253.3_9_M.1.1","LuminalA1",NA
"L2.D042253.3_9_M.1.1","MesenchymalB2",NA
"M4.D042253.3_9_M.1.1","MesenchymalB2",NA
"J20.D042253.3_9_M.1.1","LuminalA1",NA
"L1.D042253.3_9_M.1.1","MesenchymalB2",NA
"M3.D042253.3_9_M.1.1","MesenchymalB1",NA
"G15.D042253.3_9_M.1.1","LuminalA1",NA
"H17.D042253.3_9_M.1.1","LuminalA1",NA
"I19.D042253.3_9_M.1.1","LuminalA1",NA
"J22.D042253.3_9_M.1.1","LuminalA2",NA
"L3.D042253.3_9_M.1.1","MesenchymalB2",NA
"M5.D042253.3_9_M.1.1","MesenchymalB2",NA
"A2.D042253.3_9_M.1.1","MesenchymalB2",NA
"B4.D042253.3_9_M.1.1","MesenchymalB2",NA
"C6.D042253.3_9_M.1.1","MesenchymalB2",NA
"A1.D042253.3_9_M.1.1","MesenchymalB2",NA
"B3.D042253.3_9_M.1.1","MesenchymalB2",NA
"C5.D042253.3_9_M.1.1","MesenchymalB2",NA
"D7.D042253.3_9_M.1.1","MesenchymalB2",NA
"E9.D042253.3_9_M.1.1","MesenchymalB1",NA
"F11.D042253.3_9_M.1.1","MesenchymalB1",NA
"D8.D042253.3_9_M.1.1","MesenchymalB2",NA
"A3.D042253.3_9_M.1.1","MesenchymalB2",NA
"B5.D042253.3_9_M.1.1","MesenchymalB2",NA
"C7.D042253.3_9_M.1.1","MesenchymalB1",NA
"D9.D042253.3_9_M.1.1","MesenchymalB1",NA
"E11.D042253.3_9_M.1.1","MesenchymalB2",NA
"F13.D042253.3_9_M.1.1","MesenchymalB2",NA
"E10.D042253.3_9_M.1.1","MesenchymalB2",NA
"G17.D042253.3_9_M.1.1","LuminalA2",NA
"H19.D042253.3_9_M.1.1","LuminalA1",NA
"F12.D042253.3_9_M.1.1","MesenchymalB2",NA
"G16.D042253.3_9_M.1.1","LuminalA1",NA
"H18.D042253.3_9_M.1.1","LuminalA1",NA
"I21.D042253.3_9_M.1.1","Basal",NA
"K2.D042253.3_9_M.1.1","LuminalA2",NA
"L4.D042253.3_9_M.1.1","MesenchymalB1",NA
"M6.D042253.3_9_M.1.1","MesenchymalB1",NA
"I22.D042253.3_9_M.1.1","LuminalA1",NA
"K3.D042253.3_9_M.1.1","MesenchymalB2",NA
"N12.D042253.3_9_M.1.1","MesenchymalB1",NA
"L5.D042253.3_9_M.1.1","MesenchymalB1",NA
"M7.D042253.3_9_M.1.1","MesenchymalB2",NA
"N11.D042253.3_9_M.1.1","MesenchymalB1",NA
"O13.D042253.3_9_M.1.1","MesenchymalB2",NA
"P16.D042253.3_9_M.1.1","LuminalA1",NA
"O14.D042253.3_9_M.1.1","MesenchymalB1",NA
"N13.D042253.3_9_M.1.1","MesenchymalB2",NA
"O16.D042253.3_9_M.1.1","Basal",NA
"P18.D042253.3_9_M.1.1","LuminalA2",NA
"P17.D042253.3_9_M.1.1","LuminalA2",NA
"N14.D042253.3_9_M.1.1","MesenchymalA2",NA
"O17.D042253.3_9_M.1.1","LuminalA1",NA
"P19.D042253.3_9_M.1.1","LuminalA2",NA
"N15.D042253.3_9_M.1.1","LuminalA1",NA
"O18.D042253.3_9_M.1.1","Basal",NA
"P20.D042253.3_9_M.1.1","LuminalA2",NA
"N16.D042253.3_9_M.1.1","LuminalA1",NA
"O19.D042253.3_9_M.1.1","LuminalA1",NA
"P21.D042253.3_9_M.1.1","LuminalA2",NA
"N17.D042253.3_9_M.1.1","LuminalA1",NA
"O20.D042253.3_9_M.1.1","Basal",NA
"P22.D042253.3_9_M.1.1","LuminalA2",NA
"N18.D042253.3_9_M.1.1","Basal",NA
"O21.D042253.3_9_M.1.1","LuminalA1",NA
"N19.D042253.3_9_M.1.1","LuminalA1",NA
"O22.D042253.3_9_M.1.1","LuminalA1",NA
"N20.D042253.3_9_M.1.1","LuminalA1",NA
"P1.D042253.3_9_M.1.1","MesenchymalB1",NA
"N21.D042253.3_9_M.1.1","LuminalA1",NA
"P2.D042253.3_9_M.1.1","MesenchymalA1",NA
"N22.D042253.3_9_M.1.1","LuminalA1",NA
"P3.D042253.3_9_M.1.1","MesenchymalB2",NA
"O1.D042253.3_9_M.1.1","MesenchymalB2",NA
"P4.D042253.3_9_M.1.1","MesenchymalB2",NA
"O2.D042253.3_9_M.1.1","MesenchymalB2",NA
"P5.D042253.3_9_M.1.1","MesenchymalB2",NA
"O3.D042253.3_9_M.1.1","MesenchymalB2",NA
"P6.D042253.3_9_M.1.1","MesenchymalB2",NA
"O4.D042253.3_9_M.1.1","MesenchymalB2",NA
"P7.D042253.3_9_M.1.1","MesenchymalB1",NA
"O5.D042253.3_9_M.1.1","MesenchymalB1",NA
"P8.D042253.3_9_M.1.1","MesenchymalA1",NA
"O6.D042253.3_9_M.1.1","MesenchymalB2",NA
"P9.D042253.3_9_M.1.1","MesenchymalB1",NA
"O7.D042253.3_9_M.1.1","MesenchymalB2",NA
"P10.D042253.3_9_M.1.1","MesenchymalB1",NA
"O8.D042253.3_9_M.1.1","MesenchymalB2",NA
"P11.D042253.3_9_M.1.1","MesenchymalB2",NA
"N6.D042253.3_9_M.1.1","MesenchymalB1",NA
"N7.D042253.3_9_M.1.1","MesenchymalB2",NA
"O9.D042253.3_9_M.1.1","MesenchymalB1",NA
"P12.D042253.3_9_M.1.1","MesenchymalB1",NA
"N8.D042253.3_9_M.1.1","MesenchymalB1",NA
"O10.D042253.3_9_M.1.1","MesenchymalB1",NA
"P13.D042253.3_9_M.1.1","MesenchymalB1",NA
"N9.D042253.3_9_M.1.1","MesenchymalB1",NA
"O11.D042253.3_9_M.1.1","MesenchymalB1",NA
"P14.D042253.3_9_M.1.1","MesenchymalB2",NA
"N10.D042253.3_9_M.1.1","MesenchymalB1",NA
"O12.D042253.3_9_M.1.1","MesenchymalB2",NA
"P15.D042253.3_9_M.1.1","LuminalA1",NA
"A15.MAA000487.3_10_M.1.1","LuminalA1",NA
"B21.MAA000487.3_10_M.1.1","Basal",NA
"F9.MAA000487.3_10_M.1.1","LuminalA1",NA
"G12.MAA000487.3_10_M.1.1","LuminalA1",NA
"H14.MAA000487.3_10_M.1.1","LuminalA1",NA
"I16.MAA000487.3_10_M.1.1","LuminalA1",NA
"D3.MAA000487.3_10_M.1.1","MesenchymalB2",NA
"E7.MAA000487.3_10_M.1.1","MesenchymalB2",NA
"J18.MAA000487.3_10_M.1.1","Basal",NA
"M3.MAA000487.3_10_M.1.1","MesenchymalB1",NA
"N9.MAA000487.3_10_M.1.1","LuminalA2",NA
"K21.MAA000487.3_10_M.1.1","Basal",NA
"A16.MAA000487.3_10_M.1.1","Basal",NA
"O11.MAA000487.3_10_M.1.1","LuminalA1",NA
"D4.MAA000487.3_10_M.1.1","MesenchymalB1",NA
"E8.MAA000487.3_10_M.1.1","LuminalA1",NA
"F10.MAA000487.3_10_M.1.1","LuminalA1",NA
"G13.MAA000487.3_10_M.1.1","LuminalA2",NA
"H15.MAA000487.3_10_M.1.1","Basal",NA
"B22.MAA000487.3_10_M.1.1","Basal",NA
"M4.MAA000487.3_10_M.1.1","LuminalB",NA
"N10.MAA000487.3_10_M.1.1","LuminalA1",NA
"O12.MAA000487.3_10_M.1.1","LuminalA2",NA
"A17.MAA000487.3_10_M.1.1","Basal",NA
"C1.MAA000487.3_10_M.1.1","MesenchymalB2",NA
"I17.MAA000487.3_10_M.1.1","Basal",NA
"J19.MAA000487.3_10_M.1.1","LuminalB",NA
"K22.MAA000487.3_10_M.1.1","Basal",NA
"E9.MAA000487.3_10_M.1.1","LuminalA2",NA
"F11.MAA000487.3_10_M.1.1","LuminalA1",NA
"G14.MAA000487.3_10_M.1.1","LuminalA1",NA
"H16.MAA000487.3_10_M.1.1","Basal",NA
"I18.MAA000487.3_10_M.1.1","LuminalA1",NA
"J20.MAA000487.3_10_M.1.1","Basal",NA
"L1.MAA000487.3_10_M.1.1","LuminalB",NA
"D5.MAA000487.3_10_M.1.1","MesenchymalB2",NA
"N11.MAA000487.3_10_M.1.1","LuminalA1",NA
"O13.MAA000487.3_10_M.1.1","LuminalA2",NA
"A18.MAA000487.3_10_M.1.1","LuminalA1",NA
"C2.MAA000487.3_10_M.1.1","MesenchymalB1",NA
"D6.MAA000487.3_10_M.1.1","MesenchymalB1",NA
"M6.MAA000487.3_10_M.1.1","MesenchymalB1",NA
"E10.MAA000487.3_10_M.1.1","LuminalA1",NA
"I19.MAA000487.3_10_M.1.1","Basal",NA
"J21.MAA000487.3_10_M.1.1","Basal",NA
"L2.MAA000487.3_10_M.1.1","MesenchymalB2",NA
"M8.MAA000487.3_10_M.1.1","LuminalA2",NA
"N12.MAA000487.3_10_M.1.1","LuminalA2",NA
"F12.MAA000487.3_10_M.1.1","LuminalA1",NA
"G15.MAA000487.3_10_M.1.1","Basal",NA
"H17.MAA000487.3_10_M.1.1","LuminalA1",NA
"F13.MAA000487.3_10_M.1.1","LuminalA1",NA
"G16.MAA000487.3_10_M.1.1","Basal",NA
"H18.MAA000487.3_10_M.1.1","Basal",NA
"I20.MAA000487.3_10_M.1.1","LuminalA1",NA
"J22.MAA000487.3_10_M.1.1","Basal",NA
"L3.MAA000487.3_10_M.1.1","MesenchymalB2",NA
"M9.MAA000487.3_10_M.1.1","LuminalA2",NA
"N13.MAA000487.3_10_M.1.1","LuminalA1",NA
"A19.MAA000487.3_10_M.1.1","Basal",NA
"C3.MAA000487.3_10_M.1.1","MesenchymalB2",NA
"D7.MAA000487.3_10_M.1.1","MesenchymalB2",NA
"E11.MAA000487.3_10_M.1.1","LuminalA1",NA
"F14.MAA000487.3_10_M.1.1","LuminalA1",NA
"G17.MAA000487.3_10_M.1.1","Basal",NA
"H19.MAA000487.3_10_M.1.1","Basal",NA
"I21.MAA000487.3_10_M.1.1","Basal",NA
"K1.MAA000487.3_10_M.1.1","MesenchymalB2",NA
"L4.MAA000487.3_10_M.1.1","MesenchymalB1",NA
"M10.MAA000487.3_10_M.1.1","LuminalA2",NA
"N14.MAA000487.3_10_M.1.1","LuminalA1",NA
"A21.MAA000487.3_10_M.1.1","LuminalA1",NA
"C4.MAA000487.3_10_M.1.1","MesenchymalB2",NA
"D9.MAA000487.3_10_M.1.1","LuminalA1",NA
"E12.MAA000487.3_10_M.1.1","LuminalA1",NA
"K2.MAA000487.3_10_M.1.1","MesenchymalB1",NA
"L5.MAA000487.3_10_M.1.1","MesenchymalB2",NA
"M11.MAA000487.3_10_M.1.1","LuminalA1",NA
"N15.MAA000487.3_10_M.1.1","Basal",NA
"B2.MAA000487.3_10_M.1.1","MesenchymalB2",NA
"A22.MAA000487.3_10_M.1.1","Basal",NA
"C6.MAA000487.3_10_M.1.1","MesenchymalB1",NA
"D11.MAA000487.3_10_M.1.1","LuminalA1",NA
"C5.MAA000487.3_10_M.1.1","MesenchymalB2",NA
"D10.MAA000487.3_10_M.1.1","LuminalA1",NA
"E13.MAA000487.3_10_M.1.1","LuminalA1",NA
"F15.MAA000487.3_10_M.1.1","Basal",NA
"G18.MAA000487.3_10_M.1.1","LuminalA1",NA
"H20.MAA000487.3_10_M.1.1","LuminalA1",NA
"I22.MAA000487.3_10_M.1.1","Basal",NA
"E14.MAA000487.3_10_M.1.1","LuminalA1",NA
"N16.MAA000487.3_10_M.1.1","LuminalA1",NA
"B3.MAA000487.3_10_M.1.1","MesenchymalB1",NA
"C8.MAA000487.3_10_M.1.1","LuminalA1",NA
"D12.MAA000487.3_10_M.1.1","LuminalA1",NA
"E15.MAA000487.3_10_M.1.1","LuminalA1",NA
"F17.MAA000487.3_10_M.1.1","Basal",NA
"F16.MAA000487.3_10_M.1.1","Basal",NA
"G20.MAA000487.3_10_M.1.1","LuminalA2",NA
"H22.MAA000487.3_10_M.1.1","Basal",NA
"G19.MAA000487.3_10_M.1.1","Basal",NA
"H21.MAA000487.3_10_M.1.1","Basal",NA
"J1.MAA000487.3_10_M.1.1","MesenchymalB1",NA
"K3.MAA000487.3_10_M.1.1","MesenchymalB1",NA
"L6.MAA000487.3_10_M.1.1","MesenchymalB2",NA
"M13.MAA000487.3_10_M.1.1","LuminalA1",NA
"J2.MAA000487.3_10_M.1.1","MesenchymalB2",NA
"B4.MAA000487.3_10_M.1.1","MesenchymalB1",NA
"C9.MAA000487.3_10_M.1.1","LuminalA1",NA
"D13.MAA000487.3_10_M.1.1","LuminalA1",NA
"E16.MAA000487.3_10_M.1.1","LuminalA1",NA
"F18.MAA000487.3_10_M.1.1","Basal",NA
"G21.MAA000487.3_10_M.1.1","LuminalA2",NA
"I1.MAA000487.3_10_M.1.1","MesenchymalB1",NA
"J3.MAA000487.3_10_M.1.1","MesenchymalB1",NA
"K4.MAA000487.3_10_M.1.1","MesenchymalB1",NA
"K5.MAA000487.3_10_M.1.1","MesenchymalB2",NA
"L9.MAA000487.3_10_M.1.1","LuminalA2",NA
"M15.MAA000487.3_10_M.1.1","LuminalA1",NA
"L7.MAA000487.3_10_M.1.1","MesenchymalB1",NA
"M14.MAA000487.3_10_M.1.1","LuminalA1",NA
"N17.MAA000487.3_10_M.1.1","Basal",NA
"N18.MAA000487.3_10_M.1.1","Basal",NA
"F19.MAA000487.3_10_M.1.1","Basal",NA
"G22.MAA000487.3_10_M.1.1","Basal",NA
"I2.MAA000487.3_10_M.1.1","MesenchymalB1",NA
"J4.MAA000487.3_10_M.1.1","MesenchymalB1",NA
"K6.MAA000487.3_10_M.1.1","MesenchymalB1",NA
"L10.MAA000487.3_10_M.1.1","LuminalA1",NA
"M16.MAA000487.3_10_M.1.1","Basal",NA
"N19.MAA000487.3_10_M.1.1","Basal",NA
"A1.MAA000487.3_10_M.1.1","MesenchymalB1",NA
"B6.MAA000487.3_10_M.1.1","MesenchymalB2",NA
"B5.MAA000487.3_10_M.1.1","MesenchymalB2",NA
"C10.MAA000487.3_10_M.1.1","LuminalA1",NA
"D15.MAA000487.3_10_M.1.1","LuminalA1",NA
"E17.MAA000487.3_10_M.1.1","Basal",NA
"C11.MAA000487.3_10_M.1.1","LuminalA1",NA
"M17.MAA000487.3_10_M.1.1","LuminalB",NA
"N20.MAA000487.3_10_M.1.1","Basal",NA
"A2.MAA000487.3_10_M.1.1","MesenchymalB1",NA
"B7.MAA000487.3_10_M.1.1","MesenchymalB2",NA
"C12.MAA000487.3_10_M.1.1","LuminalA1",NA
"D17.MAA000487.3_10_M.1.1","Basal",NA
"E19.MAA000487.3_10_M.1.1","Basal",NA
"D16.MAA000487.3_10_M.1.1","Basal",NA
"F21.MAA000487.3_10_M.1.1","Basal",NA
"H2.MAA000487.3_10_M.1.1","MesenchymalB1",NA
"I4.MAA000487.3_10_M.1.1","MesenchymalB2",NA
"E18.MAA000487.3_10_M.1.1","Basal",NA
"F20.MAA000487.3_10_M.1.1","Basal",NA
"H1.MAA000487.3_10_M.1.1","MesenchymalB1",NA
"I3.MAA000487.3_10_M.1.1","MesenchymalB2",NA
"J5.MAA000487.3_10_M.1.1","MesenchymalB2",NA
"K7.MAA000487.3_10_M.1.1","MesenchymalB1",NA
"L11.MAA000487.3_10_M.1.1","LuminalA1",NA
"J6.MAA000487.3_10_M.1.1","MesenchymalB1",NA
"B8.MAA000487.3_10_M.1.1","LuminalA1",NA
"C13.MAA000487.3_10_M.1.1","LuminalA1",NA
"D18.MAA000487.3_10_M.1.1","Basal",NA
"E20.MAA000487.3_10_M.1.1","LuminalA1",NA
"F22.MAA000487.3_10_M.1.1","Basal",NA
"H3.MAA000487.3_10_M.1.1","MesenchymalB1",NA
"I5.MAA000487.3_10_M.1.1","MesenchymalB1",NA
"J7.MAA000487.3_10_M.1.1","MesenchymalB2",NA
"K9.MAA000487.3_10_M.1.1","LuminalA1",NA
"K8.MAA000487.3_10_M.1.1","LuminalA1",NA
"L13.MAA000487.3_10_M.1.1","LuminalB",NA
"M19.MAA000487.3_10_M.1.1","Basal",NA
"N22.MAA000487.3_10_M.1.1","LuminalB",NA
"L12.MAA000487.3_10_M.1.1","LuminalA1",NA
"M18.MAA000487.3_10_M.1.1","Basal",NA
"N21.MAA000487.3_10_M.1.1","Basal",NA
"A3.MAA000487.3_10_M.1.1","MesenchymalB2",NA
"H4.MAA000487.3_10_M.1.1","MesenchymalB1",NA
"I6.MAA000487.3_10_M.1.1","MesenchymalB2",NA
"J8.MAA000487.3_10_M.1.1","LuminalA1",NA
"K11.MAA000487.3_10_M.1.1","LuminalA1",NA
"L14.MAA000487.3_10_M.1.1","LuminalA1",NA
"M20.MAA000487.3_10_M.1.1","LuminalA2",NA
"O1.MAA000487.3_10_M.1.1","MesenchymalB1",NA
"A6.MAA000487.3_10_M.1.1","MesenchymalB1",NA
"B10.MAA000487.3_10_M.1.1","LuminalA1",NA
"C15.MAA000487.3_10_M.1.1","LuminalA1",NA
"A4.MAA000487.3_10_M.1.1","MesenchymalB1",NA
"B9.MAA000487.3_10_M.1.1","LuminalA1",NA
"C14.MAA000487.3_10_M.1.1","LuminalA1",NA
"D19.MAA000487.3_10_M.1.1","Basal",NA
"E21.MAA000487.3_10_M.1.1","Basal",NA
"G1.MAA000487.3_10_M.1.1","MesenchymalB2",NA
"D20.MAA000487.3_10_M.1.1","Basal",NA
"O2.MAA000487.3_10_M.1.1","MesenchymalB1",NA
"A7.MAA000487.3_10_M.1.1","MesenchymalB1",NA
"B11.MAA000487.3_10_M.1.1","LuminalA1",NA
"C16.MAA000487.3_10_M.1.1","LuminalA1",NA
"D21.MAA000487.3_10_M.1.1","Basal",NA
"F1.MAA000487.3_10_M.1.1","MesenchymalB2",NA
"G3.MAA000487.3_10_M.1.1","MesenchymalB2",NA
"E22.MAA000487.3_10_M.1.1","LuminalA2",NA
"H6.MAA000487.3_10_M.1.1","MesenchymalB1",NA
"I8.MAA000487.3_10_M.1.1","LuminalA1",NA
"J10.MAA000487.3_10_M.1.1","LuminalA1",NA
"G2.MAA000487.3_10_M.1.1","MesenchymalB1",NA
"H5.MAA000487.3_10_M.1.1","MesenchymalA1",NA
"I7.MAA000487.3_10_M.1.1","MesenchymalB2",NA
"J9.MAA000487.3_10_M.1.1","LuminalA2",NA
"K12.MAA000487.3_10_M.1.1","LuminalA1",NA
"L15.MAA000487.3_10_M.1.1","Basal",NA
"K13.MAA000487.3_10_M.1.1","LuminalA2",NA
"C17.MAA000487.3_10_M.1.1","LuminalA1",NA
"D22.MAA000487.3_10_M.1.1","LuminalA1",NA
"F2.MAA000487.3_10_M.1.1","MesenchymalB2",NA
"G4.MAA000487.3_10_M.1.1","MesenchymalB1",NA
"H7.MAA000487.3_10_M.1.1","MesenchymalB2",NA
"I9.MAA000487.3_10_M.1.1","LuminalA1",NA
"J11.MAA000487.3_10_M.1.1","LuminalA1",NA
"K14.MAA000487.3_10_M.1.1","LuminalA1",NA
"L18.MAA000487.3_10_M.1.1","Basal",NA
"N2.MAA000487.3_10_M.1.1","LuminalA2",NA
"L17.MAA000487.3_10_M.1.1","Basal",NA
"O4.MAA000487.3_10_M.1.1","LuminalB",NA
"N1.MAA000487.3_10_M.1.1","MesenchymalB2",NA
"O3.MAA000487.3_10_M.1.1","MesenchymalB1",NA
"A8.MAA000487.3_10_M.1.1","LuminalA1",NA
"B12.MAA000487.3_10_M.1.1","LuminalA1",NA
"J12.MAA000487.3_10_M.1.1","LuminalA1",NA
"K15.MAA000487.3_10_M.1.1","LuminalB",NA
"L19.MAA000487.3_10_M.1.1","LuminalA1",NA
"N3.MAA000487.3_10_M.1.1","MesenchymalB2",NA
"O5.MAA000487.3_10_M.1.1","LuminalB",NA
"A10.MAA000487.3_10_M.1.1","LuminalA1",NA
"A9.MAA000487.3_10_M.1.1","LuminalA1",NA
"B15.MAA000487.3_10_M.1.1","Basal",NA
"C19.MAA000487.3_10_M.1.1","Basal",NA
"E2.MAA000487.3_10_M.1.1","MesenchymalB1",NA
"B13.MAA000487.3_10_M.1.1","LuminalA1",NA
"C18.MAA000487.3_10_M.1.1","Basal",NA
"E1.MAA000487.3_10_M.1.1","MesenchymalB2",NA
"F3.MAA000487.3_10_M.1.1","MesenchymalB2",NA
"G5.MAA000487.3_10_M.1.1","MesenchymalB1",NA
"H8.MAA000487.3_10_M.1.1","LuminalA1",NA
"I10.MAA000487.3_10_M.1.1","LuminalA1",NA
"F4.MAA000487.3_10_M.1.1","MesenchymalB2",NA
"O6.MAA000487.3_10_M.1.1","MesenchymalB2",NA
"A11.MAA000487.3_10_M.1.1","LuminalA1",NA
"B16.MAA000487.3_10_M.1.1","LuminalA1",NA
"C20.MAA000487.3_10_M.1.1","Basal",NA
"E3.MAA000487.3_10_M.1.1","MesenchymalB2",NA
"F5.MAA000487.3_10_M.1.1","MesenchymalB2",NA
"G6.MAA000487.3_10_M.1.1","MesenchymalB2",NA
"G7.MAA000487.3_10_M.1.1","MesenchymalB2",NA
"H10.MAA000487.3_10_M.1.1","LuminalA1",NA
"I12.MAA000487.3_10_M.1.1","LuminalA1",NA
"H9.MAA000487.3_10_M.1.1","LuminalA1",NA
"I11.MAA000487.3_10_M.1.1","LuminalA1",NA
"J13.MAA000487.3_10_M.1.1","LuminalA1",NA
"K16.MAA000487.3_10_M.1.1","Basal",NA
"L20.MAA000487.3_10_M.1.1","LuminalA2",NA
"N4.MAA000487.3_10_M.1.1","MesenchymalB1",NA
"J14.MAA000487.3_10_M.1.1","LuminalA1",NA
"A12.MAA000487.3_10_M.1.1","LuminalA1",NA
"B17.MAA000487.3_10_M.1.1","Basal",NA
"C21.MAA000487.3_10_M.1.1","Basal",NA
"E4.MAA000487.3_10_M.1.1","MesenchymalB1",NA
"F6.MAA000487.3_10_M.1.1","MesenchymalB2",NA
"G8.MAA000487.3_10_M.1.1","LuminalA1",NA
"H11.MAA000487.3_10_M.1.1","LuminalA1",NA
"I13.MAA000487.3_10_M.1.1","LuminalA1",NA
"K17.MAA000487.3_10_M.1.1","Basal",NA
"J15.MAA000487.3_10_M.1.1","Basal",NA
"K18.MAA000487.3_10_M.1.1","Basal",NA
"L21.MAA000487.3_10_M.1.1","LuminalA2",NA
"N5.MAA000487.3_10_M.1.1","MesenchymalB1",NA
"O7.MAA000487.3_10_M.1.1","MesenchymalB1",NA
"L22.MAA000487.3_10_M.1.1","Basal",NA
"E5.MAA000487.3_10_M.1.1","MesenchymalA2",NA
"F7.MAA000487.3_10_M.1.1","MesenchymalB1",NA
"G9.MAA000487.3_10_M.1.1","LuminalA1",NA
"H12.MAA000487.3_10_M.1.1","LuminalA1",NA
"I14.MAA000487.3_10_M.1.1","LuminalA2",NA
"J16.MAA000487.3_10_M.1.1","Basal",NA
"K19.MAA000487.3_10_M.1.1","Basal",NA
"M1.MAA000487.3_10_M.1.1","MesenchymalB1",NA
"N7.MAA000487.3_10_M.1.1","MesenchymalB2",NA
"O9.MAA000487.3_10_M.1.1","LuminalA1",NA
"N6.MAA000487.3_10_M.1.1","MesenchymalB1",NA
"O8.MAA000487.3_10_M.1.1","LuminalA1",NA
"A13.MAA000487.3_10_M.1.1","LuminalA1",NA
"B18.MAA000487.3_10_M.1.1","Basal",NA
"D1.MAA000487.3_10_M.1.1","MesenchymalB1",NA
"A14.MAA000487.3_10_M.1.1","Basal",NA
"K20.MAA000487.3_10_M.1.1","LuminalB",NA
"M2.MAA000487.3_10_M.1.1","MesenchymalB1",NA
"N8.MAA000487.3_10_M.1.1","LuminalA2",NA
"O10.MAA000487.3_10_M.1.1","LuminalA1",NA
"B19.MAA000487.3_10_M.1.1","LuminalA1",NA
"D2.MAA000487.3_10_M.1.1","MesenchymalB2",NA
"E6.MAA000487.3_10_M.1.1","MesenchymalB2",NA
"F8.MAA000487.3_10_M.1.1","LuminalA1",NA
"G10.MAA000487.3_10_M.1.1","LuminalA1",NA
"H13.MAA000487.3_10_M.1.1","LuminalA1",NA
"I15.MAA000487.3_10_M.1.1","Basal",NA
"J17.MAA000487.3_10_M.1.1","Basal",NA
"O15.MAA000487.3_10_M.1.1","LuminalA2",NA
"P17.MAA000487.3_10_M.1.1","LuminalB",NA
"P18.MAA000487.3_10_M.1.1","LuminalB",NA
"O18.MAA000487.3_10_M.1.1","LuminalB",NA
"P20.MAA000487.3_10_M.1.1","LuminalB",NA
"O19.MAA000487.3_10_M.1.1","LuminalB",NA
"P21.MAA000487.3_10_M.1.1","LuminalB",NA
"O20.MAA000487.3_10_M.1.1","LuminalA2",NA
"O21.MAA000487.3_10_M.1.1","LuminalB",NA
"O22.MAA000487.3_10_M.1.1","LuminalB",NA
"P1.MAA000487.3_10_M.1.1","MesenchymalB1",NA
"P4.MAA000487.3_10_M.1.1","MesenchymalB2",NA
"P3.MAA000487.3_10_M.1.1","MesenchymalB1",NA
"P5.MAA000487.3_10_M.1.1","MesenchymalA2",NA
"P6.MAA000487.3_10_M.1.1","MesenchymalA1",NA
"P7.MAA000487.3_10_M.1.1","MesenchymalB1",NA
"P8.MAA000487.3_10_M.1.1","LuminalA2",NA
"P9.MAA000487.3_10_M.1.1","LuminalB",NA
"P10.MAA000487.3_10_M.1.1","LuminalA2",NA
"P11.MAA000487.3_10_M.1.1","LuminalB",NA
"A12.B000610.3_56_F.1.1","LuminalA2",NA
"C9.B000610.3_56_F.1.1","LuminalA2",NA
"F3.B000610.3_56_F.1.1","MesenchymalA2",NA
"H2.B000610.3_56_F.1.1","MesenchymalA2",NA
"J4.B000610.3_56_F.1.1","MesenchymalA1",NA
"L2.B000610.3_56_F.1.1","MesenchymalA2",NA
"H3.B000610.3_56_F.1.1","MesenchymalA2",NA
"J5.B000610.3_56_F.1.1","LuminalA2",NA
"L3.B000610.3_56_F.1.1","MesenchymalA1",NA
"A13.B000610.3_56_F.1.1","MesenchymalA1",NA
"C10.B000610.3_56_F.1.1","LuminalA2",NA
"F4.B000610.3_56_F.1.1","MesenchymalA1",NA
"A14.B000610.3_56_F.1.1","MesenchymalA2",NA
"C15.B000610.3_56_F.1.1","MesenchymalA1",NA
"F5.B000610.3_56_F.1.1","LuminalA2",NA
"H4.B000610.3_56_F.1.1","MesenchymalA2",NA
"J7.B000610.3_56_F.1.1","LuminalA2",NA
"A16.B000610.3_56_F.1.1","MesenchymalA1",NA
"D1.B000610.3_56_F.1.1","MesenchymalA1",NA
"F6.B000610.3_56_F.1.1","LuminalA2",NA
"H5.B000610.3_56_F.1.1","LuminalA2",NA
"J8.B000610.3_56_F.1.1","LuminalA2",NA
"A17.B000610.3_56_F.1.1","LuminalB",NA
"D2.B000610.3_56_F.1.1","MesenchymalA2",NA
"F7.B000610.3_56_F.1.1","LuminalA2",NA
"H6.B000610.3_56_F.1.1","LuminalA2",NA
"J9.B000610.3_56_F.1.1","LuminalA2",NA
"J12.B000610.3_56_F.1.1","LuminalA2",NA
"B1.B000610.3_56_F.1.1","MesenchymalA1",NA
"D3.B000610.3_56_F.1.1","MesenchymalA2",NA
"F8.B000610.3_56_F.1.1","LuminalA2",NA
"H8.B000610.3_56_F.1.1","LuminalA2",NA
"B2.B000610.3_56_F.1.1","MesenchymalA1",NA
"D4.B000610.3_56_F.1.1","MesenchymalA1",NA
"F10.B000610.3_56_F.1.1","LuminalA2",NA
"H11.B000610.3_56_F.1.1","LuminalA2",NA
"J13.B000610.3_56_F.1.1","MesenchymalA1",NA
"B3.B000610.3_56_F.1.1","MesenchymalA1",NA
"H12.B000610.3_56_F.1.1","LuminalA2",NA
"J14.B000610.3_56_F.1.1","MesenchymalB1",NA
"D5.B000610.3_56_F.1.1","LuminalA2",NA
"F11.B000610.3_56_F.1.1","LuminalA2",NA
"B4.B000610.3_56_F.1.1","MesenchymalA2",NA
"D10.B000610.3_56_F.1.1","LuminalA2",NA
"F14.B000610.3_56_F.1.1","MesenchymalA2",NA
"H13.B000610.3_56_F.1.1","MesenchymalA1",NA
"J15.B000610.3_56_F.1.1","MesenchymalA1",NA
"J16.B000610.3_56_F.1.1","MesenchymalA2",NA
"B5.B000610.3_56_F.1.1","LuminalA2",NA
"D12.B000610.3_56_F.1.1","LuminalA2",NA
"F15.B000610.3_56_F.1.1","MesenchymalA1",NA
"H14.B000610.3_56_F.1.1","MesenchymalA1",NA
"B8.B000610.3_56_F.1.1","LuminalA2",NA
"D15.B000610.3_56_F.1.1","MesenchymalA1",NA
"F16.B000610.3_56_F.1.1","MesenchymalA1",NA
"H16.B000610.3_56_F.1.1","MesenchymalA2",NA
"K1.B000610.3_56_F.1.1","MesenchymalA2",NA
"I3.B000610.3_56_F.1.1","MesenchymalA1",NA
"K2.B000610.3_56_F.1.1","MesenchymalA1",NA
"B9.B000610.3_56_F.1.1","LuminalA2",NA
"D16.B000610.3_56_F.1.1","MesenchymalA1",NA
"G1.B000610.3_56_F.1.1","MesenchymalA1",NA
"B10.B000610.3_56_F.1.1","LuminalA2",NA
"E1.B000610.3_56_F.1.1","MesenchymalA1",NA
"G2.B000610.3_56_F.1.1","MesenchymalA2",NA
"I5.B000610.3_56_F.1.1","LuminalA2",NA
"K3.B000610.3_56_F.1.1","MesenchymalA1",NA
"A1.B000610.3_56_F.1.1","MesenchymalA1",NA
"B12.B000610.3_56_F.1.1","LuminalA2",NA
"E2.B000610.3_56_F.1.1","MesenchymalA1",NA
"G3.B000610.3_56_F.1.1","MesenchymalA1",NA
"I6.B000610.3_56_F.1.1","LuminalA2",NA
"K4.B000610.3_56_F.1.1","MesenchymalA2",NA
"A2.B000610.3_56_F.1.1","MesenchymalA2",NA
"B13.B000610.3_56_F.1.1","MesenchymalA1",NA
"A3.B000610.3_56_F.1.1","MesenchymalA1",NA
"E4.B000610.3_56_F.1.1","MesenchymalA2",NA
"G4.B000610.3_56_F.1.1","MesenchymalA2",NA
"K5.B000610.3_56_F.1.1","LuminalA2",NA
"B14.B000610.3_56_F.1.1","MesenchymalA2",NA
"A4.B000610.3_56_F.1.1","MesenchymalA1",NA
"E6.B000610.3_56_F.1.1","LuminalA2",NA
"G5.B000610.3_56_F.1.1","LuminalA2",NA
"I9.B000610.3_56_F.1.1","LuminalA2",NA
"K8.B000610.3_56_F.1.1","LuminalA2",NA
"B16.B000610.3_56_F.1.1","MesenchymalA1",NA
"E8.B000610.3_56_F.1.1","LuminalA2",NA
"G6.B000610.3_56_F.1.1","LuminalA2",NA
"I10.B000610.3_56_F.1.1","LuminalA2",NA
"K9.B000610.3_56_F.1.1","LuminalA2",NA
"K10.B000610.3_56_F.1.1","LuminalA2",NA
"A5.B000610.3_56_F.1.1","LuminalB",NA
"C1.B000610.3_56_F.1.1","MesenchymalA1",NA
"E9.B000610.3_56_F.1.1","LuminalA2",NA
"G7.B000610.3_56_F.1.1","LuminalA1",NA
"I11.B000610.3_56_F.1.1","LuminalA2",NA
"A6.B000610.3_56_F.1.1","LuminalB",NA
"C2.B000610.3_56_F.1.1","MesenchymalA2",NA
"E10.B000610.3_56_F.1.1","LuminalA2",NA
"G10.B000610.3_56_F.1.1","LuminalA2",NA
"I12.B000610.3_56_F.1.1","LuminalA2",NA
"K11.B000610.3_56_F.1.1","LuminalA2",NA
"E11.B000610.3_56_F.1.1","LuminalA2",NA
"G11.B000610.3_56_F.1.1","LuminalA2",NA
"I13.B000610.3_56_F.1.1","MesenchymalA1",NA
"K12.B000610.3_56_F.1.1","LuminalA2",NA
"A7.B000610.3_56_F.1.1","LuminalA2",NA
"C3.B000610.3_56_F.1.1","MesenchymalA1",NA
"A8.B000610.3_56_F.1.1","LuminalA2",NA
"C5.B000610.3_56_F.1.1","LuminalA2",NA
"E12.B000610.3_56_F.1.1","LuminalA2",NA
"G12.B000610.3_56_F.1.1","LuminalA2",NA
"I14.B000610.3_56_F.1.1","MesenchymalA1",NA
"K14.B000610.3_56_F.1.1","MesenchymalA1",NA
"I16.B000610.3_56_F.1.1","MesenchymalA1",NA
"K15.B000610.3_56_F.1.1","MesenchymalB1",NA
"A9.B000610.3_56_F.1.1","LuminalA2",NA
"C6.B000610.3_56_F.1.1","LuminalA2",NA
"E15.B000610.3_56_F.1.1","MesenchymalA1",NA
"G14.B000610.3_56_F.1.1","MesenchymalA2",NA
"C7.B000610.3_56_F.1.1","LuminalA2",NA
"F1.B000610.3_56_F.1.1","MesenchymalA1",NA
"G16.B000610.3_56_F.1.1","MesenchymalA2",NA
"J1.B000610.3_56_F.1.1","MesenchymalA2",NA
"K16.B000610.3_56_F.1.1","MesenchymalA2",NA
"A10.B000610.3_56_F.1.1","LuminalB",NA
"A11.B000610.3_56_F.1.1","LuminalA2",NA
"C8.B000610.3_56_F.1.1","LuminalA2",NA
"F2.B000610.3_56_F.1.1","MesenchymalA1",NA
"H1.B000610.3_56_F.1.1","MesenchymalA2",NA
"J2.B000610.3_56_F.1.1","MesenchymalA1",NA
"L1.B000610.3_56_F.1.1","MesenchymalA2",NA
"M12.B000610.3_56_F.1.1","LuminalA2",NA
"O8.B000610.3_56_F.1.1","LuminalA2",NA
"M13.B000610.3_56_F.1.1","MesenchymalA2",NA
"O9.B000610.3_56_F.1.1","LuminalA2",NA
"M14.B000610.3_56_F.1.1","MesenchymalA1",NA
"O11.B000610.3_56_F.1.1","LuminalA2",NA
"L5.B000610.3_56_F.1.1","LuminalA1",NA
"M15.B000610.3_56_F.1.1","MesenchymalA2",NA
"L7.B000610.3_56_F.1.1","LuminalA2",NA
"M16.B000610.3_56_F.1.1","MesenchymalA1",NA
"O13.B000610.3_56_F.1.1","MesenchymalA2",NA
"L8.B000610.3_56_F.1.1","LuminalA2",NA
"N1.B000610.3_56_F.1.1","MesenchymalA1",NA
"O14.B000610.3_56_F.1.1","MesenchymalA1",NA
"L9.B000610.3_56_F.1.1","LuminalA2",NA
"O15.B000610.3_56_F.1.1","MesenchymalA2",NA
"N2.B000610.3_56_F.1.1","MesenchymalA1",NA
"O16.B000610.3_56_F.1.1","MesenchymalA2",NA
"L10.B000610.3_56_F.1.1","LuminalA2",NA
"N3.B000610.3_56_F.1.1","MesenchymalA1",NA
"L11.B000610.3_56_F.1.1","LuminalA2",NA
"N4.B000610.3_56_F.1.1","MesenchymalA1",NA
"P1.B000610.3_56_F.1.1","MesenchymalA1",NA
"L12.B000610.3_56_F.1.1","LuminalA2",NA
"N5.B000610.3_56_F.1.1","LuminalA2",NA
"P2.B000610.3_56_F.1.1","MesenchymalA1",NA
"L13.B000610.3_56_F.1.1","MesenchymalB2",NA
"N6.B000610.3_56_F.1.1","LuminalA2",NA
"P3.B000610.3_56_F.1.1","MesenchymalA1",NA
"N7.B000610.3_56_F.1.1","LuminalA2",NA
"P4.B000610.3_56_F.1.1","MesenchymalA2",NA
"L14.B000610.3_56_F.1.1","MesenchymalA1",NA
"L15.B000610.3_56_F.1.1","MesenchymalA2",NA
"N8.B000610.3_56_F.1.1","LuminalA2",NA
"P7.B000610.3_56_F.1.1","LuminalA2",NA
"L16.B000610.3_56_F.1.1","MesenchymalA2",NA
"N10.B000610.3_56_F.1.1","LuminalA2",NA
"P8.B000610.3_56_F.1.1","LuminalA2",NA
"M1.B000610.3_56_F.1.1","MesenchymalA2",NA
"N12.B000610.3_56_F.1.1","LuminalA2",NA
"P9.B000610.3_56_F.1.1","LuminalB",NA
"M3.B000610.3_56_F.1.1","MesenchymalA2",NA
"N13.B000610.3_56_F.1.1","MesenchymalA1",NA
"P10.B000610.3_56_F.1.1","LuminalA2",NA
"M4.B000610.3_56_F.1.1","MesenchymalA1",NA
"M5.B000610.3_56_F.1.1","LuminalA2",NA
"N14.B000610.3_56_F.1.1","MesenchymalA1",NA
"P11.B000610.3_56_F.1.1","LuminalA2",NA
"P12.B000610.3_56_F.1.1","LuminalA2",NA
"M6.B000610.3_56_F.1.1","LuminalA2",NA
"N16.B000610.3_56_F.1.1","MesenchymalA1",NA
"M7.B000610.3_56_F.1.1","LuminalA2",NA
"P13.B000610.3_56_F.1.1","MesenchymalA2",NA
"O1.B000610.3_56_F.1.1","MesenchymalA2",NA
"P14.B000610.3_56_F.1.1","MesenchymalA2",NA
"M8.B000610.3_56_F.1.1","LuminalA2",NA
"O3.B000610.3_56_F.1.1","MesenchymalA1",NA
"P15.B000610.3_56_F.1.1","MesenchymalA2",NA
"O4.B000610.3_56_F.1.1","MesenchymalA2",NA
"P16.B000610.3_56_F.1.1","MesenchymalA1",NA
"M9.B000610.3_56_F.1.1","LuminalA2",NA
"M10.B000610.3_56_F.1.1","LuminalB",NA
"O6.B000610.3_56_F.1.1","LuminalA2",NA
"M11.B000610.3_56_F.1.1","LuminalA2",NA
"O7.B000610.3_56_F.1.1","LuminalA2",NA
"I19.B002764.3_38_F.1.1","LuminalB",NA
"C15.B002764.3_38_F.1.1","LuminalB",NA
"G15.B002764.3_38_F.1.1","LuminalB",NA
"N4.B002764.3_38_F.1.1","LuminalA2",NA
"C22.B002764.3_38_F.1.1","LuminalB",NA
"K15.B002764.3_38_F.1.1","LuminalB",NA
"I7.B002764.3_38_F.1.1","LuminalB",NA
"A1.B002764.3_38_F.1.1","LuminalA2",NA
"L1.B002764.3_38_F.1.1","MesenchymalA1",NA
"A9.B002764.3_38_F.1.1","LuminalB",NA
"H12.B002764.3_38_F.1.1","LuminalB",NA
"B7.B002771.3_39_F.1.1","MesenchymalA1",NA
"D17.B002771.3_39_F.1.1","LuminalA2",NA
"H16.B002771.3_39_F.1.1","Basal",NA
"L13.B002771.3_39_F.1.1","LuminalA2",NA
"B8.B002771.3_39_F.1.1","LuminalA2",NA
"E2.B002771.3_39_F.1.1","MesenchymalA2",NA
"I10.B002771.3_39_F.1.1","LuminalA2",NA
"L15.B002771.3_39_F.1.1","LuminalA2",NA
"B9.B002771.3_39_F.1.1","LuminalA2",NA
"E5.B002771.3_39_F.1.1","MesenchymalA1",NA
"I11.B002771.3_39_F.1.1","LuminalA2",NA
"B10.B002771.3_39_F.1.1","LuminalA2",NA
"M5.B002771.3_39_F.1.1","MesenchymalA2",NA
"M8.B002771.3_39_F.1.1","LuminalA2",NA
"E12.B002771.3_39_F.1.1","LuminalA2",NA
"I12.B002771.3_39_F.1.1","LuminalA2",NA
"I14.B002771.3_39_F.1.1","LuminalA1",NA
"M13.B002771.3_39_F.1.1","LuminalA2",NA
"B11.B002771.3_39_F.1.1","LuminalB",NA
"F2.B002771.3_39_F.1.1","MesenchymalA1",NA
"A1.B002771.3_39_F.1.1","MesenchymalA1",NA
"B13.B002771.3_39_F.1.1","LuminalA2",NA
"F7.B002771.3_39_F.1.1","MesenchymalB2",NA
"I17.B002771.3_39_F.1.1","LuminalA2",NA
"M15.B002771.3_39_F.1.1","LuminalA2",NA
"A2.B002771.3_39_F.1.1","MesenchymalA1",NA
"F9.B002771.3_39_F.1.1","LuminalA2",NA
"M16.B002771.3_39_F.1.1","LuminalA2",NA
"C1.B002771.3_39_F.1.1","MesenchymalA2",NA
"F15.B002771.3_39_F.1.1","LuminalA2",NA
"J4.B002771.3_39_F.1.1","MesenchymalB2",NA
"A4.B002771.3_39_F.1.1","MesenchymalA2",NA
"G1.B002771.3_39_F.1.1","MesenchymalA2",NA
"J7.B002771.3_39_F.1.1","MesenchymalA2",NA
"N10.B002771.3_39_F.1.1","LuminalA2",NA
"A7.B002771.3_39_F.1.1","MesenchymalA2",NA
"C6.B002771.3_39_F.1.1","MesenchymalA1",NA
"G2.B002771.3_39_F.1.1","MesenchymalB2",NA
"J8.B002771.3_39_F.1.1","LuminalB",NA
"A8.B002771.3_39_F.1.1","LuminalA2",NA
"N14.B002771.3_39_F.1.1","LuminalA2",NA
"C7.B002771.3_39_F.1.1","MesenchymalB1",NA
"J10.B002771.3_39_F.1.1","LuminalA2",NA
"O1.B002771.3_39_F.1.1","MesenchymalA2",NA
"J14.B002771.3_39_F.1.1","LuminalA2",NA
"O4.B002771.3_39_F.1.1","MesenchymalA1",NA
"A9.B002771.3_39_F.1.1","LuminalA2",NA
"C8.B002771.3_39_F.1.1","LuminalA2",NA
"G6.B002771.3_39_F.1.1","MesenchymalB1",NA
"C9.B002771.3_39_F.1.1","LuminalA2",NA
"A10.B002771.3_39_F.1.1","LuminalB",NA
"G8.B002771.3_39_F.1.1","LuminalA2",NA
"J15.B002771.3_39_F.1.1","MesenchymalA2",NA
"O9.B002771.3_39_F.1.1","LuminalA2",NA
"J17.B002771.3_39_F.1.1","LuminalA2",NA
"O12.B002771.3_39_F.1.1","LuminalA2",NA
"A11.B002771.3_39_F.1.1","LuminalB",NA
"C13.B002771.3_39_F.1.1","LuminalA2",NA
"C16.B002771.3_39_F.1.1","LuminalA2",NA
"G15.B002771.3_39_F.1.1","LuminalA2",NA
"K1.B002771.3_39_F.1.1","MesenchymalA2",NA
"O14.B002771.3_39_F.1.1","LuminalA2",NA
"G16.B002771.3_39_F.1.1","LuminalA2",NA
"O15.B002771.3_39_F.1.1","LuminalA2",NA
"A13.B002771.3_39_F.1.1","LuminalB",NA
"C17.B002771.3_39_F.1.1","LuminalB",NA
"P1.B002771.3_39_F.1.1","MesenchymalA2",NA
"A14.B002771.3_39_F.1.1","LuminalB",NA
"D2.B002771.3_39_F.1.1","MesenchymalA2",NA
"H3.B002771.3_39_F.1.1","MesenchymalA1",NA
"P2.B002771.3_39_F.1.1","MesenchymalA2",NA
"A15.B002771.3_39_F.1.1","LuminalB",NA
"D4.B002771.3_39_F.1.1","MesenchymalA1",NA
"H4.B002771.3_39_F.1.1","MesenchymalA2",NA
"K9.B002771.3_39_F.1.1","LuminalA2",NA
"A16.B002771.3_39_F.1.1","LuminalB",NA
"D6.B002771.3_39_F.1.1","MesenchymalA2",NA
"H7.B002771.3_39_F.1.1","MesenchymalA2",NA
"L1.B002771.3_39_F.1.1","MesenchymalA2",NA
"D9.B002771.3_39_F.1.1","LuminalA2",NA
"H8.B002771.3_39_F.1.1","LuminalA2",NA
"L3.B002771.3_39_F.1.1","MesenchymalB1",NA
"D10.B002771.3_39_F.1.1","LuminalA2",NA
"H10.B002771.3_39_F.1.1","LuminalA2",NA
"L4.B002771.3_39_F.1.1","MesenchymalA2",NA
"P9.B002771.3_39_F.1.1","LuminalA2",NA
"D11.B002771.3_39_F.1.1","LuminalB",NA
"H12.B002771.3_39_F.1.1","LuminalA2",NA
"L5.B002771.3_39_F.1.1","MesenchymalA2",NA
"D12.B002771.3_39_F.1.1","LuminalA2",NA
"H13.B002771.3_39_F.1.1","LuminalB",NA
"L9.B002771.3_39_F.1.1","LuminalA2",NA
"B5.B002771.3_39_F.1.1","MesenchymalA1",NA
"D16.B002771.3_39_F.1.1","LuminalA2",NA
"H14.B002771.3_39_F.1.1","LuminalA2",NA
"L10.B002771.3_39_F.1.1","LuminalA2",NA
"P14.B002771.3_39_F.1.1","LuminalA2",NA
