"","plate.barcode","annotation","subannotation"
"A15.D041894.3_9_M.1.1","D041894","Stratified/differentiated keratinocytes",NA
"B19.D041894.3_9_M.1.1","D041894","Basal/differentiating",NA
"C21.D041894.3_9_M.1.1","D041894","Maturing/nonkeratinized",NA
"E1.D041894.3_9_M.1.1","D041894","Maturing/nonkeratinized",NA
"F4.D041894.3_9_M.1.1","D041894","Basal/differentiating",NA
"G7.D041894.3_9_M.1.1","D041894","Basal/differentiating",NA
"H10.D041894.3_9_M.1.1","D041894","Basal/differentiating",NA
"I12.D041894.3_9_M.1.1","D041894","Basal/differentiating",NA
"A16.D041894.3_9_M.1.1","D041894","Proliferating",NA
"B20.D041894.3_9_M.1.1","D041894","Filiform",NA
"C22.D041894.3_9_M.1.1","D041894","Basal/differentiating",NA
"E3.D041894.3_9_M.1.1","D041894","Basal/differentiating",NA
"F5.D041894.3_9_M.1.1","D041894","Basal/differentiating",NA
"G8.D041894.3_9_M.1.1","D041894","Basal/differentiating",NA
"H11.D041894.3_9_M.1.1","D041894","Maturing/nonkeratinized",NA
"I13.D041894.3_9_M.1.1","D041894","Basal/differentiating",NA
"J15.D041894.3_9_M.1.1","D041894","Basal/differentiating",NA
"K18.D041894.3_9_M.1.1","D041894","Basal/differentiating",NA
"J14.D041894.3_9_M.1.1","D041894","Basal/differentiating",NA
"L20.D041894.3_9_M.1.1","D041894","Basal/differentiating",NA
"K17.D041894.3_9_M.1.1","D041894","Basal/differentiating",NA
"L19.D041894.3_9_M.1.1","D041894","Basal/differentiating",NA
"M21.D041894.3_9_M.1.1","D041894","Stratified/differentiated keratinocytes",NA
"O4.D041894.3_9_M.1.1","D041894","Basal/differentiating",NA
"P7.D041894.3_9_M.1.1","D041894","Basal/differentiating",NA
"M22.D041894.3_9_M.1.1","D041894","Basal/differentiating",NA
"B21.D041894.3_9_M.1.1","D041894","Stratified/differentiated keratinocytes",NA
"D1.D041894.3_9_M.1.1","D041894","Proliferating",NA
"E4.D041894.3_9_M.1.1","D041894","Basal/differentiating",NA
"F6.D041894.3_9_M.1.1","D041894","Maturing/nonkeratinized",NA
"G9.D041894.3_9_M.1.1","D041894","Basal/differentiating",NA
"H12.D041894.3_9_M.1.1","D041894","Maturing/nonkeratinized",NA
"I14.D041894.3_9_M.1.1","D041894","Stratified/differentiated keratinocytes",NA
"J16.D041894.3_9_M.1.1","D041894","Basal/differentiating",NA
"K19.D041894.3_9_M.1.1","D041894","Basal/differentiating",NA
"L21.D041894.3_9_M.1.1","D041894","Basal/differentiating",NA
"N2.D041894.3_9_M.1.1","D041894","Basal/differentiating",NA
"O6.D041894.3_9_M.1.1","D041894","Maturing/nonkeratinized",NA
"P9.D041894.3_9_M.1.1","D041894","Basal/differentiating",NA
"O5.D041894.3_9_M.1.1","D041894","Basal/differentiating",NA
"P8.D041894.3_9_M.1.1","D041894","Basal/differentiating",NA
"A17.D041894.3_9_M.1.1","D041894","Basal/differentiating",NA
"G10.D041894.3_9_M.1.1","D041894","Maturing/nonkeratinized",NA
"H13.D041894.3_9_M.1.1","D041894","Filiform",NA
"I15.D041894.3_9_M.1.1","D041894","Basal/differentiating",NA
"J17.D041894.3_9_M.1.1","D041894","Basal/differentiating",NA
"K20.D041894.3_9_M.1.1","D041894","Basal/differentiating",NA
"L22.D041894.3_9_M.1.1","D041894","Stratified/differentiated keratinocytes",NA
"N3.D041894.3_9_M.1.1","D041894","Basal/differentiating",NA
"O7.D041894.3_9_M.1.1","D041894","Basal/differentiating",NA
"P10.D041894.3_9_M.1.1","D041894","Maturing/nonkeratinized",NA
"A19.D041894.3_9_M.1.1","D041894","Filiform",NA
"C1.D041894.3_9_M.1.1","D041894","Basal/differentiating",NA
"A18.D041894.3_9_M.1.1","D041894","Basal/differentiating",NA
"B22.D041894.3_9_M.1.1","D041894","Basal/differentiating",NA
"D2.D041894.3_9_M.1.1","D041894","Basal/differentiating",NA
"E5.D041894.3_9_M.1.1","D041894","Maturing/nonkeratinized",NA
"F7.D041894.3_9_M.1.1","D041894","Basal/differentiating",NA
"D3.D041894.3_9_M.1.1","D041894","Basal/differentiating",NA
"N4.D041894.3_9_M.1.1","D041894","Basal/differentiating",NA
"O8.D041894.3_9_M.1.1","D041894","Basal/differentiating",NA
"P11.D041894.3_9_M.1.1","D041894","Maturing/nonkeratinized",NA
"A20.D041894.3_9_M.1.1","D041894","Basal/differentiating",NA
"C2.D041894.3_9_M.1.1","D041894","Proliferating",NA
"D4.D041894.3_9_M.1.1","D041894","Basal/differentiating",NA
"E7.D041894.3_9_M.1.1","D041894","Basal/differentiating",NA
"F9.D041894.3_9_M.1.1","D041894","Basal/differentiating",NA
"E6.D041894.3_9_M.1.1","D041894","Proliferating",NA
"G13.D041894.3_9_M.1.1","D041894","Basal/differentiating",NA
"H15.D041894.3_9_M.1.1","D041894","Basal/differentiating",NA
"I17.D041894.3_9_M.1.1","D041894","Stratified/differentiated keratinocytes",NA
"F8.D041894.3_9_M.1.1","D041894","Basal/differentiating",NA
"G11.D041894.3_9_M.1.1","D041894","Basal/differentiating",NA
"H14.D041894.3_9_M.1.1","D041894","Proliferating",NA
"I16.D041894.3_9_M.1.1","D041894","Basal/differentiating",NA
"J19.D041894.3_9_M.1.1","D041894","Basal/differentiating",NA
"K21.D041894.3_9_M.1.1","D041894","Filiform",NA
"M1.D041894.3_9_M.1.1","D041894","Maturing/nonkeratinized",NA
"J20.D041894.3_9_M.1.1","D041894","Stratified/differentiated keratinocytes",NA
"C3.D041894.3_9_M.1.1","D041894","Proliferating",NA
"D5.D041894.3_9_M.1.1","D041894","Basal/differentiating",NA
"E8.D041894.3_9_M.1.1","D041894","Proliferating",NA
"F10.D041894.3_9_M.1.1","D041894","Maturing/nonkeratinized",NA
"G14.D041894.3_9_M.1.1","D041894","Basal/differentiating",NA
"H16.D041894.3_9_M.1.1","D041894","Basal/differentiating",NA
"I18.D041894.3_9_M.1.1","D041894","Basal/differentiating",NA
"J21.D041894.3_9_M.1.1","D041894","Basal/differentiating",NA
"L1.D041894.3_9_M.1.1","D041894","Basal/differentiating",NA
"M3.D041894.3_9_M.1.1","D041894","Maturing/nonkeratinized",NA
"K22.D041894.3_9_M.1.1","D041894","Maturing/nonkeratinized",NA
"N6.D041894.3_9_M.1.1","D041894","Proliferating",NA
"O10.D041894.3_9_M.1.1","D041894","Maturing/nonkeratinized",NA
"P13.D041894.3_9_M.1.1","D041894","Stratified/differentiated keratinocytes",NA
"M2.D041894.3_9_M.1.1","D041894","Basal/differentiating",NA
"N5.D041894.3_9_M.1.1","D041894","Basal/differentiating",NA
"O9.D041894.3_9_M.1.1","D041894","Basal/differentiating",NA
"P12.D041894.3_9_M.1.1","D041894","Stratified/differentiated keratinocytes",NA
"A21.D041894.3_9_M.1.1","D041894","Stratified/differentiated keratinocytes",NA
"H17.D041894.3_9_M.1.1","D041894","Basal/differentiating",NA
"I19.D041894.3_9_M.1.1","D041894","Basal/differentiating",NA
"J22.D041894.3_9_M.1.1","D041894","Stratified/differentiated keratinocytes",NA
"L2.D041894.3_9_M.1.1","D041894","Maturing/nonkeratinized",NA
"M4.D041894.3_9_M.1.1","D041894","Basal/differentiating",NA
"N7.D041894.3_9_M.1.1","D041894","Basal/differentiating",NA
"O11.D041894.3_9_M.1.1","D041894","Basal/differentiating",NA
"P14.D041894.3_9_M.1.1","D041894","Basal/differentiating",NA
"B3.D041894.3_9_M.1.1","D041894","Basal/differentiating",NA
"C5.D041894.3_9_M.1.1","D041894","Proliferating",NA
"D7.D041894.3_9_M.1.1","D041894","Basal/differentiating",NA
"A22.D041894.3_9_M.1.1","D041894","Basal/differentiating",NA
"C4.D041894.3_9_M.1.1","D041894","Maturing/nonkeratinized",NA
"D6.D041894.3_9_M.1.1","D041894","Stratified/differentiated keratinocytes",NA
"E9.D041894.3_9_M.1.1","D041894","Proliferating",NA
"F12.D041894.3_9_M.1.1","D041894","Basal/differentiating",NA
"G15.D041894.3_9_M.1.1","D041894","Basal/differentiating",NA
"E10.D041894.3_9_M.1.1","D041894","Basal/differentiating",NA
"O12.D041894.3_9_M.1.1","D041894","Basal/differentiating",NA
"P15.D041894.3_9_M.1.1","D041894","Basal/differentiating",NA
"B4.D041894.3_9_M.1.1","D041894","Basal/differentiating",NA
"C6.D041894.3_9_M.1.1","D041894","Basal/differentiating",NA
"D8.D041894.3_9_M.1.1","D041894","Basal/differentiating",NA
"E11.D041894.3_9_M.1.1","D041894","Maturing/nonkeratinized",NA
"F13.D041894.3_9_M.1.1","D041894","Basal/differentiating",NA
"F14.D041894.3_9_M.1.1","D041894","Stratified/differentiated keratinocytes",NA
"G17.D041894.3_9_M.1.1","D041894","Stratified/differentiated keratinocytes",NA
"H19.D041894.3_9_M.1.1","D041894","Basal/differentiating",NA
"G16.D041894.3_9_M.1.1","D041894","Basal/differentiating",NA
"H18.D041894.3_9_M.1.1","D041894","Basal/differentiating",NA
"I20.D041894.3_9_M.1.1","D041894","Filiform",NA
"K1.D041894.3_9_M.1.1","D041894","Basal/differentiating",NA
"L3.D041894.3_9_M.1.1","D041894","Basal/differentiating",NA
"M5.D041894.3_9_M.1.1","D041894","Basal/differentiating",NA
"N8.D041894.3_9_M.1.1","D041894","Basal/differentiating",NA
"I21.D041894.3_9_M.1.1","D041894","Proliferating",NA
"B5.D041894.3_9_M.1.1","D041894","Basal/differentiating",NA
"C7.D041894.3_9_M.1.1","D041894","Basal/differentiating",NA
"D9.D041894.3_9_M.1.1","D041894","Maturing/nonkeratinized",NA
"E12.D041894.3_9_M.1.1","D041894","Basal/differentiating",NA
"F15.D041894.3_9_M.1.1","D041894","Basal/differentiating",NA
"G18.D041894.3_9_M.1.1","D041894","Basal/differentiating",NA
"H20.D041894.3_9_M.1.1","D041894","Basal/differentiating",NA
"I22.D041894.3_9_M.1.1","D041894","Basal/differentiating",NA
"K3.D041894.3_9_M.1.1","D041894","Basal/differentiating",NA
"K2.D041894.3_9_M.1.1","D041894","Basal/differentiating",NA
"L5.D041894.3_9_M.1.1","D041894","Stratified/differentiated keratinocytes",NA
"M7.D041894.3_9_M.1.1","D041894","Basal/differentiating",NA
"N10.D041894.3_9_M.1.1","D041894","Basal/differentiating",NA
"L4.D041894.3_9_M.1.1","D041894","Maturing/nonkeratinized",NA
"M6.D041894.3_9_M.1.1","D041894","Maturing/nonkeratinized",NA
"N9.D041894.3_9_M.1.1","D041894","Maturing/nonkeratinized",NA
"O13.D041894.3_9_M.1.1","D041894","Basal/differentiating",NA
"P16.D041894.3_9_M.1.1","D041894","Stratified/differentiated keratinocytes",NA
"O14.D041894.3_9_M.1.1","D041894","Maturing/nonkeratinized",NA
"G19.D041894.3_9_M.1.1","D041894","Basal/differentiating",NA
"H21.D041894.3_9_M.1.1","D041894","Maturing/nonkeratinized",NA
"J1.D041894.3_9_M.1.1","D041894","Proliferating",NA
"K4.D041894.3_9_M.1.1","D041894","Basal/differentiating",NA
"L6.D041894.3_9_M.1.1","D041894","Proliferating",NA
"M8.D041894.3_9_M.1.1","D041894","Filiform",NA
"N11.D041894.3_9_M.1.1","D041894","Basal/differentiating",NA
"O15.D041894.3_9_M.1.1","D041894","Basal/differentiating",NA
"P18.D041894.3_9_M.1.1","D041894","Stratified/differentiated keratinocytes",NA
"P17.D041894.3_9_M.1.1","D041894","Stratified/differentiated keratinocytes",NA
"B7.D041894.3_9_M.1.1","D041894","Maturing/nonkeratinized",NA
"C9.D041894.3_9_M.1.1","D041894","Basal/differentiating",NA
"B6.D041894.3_9_M.1.1","D041894","Stratified/differentiated keratinocytes",NA
"C8.D041894.3_9_M.1.1","D041894","Basal/differentiating",NA
"D10.D041894.3_9_M.1.1","D041894","Basal/differentiating",NA
"E13.D041894.3_9_M.1.1","D041894","Basal/differentiating",NA
"F16.D041894.3_9_M.1.1","D041894","Stratified/differentiated keratinocytes",NA
"D11.D041894.3_9_M.1.1","D041894","Basal/differentiating",NA
"N12.D041894.3_9_M.1.1","D041894","Basal/differentiating",NA
"O16.D041894.3_9_M.1.1","D041894","Maturing/nonkeratinized",NA
"P19.D041894.3_9_M.1.1","D041894","Basal/differentiating",NA
"A1.D041894.3_9_M.1.1","D041894","Basal/differentiating",NA
"B8.D041894.3_9_M.1.1","D041894","Basal/differentiating",NA
"C10.D041894.3_9_M.1.1","D041894","Maturing/nonkeratinized",NA
"D12.D041894.3_9_M.1.1","D041894","Stratified/differentiated keratinocytes",NA
"E15.D041894.3_9_M.1.1","D041894","Basal/differentiating",NA
"F18.D041894.3_9_M.1.1","D041894","Proliferating",NA
"E14.D041894.3_9_M.1.1","D041894","Stratified/differentiated keratinocytes",NA
"G21.D041894.3_9_M.1.1","D041894","Basal/differentiating",NA
"I1.D041894.3_9_M.1.1","D041894","Basal/differentiating",NA
"J3.D041894.3_9_M.1.1","D041894","Maturing/nonkeratinized",NA
"F17.D041894.3_9_M.1.1","D041894","Basal/differentiating",NA
"G20.D041894.3_9_M.1.1","D041894","Basal/differentiating",NA
"H22.D041894.3_9_M.1.1","D041894","Maturing/nonkeratinized",NA
"J2.D041894.3_9_M.1.1","D041894","Maturing/nonkeratinized",NA
"K5.D041894.3_9_M.1.1","D041894","Proliferating",NA
"L7.D041894.3_9_M.1.1","D041894","Stratified/differentiated keratinocytes",NA
"M9.D041894.3_9_M.1.1","D041894","Basal/differentiating",NA
"K6.D041894.3_9_M.1.1","D041894","Maturing/nonkeratinized",NA
"C11.D041894.3_9_M.1.1","D041894","Basal/differentiating",NA
"D13.D041894.3_9_M.1.1","D041894","Stratified/differentiated keratinocytes",NA
"E16.D041894.3_9_M.1.1","D041894","Basal/differentiating",NA
"F19.D041894.3_9_M.1.1","D041894","Basal/differentiating",NA
"G22.D041894.3_9_M.1.1","D041894","Proliferating",NA
"I2.D041894.3_9_M.1.1","D041894","Proliferating",NA
"J4.D041894.3_9_M.1.1","D041894","Basal/differentiating",NA
"K7.D041894.3_9_M.1.1","D041894","Basal/differentiating",NA
"L9.D041894.3_9_M.1.1","D041894","Basal/differentiating",NA
"L8.D041894.3_9_M.1.1","D041894","Basal/differentiating",NA
"M11.D041894.3_9_M.1.1","D041894","Basal/differentiating",NA
"N14.D041894.3_9_M.1.1","D041894","Basal/differentiating",NA
"O18.D041894.3_9_M.1.1","D041894","Basal/differentiating",NA
"M10.D041894.3_9_M.1.1","D041894","Basal/differentiating",NA
"N13.D041894.3_9_M.1.1","D041894","Basal/differentiating",NA
"O17.D041894.3_9_M.1.1","D041894","Stratified/differentiated keratinocytes",NA
"P20.D041894.3_9_M.1.1","D041894","Basal/differentiating",NA
"A3.D041894.3_9_M.1.1","D041894","Stratified/differentiated keratinocytes",NA
"B9.D041894.3_9_M.1.1","D041894","Basal/differentiating",NA
"P21.D041894.3_9_M.1.1","D041894","Basal/differentiating",NA
"I3.D041894.3_9_M.1.1","D041894","Basal/differentiating",NA
"J5.D041894.3_9_M.1.1","D041894","Proliferating",NA
"K8.D041894.3_9_M.1.1","D041894","Maturing/nonkeratinized",NA
"L10.D041894.3_9_M.1.1","D041894","Basal/differentiating",NA
"M12.D041894.3_9_M.1.1","D041894","Stratified/differentiated keratinocytes",NA
"N15.D041894.3_9_M.1.1","D041894","Basal/differentiating",NA
"O19.D041894.3_9_M.1.1","D041894","Basal/differentiating",NA
"P22.D041894.3_9_M.1.1","D041894","Basal/differentiating",NA
"A7.D041894.3_9_M.1.1","D041894","Basal/differentiating",NA
"B11.D041894.3_9_M.1.1","D041894","Basal/differentiating",NA
"C13.D041894.3_9_M.1.1","D041894","Basal/differentiating",NA
"D15.D041894.3_9_M.1.1","D041894","Basal/differentiating",NA
"A6.D041894.3_9_M.1.1","D041894","Basal/differentiating",NA
"B10.D041894.3_9_M.1.1","D041894","Basal/differentiating",NA
"C12.D041894.3_9_M.1.1","D041894","Filiform",NA
"D14.D041894.3_9_M.1.1","D041894","Basal/differentiating",NA
"E17.D041894.3_9_M.1.1","D041894","Basal/differentiating",NA
"F20.D041894.3_9_M.1.1","D041894","Basal/differentiating",NA
"H1.D041894.3_9_M.1.1","D041894","Basal/differentiating",NA
"E18.D041894.3_9_M.1.1","D041894","Basal/differentiating",NA
"O20.D041894.3_9_M.1.1","D041894","Basal/differentiating",NA
"A8.D041894.3_9_M.1.1","D041894","Maturing/nonkeratinized",NA
"B12.D041894.3_9_M.1.1","D041894","Basal/differentiating",NA
"C14.D041894.3_9_M.1.1","D041894","Basal/differentiating",NA
"D16.D041894.3_9_M.1.1","D041894","Basal/differentiating",NA
"E19.D041894.3_9_M.1.1","D041894","Stratified/differentiated keratinocytes",NA
"F22.D041894.3_9_M.1.1","D041894","Basal/differentiating",NA
"H3.D041894.3_9_M.1.1","D041894","Basal/differentiating",NA
"F21.D041894.3_9_M.1.1","D041894","Basal/differentiating",NA
"I5.D041894.3_9_M.1.1","D041894","Basal/differentiating",NA
"J7.D041894.3_9_M.1.1","D041894","Proliferating",NA
"K10.D041894.3_9_M.1.1","D041894","Basal/differentiating",NA
"H2.D041894.3_9_M.1.1","D041894","Basal/differentiating",NA
"I4.D041894.3_9_M.1.1","D041894","Maturing/nonkeratinized",NA
"J6.D041894.3_9_M.1.1","D041894","Basal/differentiating",NA
"K9.D041894.3_9_M.1.1","D041894","Basal/differentiating",NA
"L11.D041894.3_9_M.1.1","D041894","Basal/differentiating",NA
"M13.D041894.3_9_M.1.1","D041894","Basal/differentiating",NA
"N16.D041894.3_9_M.1.1","D041894","Basal/differentiating",NA
"L12.D041894.3_9_M.1.1","D041894","Basal/differentiating",NA
"D17.D041894.3_9_M.1.1","D041894","Basal/differentiating",NA
"E20.D041894.3_9_M.1.1","D041894","Basal/differentiating",NA
"G1.D041894.3_9_M.1.1","D041894","Basal/differentiating",NA
"H4.D041894.3_9_M.1.1","D041894","Proliferating",NA
"I6.D041894.3_9_M.1.1","D041894","Basal/differentiating",NA
"J8.D041894.3_9_M.1.1","D041894","Basal/differentiating",NA
"K11.D041894.3_9_M.1.1","D041894","Proliferating",NA
"L13.D041894.3_9_M.1.1","D041894","Basal/differentiating",NA
"M15.D041894.3_9_M.1.1","D041894","Basal/differentiating",NA
"N18.D041894.3_9_M.1.1","D041894","Basal/differentiating",NA
"M14.D041894.3_9_M.1.1","D041894","Basal/differentiating",NA
"O22.D041894.3_9_M.1.1","D041894","Basal/differentiating",NA
"N17.D041894.3_9_M.1.1","D041894","Proliferating",NA
"O21.D041894.3_9_M.1.1","D041894","Basal/differentiating",NA
"A9.D041894.3_9_M.1.1","D041894","Basal/differentiating",NA
"B13.D041894.3_9_M.1.1","D041894","Filiform",NA
"C15.D041894.3_9_M.1.1","D041894","Basal/differentiating",NA
"J9.D041894.3_9_M.1.1","D041894","Proliferating",NA
"K12.D041894.3_9_M.1.1","D041894","Basal/differentiating",NA
"L14.D041894.3_9_M.1.1","D041894","Basal/differentiating",NA
"M16.D041894.3_9_M.1.1","D041894","Basal/differentiating",NA
"N19.D041894.3_9_M.1.1","D041894","Stratified/differentiated keratinocytes",NA
"P2.D041894.3_9_M.1.1","D041894","Maturing/nonkeratinized",NA
"A11.D041894.3_9_M.1.1","D041894","Maturing/nonkeratinized",NA
"B15.D041894.3_9_M.1.1","D041894","Basal/differentiating",NA
"A10.D041894.3_9_M.1.1","D041894","Basal/differentiating",NA
"C17.D041894.3_9_M.1.1","D041894","Basal/differentiating",NA
"D19.D041894.3_9_M.1.1","D041894","Proliferating",NA
"E22.D041894.3_9_M.1.1","D041894","Proliferating",NA
"B14.D041894.3_9_M.1.1","D041894","Basal/differentiating",NA
"C16.D041894.3_9_M.1.1","D041894","Maturing/nonkeratinized",NA
"D18.D041894.3_9_M.1.1","D041894","Basal/differentiating",NA
"E21.D041894.3_9_M.1.1","D041894","Stratified/differentiated keratinocytes",NA
"G2.D041894.3_9_M.1.1","D041894","Basal/differentiating",NA
"H5.D041894.3_9_M.1.1","D041894","Basal/differentiating",NA
"I7.D041894.3_9_M.1.1","D041894","Basal/differentiating",NA
"N20.D041894.3_9_M.1.1","D041894","Basal/differentiating",NA
"P3.D041894.3_9_M.1.1","D041894","Basal/differentiating",NA
"A12.D041894.3_9_M.1.1","D041894","Basal/differentiating",NA
"B16.D041894.3_9_M.1.1","D041894","Basal/differentiating",NA
"C18.D041894.3_9_M.1.1","D041894","Stratified/differentiated keratinocytes",NA
"D20.D041894.3_9_M.1.1","D041894","Basal/differentiating",NA
"F1.D041894.3_9_M.1.1","D041894","Basal/differentiating",NA
"G4.D041894.3_9_M.1.1","D041894","Stratified/differentiated keratinocytes",NA
"H7.D041894.3_9_M.1.1","D041894","Basal/differentiating",NA
"I9.D041894.3_9_M.1.1","D041894","Basal/differentiating",NA
"J11.D041894.3_9_M.1.1","D041894","Basal/differentiating",NA
"G3.D041894.3_9_M.1.1","D041894","Basal/differentiating",NA
"H6.D041894.3_9_M.1.1","D041894","Basal/differentiating",NA
"I8.D041894.3_9_M.1.1","D041894","Maturing/nonkeratinized",NA
"J10.D041894.3_9_M.1.1","D041894","Proliferating",NA
"K13.D041894.3_9_M.1.1","D041894","Basal/differentiating",NA
"L15.D041894.3_9_M.1.1","D041894","Stratified/differentiated keratinocytes",NA
"M17.D041894.3_9_M.1.1","D041894","Basal/differentiating",NA
"B17.D041894.3_9_M.1.1","D041894","Basal/differentiating",NA
"C19.D041894.3_9_M.1.1","D041894","Maturing/nonkeratinized",NA
"D21.D041894.3_9_M.1.1","D041894","Basal/differentiating",NA
"F2.D041894.3_9_M.1.1","D041894","Proliferating",NA
"G5.D041894.3_9_M.1.1","D041894","Basal/differentiating",NA
"H8.D041894.3_9_M.1.1","D041894","Filiform",NA
"I10.D041894.3_9_M.1.1","D041894","Basal/differentiating",NA
"J12.D041894.3_9_M.1.1","D041894","Basal/differentiating",NA
"K15.D041894.3_9_M.1.1","D041894","Stratified/differentiated keratinocytes",NA
"L17.D041894.3_9_M.1.1","D041894","Basal/differentiating",NA
"K14.D041894.3_9_M.1.1","D041894","Basal/differentiating",NA
"M19.D041894.3_9_M.1.1","D041894","Basal/differentiating",NA
"N22.D041894.3_9_M.1.1","D041894","Basal/differentiating",NA
"P5.D041894.3_9_M.1.1","D041894","Proliferating",NA
"L16.D041894.3_9_M.1.1","D041894","Maturing/nonkeratinized",NA
"M18.D041894.3_9_M.1.1","D041894","Maturing/nonkeratinized",NA
"N21.D041894.3_9_M.1.1","D041894","Stratified/differentiated keratinocytes",NA
"A13.D041894.3_9_M.1.1","D041894","Stratified/differentiated keratinocytes",NA
"I11.D041894.3_9_M.1.1","D041894","Basal/differentiating",NA
"J13.D041894.3_9_M.1.1","D041894","Stratified/differentiated keratinocytes",NA
"K16.D041894.3_9_M.1.1","D041894","Proliferating",NA
"L18.D041894.3_9_M.1.1","D041894","Basal/differentiating",NA
"M20.D041894.3_9_M.1.1","D041894","Basal/differentiating",NA
"O3.D041894.3_9_M.1.1","D041894","Basal/differentiating",NA
"P6.D041894.3_9_M.1.1","D041894","Maturing/nonkeratinized",NA
"A14.D041894.3_9_M.1.1","D041894","Basal/differentiating",NA
"B18.D041894.3_9_M.1.1","D041894","Basal/differentiating",NA
"C20.D041894.3_9_M.1.1","D041894","Basal/differentiating",NA
"D22.D041894.3_9_M.1.1","D041894","Basal/differentiating",NA
"F3.D041894.3_9_M.1.1","D041894","Stratified/differentiated keratinocytes",NA
"G6.D041894.3_9_M.1.1","D041894","Proliferating",NA
"H9.D041894.3_9_M.1.1","D041894","Basal/differentiating",NA
"A9.D041904.3_10_M.1.1","D041904","Maturing/nonkeratinized",NA
"A10.D041904.3_10_M.1.1","D041904","Proliferating",NA
"A12.D041904.3_10_M.1.1","D041904","Stratified/differentiated keratinocytes",NA
"A11.D041904.3_10_M.1.1","D041904","Basal/differentiating",NA
"A13.D041904.3_10_M.1.1","D041904","Basal/differentiating",NA
"A14.D041904.3_10_M.1.1","D041904","Maturing/nonkeratinized",NA
"A15.D041904.3_10_M.1.1","D041904","Basal/differentiating",NA
"A16.D041904.3_10_M.1.1","D041904","Basal/differentiating",NA
"A17.D041904.3_10_M.1.1","D041904","Basal/differentiating",NA
"A1.D041904.3_10_M.1.1","D041904","Proliferating",NA
"A3.D041904.3_10_M.1.1","D041904","Basal/differentiating",NA
"A2.D041904.3_10_M.1.1","D041904","Basal/differentiating",NA
"A4.D041904.3_10_M.1.1","D041904","Maturing/nonkeratinized",NA
"A5.D041904.3_10_M.1.1","D041904","Proliferating",NA
"A6.D041904.3_10_M.1.1","D041904","Proliferating",NA
"A7.D041904.3_10_M.1.1","D041904","Maturing/nonkeratinized",NA
"A8.D041904.3_10_M.1.1","D041904","Basal/differentiating",NA
"B11.D041904.3_10_M.1.1","D041904","Basal/differentiating",NA
"C15.D041904.3_10_M.1.1","D041904","Basal/differentiating",NA
"D18.D041904.3_10_M.1.1","D041904","Basal/differentiating",NA
"E21.D041904.3_10_M.1.1","D041904","Filiform",NA
"G3.D041904.3_10_M.1.1","D041904","Maturing/nonkeratinized",NA
"B12.D041904.3_10_M.1.1","D041904","Basal/differentiating",NA
"C16.D041904.3_10_M.1.1","D041904","Basal/differentiating",NA
"D19.D041904.3_10_M.1.1","D041904","Basal/differentiating",NA
"E22.D041904.3_10_M.1.1","D041904","Basal/differentiating",NA
"G4.D041904.3_10_M.1.1","D041904","Proliferating",NA
"H6.D041904.3_10_M.1.1","D041904","Basal/differentiating",NA
"I11.D041904.3_10_M.1.1","D041904","Basal/differentiating",NA
"H5.D041904.3_10_M.1.1","D041904","Proliferating",NA
"J13.D041904.3_10_M.1.1","D041904","Filiform",NA
"K16.D041904.3_10_M.1.1","D041904","Filiform",NA
"L20.D041904.3_10_M.1.1","D041904","Basal/differentiating",NA
"I9.D041904.3_10_M.1.1","D041904","Basal/differentiating",NA
"J12.D041904.3_10_M.1.1","D041904","Basal/differentiating",NA
"K15.D041904.3_10_M.1.1","D041904","Proliferating",NA
"L19.D041904.3_10_M.1.1","D041904","Basal/differentiating",NA
"M21.D041904.3_10_M.1.1","D041904","Maturing/nonkeratinized",NA
"O3.D041904.3_10_M.1.1","D041904","Basal/differentiating",NA
"P5.D041904.3_10_M.1.1","D041904","Basal/differentiating",NA
"M22.D041904.3_10_M.1.1","D041904","Basal/differentiating",NA
"F1.D041904.3_10_M.1.1","D041904","Proliferating",NA
"G5.D041904.3_10_M.1.1","D041904","Maturing/nonkeratinized",NA
"H7.D041904.3_10_M.1.1","D041904","Stratified/differentiated keratinocytes",NA
"I12.D041904.3_10_M.1.1","D041904","Basal/differentiating",NA
"J14.D041904.3_10_M.1.1","D041904","Stratified/differentiated keratinocytes",NA
"K17.D041904.3_10_M.1.1","D041904","Basal/differentiating",NA
"L21.D041904.3_10_M.1.1","D041904","Basal/differentiating",NA
"N1.D041904.3_10_M.1.1","D041904","Proliferating",NA
"O4.D041904.3_10_M.1.1","D041904","Basal/differentiating",NA
"O5.D041904.3_10_M.1.1","D041904","Basal/differentiating",NA
"P7.D041904.3_10_M.1.1","D041904","Proliferating",NA
"P6.D041904.3_10_M.1.1","D041904","Basal/differentiating",NA
"B13.D041904.3_10_M.1.1","D041904","Basal/differentiating",NA
"C17.D041904.3_10_M.1.1","D041904","Basal/differentiating",NA
"D20.D041904.3_10_M.1.1","D041904","Stratified/differentiated keratinocytes",NA
"J15.D041904.3_10_M.1.1","D041904","Basal/differentiating",NA
"K18.D041904.3_10_M.1.1","D041904","Basal/differentiating",NA
"L22.D041904.3_10_M.1.1","D041904","Stratified/differentiated keratinocytes",NA
"N2.D041904.3_10_M.1.1","D041904","Basal/differentiating",NA
"O6.D041904.3_10_M.1.1","D041904","Basal/differentiating",NA
"P8.D041904.3_10_M.1.1","D041904","Basal/differentiating",NA
"B15.D041904.3_10_M.1.1","D041904","Maturing/nonkeratinized",NA
"C19.D041904.3_10_M.1.1","D041904","Filiform",NA
"D22.D041904.3_10_M.1.1","D041904","Maturing/nonkeratinized",NA
"B14.D041904.3_10_M.1.1","D041904","Stratified/differentiated keratinocytes",NA
"C18.D041904.3_10_M.1.1","D041904","Basal/differentiating",NA
"D21.D041904.3_10_M.1.1","D041904","Basal/differentiating",NA
"F2.D041904.3_10_M.1.1","D041904","Proliferating",NA
"G6.D041904.3_10_M.1.1","D041904","Maturing/nonkeratinized",NA
"H8.D041904.3_10_M.1.1","D041904","Proliferating",NA
"I13.D041904.3_10_M.1.1","D041904","Stratified/differentiated keratinocytes",NA
"F3.D041904.3_10_M.1.1","D041904","Proliferating",NA
"P9.D041904.3_10_M.1.1","D041904","Basal/differentiating",NA
"B16.D041904.3_10_M.1.1","D041904","Filiform",NA
"C20.D041904.3_10_M.1.1","D041904","Stratified/differentiated keratinocytes",NA
"E1.D041904.3_10_M.1.1","D041904","Basal/differentiating",NA
"F4.D041904.3_10_M.1.1","D041904","Basal/differentiating",NA
"G8.D041904.3_10_M.1.1","D041904","Basal/differentiating",NA
"G7.D041904.3_10_M.1.1","D041904","Proliferating",NA
"H11.D041904.3_10_M.1.1","D041904","Basal/differentiating",NA
"I15.D041904.3_10_M.1.1","D041904","Basal/differentiating",NA
"J17.D041904.3_10_M.1.1","D041904","Basal/differentiating",NA
"H10.D041904.3_10_M.1.1","D041904","Basal/differentiating",NA
"I14.D041904.3_10_M.1.1","D041904","Filiform",NA
"J16.D041904.3_10_M.1.1","D041904","Stratified/differentiated keratinocytes",NA
"K19.D041904.3_10_M.1.1","D041904","Basal/differentiating",NA
"M1.D041904.3_10_M.1.1","D041904","Stratified/differentiated keratinocytes",NA
"N3.D041904.3_10_M.1.1","D041904","Basal/differentiating",NA
"O7.D041904.3_10_M.1.1","D041904","Basal/differentiating",NA
"K20.D041904.3_10_M.1.1","D041904","Basal/differentiating",NA
"B17.D041904.3_10_M.1.1","D041904","Basal/differentiating",NA
"C21.D041904.3_10_M.1.1","D041904","Basal/differentiating",NA
"E2.D041904.3_10_M.1.1","D041904","Proliferating",NA
"F5.D041904.3_10_M.1.1","D041904","Basal/differentiating",NA
"G9.D041904.3_10_M.1.1","D041904","Maturing/nonkeratinized",NA
"H12.D041904.3_10_M.1.1","D041904","Basal/differentiating",NA
"I16.D041904.3_10_M.1.1","D041904","Basal/differentiating",NA
"J18.D041904.3_10_M.1.1","D041904","Basal/differentiating",NA
"K22.D041904.3_10_M.1.1","D041904","Stratified/differentiated keratinocytes",NA
"M2.D041904.3_10_M.1.1","D041904","Basal/differentiating",NA
"M3.D041904.3_10_M.1.1","D041904","Basal/differentiating",NA
"N6.D041904.3_10_M.1.1","D041904","Maturing/nonkeratinized",NA
"O9.D041904.3_10_M.1.1","D041904","Maturing/nonkeratinized",NA
"N5.D041904.3_10_M.1.1","D041904","Stratified/differentiated keratinocytes",NA
"O8.D041904.3_10_M.1.1","D041904","Basal/differentiating",NA
"P10.D041904.3_10_M.1.1","D041904","Basal/differentiating",NA
"P11.D041904.3_10_M.1.1","D041904","Maturing/nonkeratinized",NA
"H13.D041904.3_10_M.1.1","D041904","Stratified/differentiated keratinocytes",NA
"I17.D041904.3_10_M.1.1","D041904","Basal/differentiating",NA
"J19.D041904.3_10_M.1.1","D041904","Basal/differentiating",NA
"L1.D041904.3_10_M.1.1","D041904","Basal/differentiating",NA
"M4.D041904.3_10_M.1.1","D041904","Maturing/nonkeratinized",NA
"N7.D041904.3_10_M.1.1","D041904","Maturing/nonkeratinized",NA
"O10.D041904.3_10_M.1.1","D041904","Maturing/nonkeratinized",NA
"P12.D041904.3_10_M.1.1","D041904","Stratified/differentiated keratinocytes",NA
"B19.D041904.3_10_M.1.1","D041904","Basal/differentiating",NA
"D1.D041904.3_10_M.1.1","D041904","Basal/differentiating",NA
"B18.D041904.3_10_M.1.1","D041904","Proliferating",NA
"C22.D041904.3_10_M.1.1","D041904","Basal/differentiating",NA
"F6.D041904.3_10_M.1.1","D041904","Basal/differentiating",NA
"G10.D041904.3_10_M.1.1","D041904","Proliferating",NA
"E4.D041904.3_10_M.1.1","D041904","Maturing/nonkeratinized",NA
"N8.D041904.3_10_M.1.1","D041904","Basal/differentiating",NA
"O11.D041904.3_10_M.1.1","D041904","Maturing/nonkeratinized",NA
"P13.D041904.3_10_M.1.1","D041904","Proliferating",NA
"B20.D041904.3_10_M.1.1","D041904","Basal/differentiating",NA
"D2.D041904.3_10_M.1.1","D041904","Maturing/nonkeratinized",NA
"E5.D041904.3_10_M.1.1","D041904","Maturing/nonkeratinized",NA
"F7.D041904.3_10_M.1.1","D041904","Basal/differentiating",NA
"F9.D041904.3_10_M.1.1","D041904","Proliferating",NA
"G12.D041904.3_10_M.1.1","D041904","Stratified/differentiated keratinocytes",NA
"H16.D041904.3_10_M.1.1","D041904","Basal/differentiating",NA
"G11.D041904.3_10_M.1.1","D041904","Basal/differentiating",NA
"H15.D041904.3_10_M.1.1","D041904","Stratified/differentiated keratinocytes",NA
"I18.D041904.3_10_M.1.1","D041904","Stratified/differentiated keratinocytes",NA
"J20.D041904.3_10_M.1.1","D041904","Filiform",NA
"L2.D041904.3_10_M.1.1","D041904","Basal/differentiating",NA
"M5.D041904.3_10_M.1.1","D041904","Basal/differentiating",NA
"I19.D041904.3_10_M.1.1","D041904","Basal/differentiating",NA
"A19.D041904.3_10_M.1.1","D041904","Basal/differentiating",NA
"B21.D041904.3_10_M.1.1","D041904","Basal/differentiating",NA
"D3.D041904.3_10_M.1.1","D041904","Basal/differentiating",NA
"E6.D041904.3_10_M.1.1","D041904","Proliferating",NA
"F10.D041904.3_10_M.1.1","D041904","Maturing/nonkeratinized",NA
"G13.D041904.3_10_M.1.1","D041904","Stratified/differentiated keratinocytes",NA
"H17.D041904.3_10_M.1.1","D041904","Filiform",NA
"I20.D041904.3_10_M.1.1","D041904","Stratified/differentiated keratinocytes",NA
"J21.D041904.3_10_M.1.1","D041904","Basal/differentiating",NA
"J22.D041904.3_10_M.1.1","D041904","Basal/differentiating",NA
"L4.D041904.3_10_M.1.1","D041904","Basal/differentiating",NA
"M7.D041904.3_10_M.1.1","D041904","Maturing/nonkeratinized",NA
"L3.D041904.3_10_M.1.1","D041904","Maturing/nonkeratinized",NA
"M6.D041904.3_10_M.1.1","D041904","Basal/differentiating",NA
"N10.D041904.3_10_M.1.1","D041904","Basal/differentiating",NA
"O12.D041904.3_10_M.1.1","D041904","Stratified/differentiated keratinocytes",NA
"P14.D041904.3_10_M.1.1","D041904","Basal/differentiating",NA
"N11.D041904.3_10_M.1.1","D041904","Proliferating",NA
"F11.D041904.3_10_M.1.1","D041904","Stratified/differentiated keratinocytes",NA
"G14.D041904.3_10_M.1.1","D041904","Stratified/differentiated keratinocytes",NA
"H18.D041904.3_10_M.1.1","D041904","Basal/differentiating",NA
"I21.D041904.3_10_M.1.1","D041904","Basal/differentiating",NA
"K1.D041904.3_10_M.1.1","D041904","Maturing/nonkeratinized",NA
"L5.D041904.3_10_M.1.1","D041904","Proliferating",NA
"M8.D041904.3_10_M.1.1","D041904","Proliferating",NA
"N12.D041904.3_10_M.1.1","D041904","Filiform",NA
"O14.D041904.3_10_M.1.1","D041904","Basal/differentiating",NA
"P18.D041904.3_10_M.1.1","D041904","Basal/differentiating",NA
"O13.D041904.3_10_M.1.1","D041904","Basal/differentiating",NA
"A21.D041904.3_10_M.1.1","D041904","Basal/differentiating",NA
"P15.D041904.3_10_M.1.1","D041904","Basal/differentiating",NA
"A20.D041904.3_10_M.1.1","D041904","Basal/differentiating",NA
"B22.D041904.3_10_M.1.1","D041904","Filiform",NA
"D4.D041904.3_10_M.1.1","D041904","Proliferating",NA
"E7.D041904.3_10_M.1.1","D041904","Maturing/nonkeratinized",NA
"C1.D041904.3_10_M.1.1","D041904","Basal/differentiating",NA
"M9.D041904.3_10_M.1.1","D041904","Basal/differentiating",NA
"N13.D041904.3_10_M.1.1","D041904","Basal/differentiating",NA
"O15.D041904.3_10_M.1.1","D041904","Basal/differentiating",NA
"P19.D041904.3_10_M.1.1","D041904","Basal/differentiating",NA
"A22.D041904.3_10_M.1.1","D041904","Basal/differentiating",NA
"C2.D041904.3_10_M.1.1","D041904","Basal/differentiating",NA
"D6.D041904.3_10_M.1.1","D041904","Basal/differentiating",NA
"D5.D041904.3_10_M.1.1","D041904","Stratified/differentiated keratinocytes",NA
"E9.D041904.3_10_M.1.1","D041904","Proliferating",NA
"F13.D041904.3_10_M.1.1","D041904","Basal/differentiating",NA
"E8.D041904.3_10_M.1.1","D041904","Proliferating",NA
"F12.D041904.3_10_M.1.1","D041904","Stratified/differentiated keratinocytes",NA
"G15.D041904.3_10_M.1.1","D041904","Maturing/nonkeratinized",NA
"H19.D041904.3_10_M.1.1","D041904","Basal/differentiating",NA
"I22.D041904.3_10_M.1.1","D041904","Basal/differentiating",NA
"K2.D041904.3_10_M.1.1","D041904","Basal/differentiating",NA
"L6.D041904.3_10_M.1.1","D041904","Proliferating",NA
"G16.D041904.3_10_M.1.1","D041904","Basal/differentiating",NA
"B1.D041904.3_10_M.1.1","D041904","Maturing/nonkeratinized",NA
"C3.D041904.3_10_M.1.1","D041904","Proliferating",NA
"D7.D041904.3_10_M.1.1","D041904","Proliferating",NA
"E10.D041904.3_10_M.1.1","D041904","Proliferating",NA
"F14.D041904.3_10_M.1.1","D041904","Basal/differentiating",NA
"G17.D041904.3_10_M.1.1","D041904","Basal/differentiating",NA
"H21.D041904.3_10_M.1.1","D041904","Basal/differentiating",NA
"H20.D041904.3_10_M.1.1","D041904","Basal/differentiating",NA
"J2.D041904.3_10_M.1.1","D041904","Proliferating",NA
"K4.D041904.3_10_M.1.1","D041904","Maturing/nonkeratinized",NA
"L8.D041904.3_10_M.1.1","D041904","Basal/differentiating",NA
"J1.D041904.3_10_M.1.1","D041904","Maturing/nonkeratinized",NA
"K3.D041904.3_10_M.1.1","D041904","Basal/differentiating",NA
"L7.D041904.3_10_M.1.1","D041904","Proliferating",NA
"M10.D041904.3_10_M.1.1","D041904","Maturing/nonkeratinized",NA
"N14.D041904.3_10_M.1.1","D041904","Basal/differentiating",NA
"O16.D041904.3_10_M.1.1","D041904","Stratified/differentiated keratinocytes",NA
"P20.D041904.3_10_M.1.1","D041904","Basal/differentiating",NA
"M11.D041904.3_10_M.1.1","D041904","Proliferating",NA
"E11.D041904.3_10_M.1.1","D041904","Basal/differentiating",NA
"F15.D041904.3_10_M.1.1","D041904","Basal/differentiating",NA
"G18.D041904.3_10_M.1.1","D041904","Basal/differentiating",NA
"H22.D041904.3_10_M.1.1","D041904","Basal/differentiating",NA
"J3.D041904.3_10_M.1.1","D041904","Basal/differentiating",NA
"K5.D041904.3_10_M.1.1","D041904","Basal/differentiating",NA
"L9.D041904.3_10_M.1.1","D041904","Maturing/nonkeratinized",NA
"M12.D041904.3_10_M.1.1","D041904","Basal/differentiating",NA
"N16.D041904.3_10_M.1.1","D041904","Basal/differentiating",NA
"O18.D041904.3_10_M.1.1","D041904","Maturing/nonkeratinized",NA
"N15.D041904.3_10_M.1.1","D041904","Basal/differentiating",NA
"P22.D041904.3_10_M.1.1","D041904","Basal/differentiating",NA
"P21.D041904.3_10_M.1.1","D041904","Basal/differentiating",NA
"B2.D041904.3_10_M.1.1","D041904","Basal/differentiating",NA
"C4.D041904.3_10_M.1.1","D041904","Basal/differentiating",NA
"D8.D041904.3_10_M.1.1","D041904","Basal/differentiating",NA
"B3.D041904.3_10_M.1.1","D041904","Basal/differentiating",NA
"J4.D041904.3_10_M.1.1","D041904","Basal/differentiating",NA
"K6.D041904.3_10_M.1.1","D041904","Stratified/differentiated keratinocytes",NA
"L10.D041904.3_10_M.1.1","D041904","Basal/differentiating",NA
"M13.D041904.3_10_M.1.1","D041904","Maturing/nonkeratinized",NA
"N17.D041904.3_10_M.1.1","D041904","Filiform",NA
"O19.D041904.3_10_M.1.1","D041904","Basal/differentiating",NA
"B4.D041904.3_10_M.1.1","D041904","Basal/differentiating",NA
"C5.D041904.3_10_M.1.1","D041904","Basal/differentiating",NA
"C6.D041904.3_10_M.1.1","D041904","Proliferating",NA
"D10.D041904.3_10_M.1.1","D041904","Proliferating",NA
"E13.D041904.3_10_M.1.1","D041904","Basal/differentiating",NA
"D9.D041904.3_10_M.1.1","D041904","Maturing/nonkeratinized",NA
"E12.D041904.3_10_M.1.1","D041904","Maturing/nonkeratinized",NA
"F16.D041904.3_10_M.1.1","D041904","Basal/differentiating",NA
"G19.D041904.3_10_M.1.1","D041904","Basal/differentiating",NA
"I1.D041904.3_10_M.1.1","D041904","Maturing/nonkeratinized",NA
"F18.D041904.3_10_M.1.1","D041904","Basal/differentiating",NA
"B5.D041904.3_10_M.1.1","D041904","Basal/differentiating",NA
"C7.D041904.3_10_M.1.1","D041904","Basal/differentiating",NA
"D12.D041904.3_10_M.1.1","D041904","Basal/differentiating",NA
"E14.D041904.3_10_M.1.1","D041904","Basal/differentiating",NA
"F19.D041904.3_10_M.1.1","D041904","Proliferating",NA
"G21.D041904.3_10_M.1.1","D041904","Basal/differentiating",NA
"I3.D041904.3_10_M.1.1","D041904","Basal/differentiating",NA
"G20.D041904.3_10_M.1.1","D041904","Basal/differentiating",NA
"J6.D041904.3_10_M.1.1","D041904","Basal/differentiating",NA
"K8.D041904.3_10_M.1.1","D041904","Basal/differentiating",NA
"L12.D041904.3_10_M.1.1","D041904","Stratified/differentiated keratinocytes",NA
"I2.D041904.3_10_M.1.1","D041904","Basal/differentiating",NA
"J5.D041904.3_10_M.1.1","D041904","Proliferating",NA
"K7.D041904.3_10_M.1.1","D041904","Basal/differentiating",NA
"L11.D041904.3_10_M.1.1","D041904","Basal/differentiating",NA
"M14.D041904.3_10_M.1.1","D041904","Basal/differentiating",NA
"N18.D041904.3_10_M.1.1","D041904","Basal/differentiating",NA
"O20.D041904.3_10_M.1.1","D041904","Stratified/differentiated keratinocytes",NA
"M15.D041904.3_10_M.1.1","D041904","Filiform",NA
"E16.D041904.3_10_M.1.1","D041904","Basal/differentiating",NA
"F20.D041904.3_10_M.1.1","D041904","Basal/differentiating",NA
"G22.D041904.3_10_M.1.1","D041904","Stratified/differentiated keratinocytes",NA
"I4.D041904.3_10_M.1.1","D041904","Maturing/nonkeratinized",NA
"J7.D041904.3_10_M.1.1","D041904","Basal/differentiating",NA
"K9.D041904.3_10_M.1.1","D041904","Basal/differentiating",NA
"L14.D041904.3_10_M.1.1","D041904","Proliferating",NA
"M16.D041904.3_10_M.1.1","D041904","Stratified/differentiated keratinocytes",NA
"N19.D041904.3_10_M.1.1","D041904","Basal/differentiating",NA
"N20.D041904.3_10_M.1.1","D041904","Basal/differentiating",NA
"O22.D041904.3_10_M.1.1","D041904","Basal/differentiating",NA
"O21.D041904.3_10_M.1.1","D041904","Stratified/differentiated keratinocytes",NA
"B6.D041904.3_10_M.1.1","D041904","Basal/differentiating",NA
"C8.D041904.3_10_M.1.1","D041904","Maturing/nonkeratinized",NA
"D13.D041904.3_10_M.1.1","D041904","Basal/differentiating",NA
"B7.D041904.3_10_M.1.1","D041904","Basal/differentiating",NA
"C9.D041904.3_10_M.1.1","D041904","Basal/differentiating",NA
"D14.D041904.3_10_M.1.1","D041904","Stratified/differentiated keratinocytes",NA
"E17.D041904.3_10_M.1.1","D041904","Basal/differentiating",NA
"I5.D041904.3_10_M.1.1","D041904","Basal/differentiating",NA
"J8.D041904.3_10_M.1.1","D041904","Maturing/nonkeratinized",NA
"K10.D041904.3_10_M.1.1","D041904","Proliferating",NA
"L15.D041904.3_10_M.1.1","D041904","Basal/differentiating",NA
"M17.D041904.3_10_M.1.1","D041904","Filiform",NA
"N21.D041904.3_10_M.1.1","D041904","Maturing/nonkeratinized",NA
"F21.D041904.3_10_M.1.1","D041904","Basal/differentiating",NA
"H1.D041904.3_10_M.1.1","D041904","Basal/differentiating",NA
"B8.D041904.3_10_M.1.1","D041904","Basal/differentiating",NA
"P1.D041904.3_10_M.1.1","D041904","Proliferating",NA
"C10.D041904.3_10_M.1.1","D041904","Basal/differentiating",NA
"J9.D041904.3_10_M.1.1","D041904","Proliferating",NA
"K11.D041904.3_10_M.1.1","D041904","Proliferating",NA
"L16.D041904.3_10_M.1.1","D041904","Basal/differentiating",NA
"M18.D041904.3_10_M.1.1","D041904","Basal/differentiating",NA
"N22.D041904.3_10_M.1.1","D041904","Maturing/nonkeratinized",NA
"D15.D041904.3_10_M.1.1","D041904","Basal/differentiating",NA
"E18.D041904.3_10_M.1.1","D041904","Basal/differentiating",NA
"F22.D041904.3_10_M.1.1","D041904","Basal/differentiating",NA
"H2.D041904.3_10_M.1.1","D041904","Basal/differentiating",NA
"I6.D041904.3_10_M.1.1","D041904","Proliferating",NA
"P2.D041904.3_10_M.1.1","D041904","Basal/differentiating",NA
"E19.D041904.3_10_M.1.1","D041904","Stratified/differentiated keratinocytes",NA
"G1.D041904.3_10_M.1.1","D041904","Basal/differentiating",NA
"H3.D041904.3_10_M.1.1","D041904","Maturing/nonkeratinized",NA
"I7.D041904.3_10_M.1.1","D041904","Proliferating",NA
"B9.D041904.3_10_M.1.1","D041904","Maturing/nonkeratinized",NA
"C11.D041904.3_10_M.1.1","D041904","Basal/differentiating",NA
"D16.D041904.3_10_M.1.1","D041904","Filiform",NA
"L17.D041904.3_10_M.1.1","D041904","Basal/differentiating",NA
"M19.D041904.3_10_M.1.1","D041904","Basal/differentiating",NA
"O1.D041904.3_10_M.1.1","D041904","Basal/differentiating",NA
"J10.D041904.3_10_M.1.1","D041904","Maturing/nonkeratinized",NA
"K12.D041904.3_10_M.1.1","D041904","Stratified/differentiated keratinocytes",NA
"P3.D041904.3_10_M.1.1","D041904","Basal/differentiating",NA
"D17.D041904.3_10_M.1.1","D041904","Basal/differentiating",NA
"E20.D041904.3_10_M.1.1","D041904","Stratified/differentiated keratinocytes",NA
"G2.D041904.3_10_M.1.1","D041904","Basal/differentiating",NA
"H4.D041904.3_10_M.1.1","D041904","Basal/differentiating",NA
"B10.D041904.3_10_M.1.1","D041904","Proliferating",NA
"C12.D041904.3_10_M.1.1","D041904","Basal/differentiating",NA
"K13.D041904.3_10_M.1.1","D041904","Stratified/differentiated keratinocytes",NA
"L18.D041904.3_10_M.1.1","D041904","Stratified/differentiated keratinocytes",NA
"M20.D041904.3_10_M.1.1","D041904","Basal/differentiating",NA
"O2.D041904.3_10_M.1.1","D041904","Basal/differentiating",NA
"P4.D041904.3_10_M.1.1","D041904","Proliferating",NA
"I8.D041904.3_10_M.1.1","D041904","Proliferating",NA
"J11.D041904.3_10_M.1.1","D041904","Proliferating",NA
"C12.D041911.3_8_M.1.1","D041911","Basal/differentiating",NA
"M14.D041911.3_8_M.1.1","D041911","Basal/differentiating",NA
"N16.D041911.3_8_M.1.1","D041911","Stratified/differentiated keratinocytes",NA
"O18.D041911.3_8_M.1.1","D041911","Basal/differentiating",NA
"A9.D041911.3_8_M.1.1","D041911","Basal/differentiating",NA
"B11.D041911.3_8_M.1.1","D041911","Maturing/nonkeratinized",NA
"C13.D041911.3_8_M.1.1","D041911","Basal/differentiating",NA
"D15.D041911.3_8_M.1.1","D041911","Basal/differentiating",NA
"E18.D041911.3_8_M.1.1","D041911","Maturing/nonkeratinized",NA
"D14.D041911.3_8_M.1.1","D041911","Basal/differentiating",NA
"F20.D041911.3_8_M.1.1","D041911","Basal/differentiating",NA
"H1.D041911.3_8_M.1.1","D041911","Basal/differentiating",NA
"I3.D041911.3_8_M.1.1","D041911","Basal/differentiating",NA
"E17.D041911.3_8_M.1.1","D041911","Basal/differentiating",NA
"F19.D041911.3_8_M.1.1","D041911","Stratified/differentiated keratinocytes",NA
"G22.D041911.3_8_M.1.1","D041911","Maturing/nonkeratinized",NA
"I2.D041911.3_8_M.1.1","D041911","Maturing/nonkeratinized",NA
"J5.D041911.3_8_M.1.1","D041911","Basal/differentiating",NA
"K7.D041911.3_8_M.1.1","D041911","Basal/differentiating",NA
"L9.D041911.3_8_M.1.1","D041911","Basal/differentiating",NA
"J6.D041911.3_8_M.1.1","D041911","Basal/differentiating",NA
"B12.D041911.3_8_M.1.1","D041911","Stratified/differentiated keratinocytes",NA
"C14.D041911.3_8_M.1.1","D041911","Basal/differentiating",NA
"D16.D041911.3_8_M.1.1","D041911","Stratified/differentiated keratinocytes",NA
"E19.D041911.3_8_M.1.1","D041911","Stratified/differentiated keratinocytes",NA
"F21.D041911.3_8_M.1.1","D041911","Basal/differentiating",NA
"H2.D041911.3_8_M.1.1","D041911","Basal/differentiating",NA
"I4.D041911.3_8_M.1.1","D041911","Maturing/nonkeratinized",NA
"J7.D041911.3_8_M.1.1","D041911","Basal/differentiating",NA
"K9.D041911.3_8_M.1.1","D041911","Maturing/nonkeratinized",NA
"L11.D041911.3_8_M.1.1","D041911","Basal/differentiating",NA
"K8.D041911.3_8_M.1.1","D041911","Basal/differentiating",NA
"M16.D041911.3_8_M.1.1","D041911","Basal/differentiating",NA
"N18.D041911.3_8_M.1.1","D041911","Basal/differentiating",NA
"O20.D041911.3_8_M.1.1","D041911","Basal/differentiating",NA
"L10.D041911.3_8_M.1.1","D041911","Basal/differentiating",NA
"M15.D041911.3_8_M.1.1","D041911","Basal/differentiating",NA
"N17.D041911.3_8_M.1.1","D041911","Stratified/differentiated keratinocytes",NA
"O19.D041911.3_8_M.1.1","D041911","Stratified/differentiated keratinocytes",NA
"A10.D041911.3_8_M.1.1","D041911","Maturing/nonkeratinized",NA
"I5.D041911.3_8_M.1.1","D041911","Basal/differentiating",NA
"J8.D041911.3_8_M.1.1","D041911","Basal/differentiating",NA
"K10.D041911.3_8_M.1.1","D041911","Basal/differentiating",NA
"L12.D041911.3_8_M.1.1","D041911","Basal/differentiating",NA
"M17.D041911.3_8_M.1.1","D041911","Basal/differentiating",NA
"N19.D041911.3_8_M.1.1","D041911","Basal/differentiating",NA
"O21.D041911.3_8_M.1.1","D041911","Basal/differentiating",NA
"A12.D041911.3_8_M.1.1","D041911","Stratified/differentiated keratinocytes",NA
"B14.D041911.3_8_M.1.1","D041911","Basal/differentiating",NA
"C16.D041911.3_8_M.1.1","D041911","Basal/differentiating",NA
"D18.D041911.3_8_M.1.1","D041911","Stratified/differentiated keratinocytes",NA
"A11.D041911.3_8_M.1.1","D041911","Stratified/differentiated keratinocytes",NA
"B13.D041911.3_8_M.1.1","D041911","Stratified/differentiated keratinocytes",NA
"C15.D041911.3_8_M.1.1","D041911","Stratified/differentiated keratinocytes",NA
"D17.D041911.3_8_M.1.1","D041911","Basal/differentiating",NA
"E20.D041911.3_8_M.1.1","D041911","Basal/differentiating",NA
"F22.D041911.3_8_M.1.1","D041911","Basal/differentiating",NA
"H3.D041911.3_8_M.1.1","D041911","Basal/differentiating",NA
"E21.D041911.3_8_M.1.1","D041911","Basal/differentiating",NA
"O22.D041911.3_8_M.1.1","D041911","Filiform",NA
"A13.D041911.3_8_M.1.1","D041911","Stratified/differentiated keratinocytes",NA
"B15.D041911.3_8_M.1.1","D041911","Basal/differentiating",NA
"C17.D041911.3_8_M.1.1","D041911","Basal/differentiating",NA
"D19.D041911.3_8_M.1.1","D041911","Stratified/differentiated keratinocytes",NA
"E22.D041911.3_8_M.1.1","D041911","Basal/differentiating",NA
"G2.D041911.3_8_M.1.1","D041911","Maturing/nonkeratinized",NA
"H5.D041911.3_8_M.1.1","D041911","Basal/differentiating",NA
"G1.D041911.3_8_M.1.1","D041911","Basal/differentiating",NA
"I7.D041911.3_8_M.1.1","D041911","Basal/differentiating",NA
"J10.D041911.3_8_M.1.1","D041911","Basal/differentiating",NA
"K12.D041911.3_8_M.1.1","D041911","Basal/differentiating",NA
"H4.D041911.3_8_M.1.1","D041911","Basal/differentiating",NA
"I6.D041911.3_8_M.1.1","D041911","Basal/differentiating",NA
"J9.D041911.3_8_M.1.1","D041911","Maturing/nonkeratinized",NA
"K11.D041911.3_8_M.1.1","D041911","Maturing/nonkeratinized",NA
"L13.D041911.3_8_M.1.1","D041911","Basal/differentiating",NA
"M18.D041911.3_8_M.1.1","D041911","Basal/differentiating",NA
"N20.D041911.3_8_M.1.1","D041911","Filiform",NA
"L14.D041911.3_8_M.1.1","D041911","Stratified/differentiated keratinocytes",NA
"C18.D041911.3_8_M.1.1","D041911","Basal/differentiating",NA
"D20.D041911.3_8_M.1.1","D041911","Basal/differentiating",NA
"F1.D041911.3_8_M.1.1","D041911","Maturing/nonkeratinized",NA
"G3.D041911.3_8_M.1.1","D041911","Basal/differentiating",NA
"H6.D041911.3_8_M.1.1","D041911","Basal/differentiating",NA
"I8.D041911.3_8_M.1.1","D041911","Basal/differentiating",NA
"J11.D041911.3_8_M.1.1","D041911","Basal/differentiating",NA
"K13.D041911.3_8_M.1.1","D041911","Stratified/differentiated keratinocytes",NA
"L16.D041911.3_8_M.1.1","D041911","Basal/differentiating",NA
"M20.D041911.3_8_M.1.1","D041911","Basal/differentiating",NA
"M19.D041911.3_8_M.1.1","D041911","Basal/differentiating",NA
"N22.D041911.3_8_M.1.1","D041911","Maturing/nonkeratinized",NA
"P2.D041911.3_8_M.1.1","D041911","Proliferating",NA
"N21.D041911.3_8_M.1.1","D041911","Proliferating",NA
"P1.D041911.3_8_M.1.1","D041911","Maturing/nonkeratinized",NA
"A14.D041911.3_8_M.1.1","D041911","Basal/differentiating",NA
"B16.D041911.3_8_M.1.1","D041911","Basal/differentiating",NA
"J12.D041911.3_8_M.1.1","D041911","Stratified/differentiated keratinocytes",NA
"K14.D041911.3_8_M.1.1","D041911","Basal/differentiating",NA
"L17.D041911.3_8_M.1.1","D041911","Basal/differentiating",NA
"M21.D041911.3_8_M.1.1","D041911","Basal/differentiating",NA
"O1.D041911.3_8_M.1.1","D041911","Maturing/nonkeratinized",NA
"P3.D041911.3_8_M.1.1","D041911","Basal/differentiating",NA
"A16.D041911.3_8_M.1.1","D041911","Maturing/nonkeratinized",NA
"B18.D041911.3_8_M.1.1","D041911","Stratified/differentiated keratinocytes",NA
"A15.D041911.3_8_M.1.1","D041911","Basal/differentiating",NA
"C20.D041911.3_8_M.1.1","D041911","Basal/differentiating",NA
"D22.D041911.3_8_M.1.1","D041911","Basal/differentiating",NA
"F3.D041911.3_8_M.1.1","D041911","Basal/differentiating",NA
"B17.D041911.3_8_M.1.1","D041911","Filiform",NA
"C19.D041911.3_8_M.1.1","D041911","Basal/differentiating",NA
"D21.D041911.3_8_M.1.1","D041911","Basal/differentiating",NA
"F2.D041911.3_8_M.1.1","D041911","Basal/differentiating",NA
"G4.D041911.3_8_M.1.1","D041911","Basal/differentiating",NA
"H7.D041911.3_8_M.1.1","D041911","Basal/differentiating",NA
"I9.D041911.3_8_M.1.1","D041911","Maturing/nonkeratinized",NA
"G5.D041911.3_8_M.1.1","D041911","Proliferating",NA
"A17.D041911.3_8_M.1.1","D041911","Basal/differentiating",NA
"B19.D041911.3_8_M.1.1","D041911","Basal/differentiating",NA
"C21.D041911.3_8_M.1.1","D041911","Basal/differentiating",NA
"E1.D041911.3_8_M.1.1","D041911","Proliferating",NA
"F4.D041911.3_8_M.1.1","D041911","Basal/differentiating",NA
"G6.D041911.3_8_M.1.1","D041911","Basal/differentiating",NA
"H9.D041911.3_8_M.1.1","D041911","Proliferating",NA
"I11.D041911.3_8_M.1.1","D041911","Basal/differentiating",NA
"H8.D041911.3_8_M.1.1","D041911","Basal/differentiating",NA
"J14.D041911.3_8_M.1.1","D041911","Basal/differentiating",NA
"K16.D041911.3_8_M.1.1","D041911","Basal/differentiating",NA
"I10.D041911.3_8_M.1.1","D041911","Basal/differentiating",NA
"J13.D041911.3_8_M.1.1","D041911","Stratified/differentiated keratinocytes",NA
"K15.D041911.3_8_M.1.1","D041911","Basal/differentiating",NA
"L18.D041911.3_8_M.1.1","D041911","Basal/differentiating",NA
"M22.D041911.3_8_M.1.1","D041911","Stratified/differentiated keratinocytes",NA
"O2.D041911.3_8_M.1.1","D041911","Basal/differentiating",NA
"P4.D041911.3_8_M.1.1","D041911","Basal/differentiating",NA
"L20.D041911.3_8_M.1.1","D041911","Basal/differentiating",NA
"E2.D041911.3_8_M.1.1","D041911","Basal/differentiating",NA
"F5.D041911.3_8_M.1.1","D041911","Basal/differentiating",NA
"G7.D041911.3_8_M.1.1","D041911","Proliferating",NA
"H10.D041911.3_8_M.1.1","D041911","Stratified/differentiated keratinocytes",NA
"I12.D041911.3_8_M.1.1","D041911","Basal/differentiating",NA
"J15.D041911.3_8_M.1.1","D041911","Basal/differentiating",NA
"K17.D041911.3_8_M.1.1","D041911","Stratified/differentiated keratinocytes",NA
"L21.D041911.3_8_M.1.1","D041911","Stratified/differentiated keratinocytes",NA
"N2.D041911.3_8_M.1.1","D041911","Filiform",NA
"O4.D041911.3_8_M.1.1","D041911","Basal/differentiating",NA
"N1.D041911.3_8_M.1.1","D041911","Basal/differentiating",NA
"P6.D041911.3_8_M.1.1","D041911","Basal/differentiating",NA
"O3.D041911.3_8_M.1.1","D041911","Basal/differentiating",NA
"P5.D041911.3_8_M.1.1","D041911","Basal/differentiating",NA
"A18.D041911.3_8_M.1.1","D041911","Proliferating",NA
"B20.D041911.3_8_M.1.1","D041911","Basal/differentiating",NA
"C22.D041911.3_8_M.1.1","D041911","Basal/differentiating",NA
"A19.D041911.3_8_M.1.1","D041911","Basal/differentiating",NA
"K18.D041911.3_8_M.1.1","D041911","Basal/differentiating",NA
"L22.D041911.3_8_M.1.1","D041911","Proliferating",NA
"N3.D041911.3_8_M.1.1","D041911","Basal/differentiating",NA
"O5.D041911.3_8_M.1.1","D041911","Basal/differentiating",NA
"P7.D041911.3_8_M.1.1","D041911","Basal/differentiating",NA
"A20.D041911.3_8_M.1.1","D041911","Basal/differentiating",NA
"B22.D041911.3_8_M.1.1","D041911","Basal/differentiating",NA
"B21.D041911.3_8_M.1.1","D041911","Basal/differentiating",NA
"D2.D041911.3_8_M.1.1","D041911","Maturing/nonkeratinized",NA
"E4.D041911.3_8_M.1.1","D041911","Basal/differentiating",NA
"F7.D041911.3_8_M.1.1","D041911","Basal/differentiating",NA
"D1.D041911.3_8_M.1.1","D041911","Basal/differentiating",NA
"E3.D041911.3_8_M.1.1","D041911","Maturing/nonkeratinized",NA
"F6.D041911.3_8_M.1.1","D041911","Basal/differentiating",NA
"G8.D041911.3_8_M.1.1","D041911","Basal/differentiating",NA
"H11.D041911.3_8_M.1.1","D041911","Basal/differentiating",NA
"I14.D041911.3_8_M.1.1","D041911","Basal/differentiating",NA
"J16.D041911.3_8_M.1.1","D041911","Basal/differentiating",NA
"G9.D041911.3_8_M.1.1","D041911","Basal/differentiating",NA
"A21.D041911.3_8_M.1.1","D041911","Basal/differentiating",NA
"C1.D041911.3_8_M.1.1","D041911","Basal/differentiating",NA
"D3.D041911.3_8_M.1.1","D041911","Basal/differentiating",NA
"E6.D041911.3_8_M.1.1","D041911","Basal/differentiating",NA
"F8.D041911.3_8_M.1.1","D041911","Stratified/differentiated keratinocytes",NA
"G10.D041911.3_8_M.1.1","D041911","Basal/differentiating",NA
"H13.D041911.3_8_M.1.1","D041911","Stratified/differentiated keratinocytes",NA
"H12.D041911.3_8_M.1.1","D041911","Basal/differentiating",NA
"I16.D041911.3_8_M.1.1","D041911","Basal/differentiating",NA
"J18.D041911.3_8_M.1.1","D041911","Basal/differentiating",NA
"K20.D041911.3_8_M.1.1","D041911","Stratified/differentiated keratinocytes",NA
"I15.D041911.3_8_M.1.1","D041911","Maturing/nonkeratinized",NA
"J17.D041911.3_8_M.1.1","D041911","Basal/differentiating",NA
"K19.D041911.3_8_M.1.1","D041911","Basal/differentiating",NA
"M1.D041911.3_8_M.1.1","D041911","Maturing/nonkeratinized",NA
"N4.D041911.3_8_M.1.1","D041911","Basal/differentiating",NA
"O6.D041911.3_8_M.1.1","D041911","Basal/differentiating",NA
"P8.D041911.3_8_M.1.1","D041911","Basal/differentiating",NA
"M2.D041911.3_8_M.1.1","D041911","Basal/differentiating",NA
"E7.D041911.3_8_M.1.1","D041911","Basal/differentiating",NA
"F9.D041911.3_8_M.1.1","D041911","Basal/differentiating",NA
"G11.D041911.3_8_M.1.1","D041911","Maturing/nonkeratinized",NA
"H14.D041911.3_8_M.1.1","D041911","Maturing/nonkeratinized",NA
"I17.D041911.3_8_M.1.1","D041911","Basal/differentiating",NA
"J19.D041911.3_8_M.1.1","D041911","Basal/differentiating",NA
"K21.D041911.3_8_M.1.1","D041911","Basal/differentiating",NA
"M3.D041911.3_8_M.1.1","D041911","Basal/differentiating",NA
"N6.D041911.3_8_M.1.1","D041911","Maturing/nonkeratinized",NA
"O8.D041911.3_8_M.1.1","D041911","Basal/differentiating",NA
"N5.D041911.3_8_M.1.1","D041911","Basal/differentiating",NA
"O7.D041911.3_8_M.1.1","D041911","Maturing/nonkeratinized",NA
"A22.D041911.3_8_M.1.1","D041911","Basal/differentiating",NA
"C2.D041911.3_8_M.1.1","D041911","Basal/differentiating",NA
"D4.D041911.3_8_M.1.1","D041911","Basal/differentiating",NA
"B1.D041911.3_8_M.1.1","D041911","Basal/differentiating",NA
"K22.D041911.3_8_M.1.1","D041911","Basal/differentiating",NA
"M4.D041911.3_8_M.1.1","D041911","Basal/differentiating",NA
"N7.D041911.3_8_M.1.1","D041911","Basal/differentiating",NA
"O9.D041911.3_8_M.1.1","D041911","Basal/differentiating",NA
"B2.D041911.3_8_M.1.1","D041911","Basal/differentiating",NA
"C3.D041911.3_8_M.1.1","D041911","Proliferating",NA
"C4.D041911.3_8_M.1.1","D041911","Basal/differentiating",NA
"D6.D041911.3_8_M.1.1","D041911","Basal/differentiating",NA
"E9.D041911.3_8_M.1.1","D041911","Basal/differentiating",NA
"D5.D041911.3_8_M.1.1","D041911","Proliferating",NA
"E8.D041911.3_8_M.1.1","D041911","Basal/differentiating",NA
"F10.D041911.3_8_M.1.1","D041911","Stratified/differentiated keratinocytes",NA
"G12.D041911.3_8_M.1.1","D041911","Basal/differentiating",NA
"H15.D041911.3_8_M.1.1","D041911","Stratified/differentiated keratinocytes",NA
"I18.D041911.3_8_M.1.1","D041911","Basal/differentiating",NA
"J20.D041911.3_8_M.1.1","D041911","Basal/differentiating",NA
"F11.D041911.3_8_M.1.1","D041911","Maturing/nonkeratinized",NA
"A1.D041911.3_8_M.1.1","D041911","Maturing/nonkeratinized",NA
"B3.D041911.3_8_M.1.1","D041911","Basal/differentiating",NA
"C5.D041911.3_8_M.1.1","D041911","Basal/differentiating",NA
"D7.D041911.3_8_M.1.1","D041911","Maturing/nonkeratinized",NA
"E10.D041911.3_8_M.1.1","D041911","Basal/differentiating",NA
"F12.D041911.3_8_M.1.1","D041911","Basal/differentiating",NA
"G14.D041911.3_8_M.1.1","D041911","Basal/differentiating",NA
"G13.D041911.3_8_M.1.1","D041911","Basal/differentiating",NA
"H17.D041911.3_8_M.1.1","D041911","Stratified/differentiated keratinocytes",NA
"I20.D041911.3_8_M.1.1","D041911","Basal/differentiating",NA
"J22.D041911.3_8_M.1.1","D041911","Basal/differentiating",NA
"H16.D041911.3_8_M.1.1","D041911","Stratified/differentiated keratinocytes",NA
"I19.D041911.3_8_M.1.1","D041911","Basal/differentiating",NA
"J21.D041911.3_8_M.1.1","D041911","Basal/differentiating",NA
"L1.D041911.3_8_M.1.1","D041911","Maturing/nonkeratinized",NA
"M5.D041911.3_8_M.1.1","D041911","Proliferating",NA
"N8.D041911.3_8_M.1.1","D041911","Maturing/nonkeratinized",NA
"O10.D041911.3_8_M.1.1","D041911","Stratified/differentiated keratinocytes",NA
"L2.D041911.3_8_M.1.1","D041911","Basal/differentiating",NA
"D8.D041911.3_8_M.1.1","D041911","Basal/differentiating",NA
"E11.D041911.3_8_M.1.1","D041911","Basal/differentiating",NA
"F13.D041911.3_8_M.1.1","D041911","Stratified/differentiated keratinocytes",NA
"G15.D041911.3_8_M.1.1","D041911","Stratified/differentiated keratinocytes",NA
"H18.D041911.3_8_M.1.1","D041911","Basal/differentiating",NA
"I21.D041911.3_8_M.1.1","D041911","Basal/differentiating",NA
"K1.D041911.3_8_M.1.1","D041911","Basal/differentiating",NA
"L3.D041911.3_8_M.1.1","D041911","Basal/differentiating",NA
"M7.D041911.3_8_M.1.1","D041911","Proliferating",NA
"N10.D041911.3_8_M.1.1","D041911","Basal/differentiating",NA
"M6.D041911.3_8_M.1.1","D041911","Basal/differentiating",NA
"O12.D041911.3_8_M.1.1","D041911","Stratified/differentiated keratinocytes",NA
"N9.D041911.3_8_M.1.1","D041911","Proliferating",NA
"O11.D041911.3_8_M.1.1","D041911","Basal/differentiating",NA
"A2.D041911.3_8_M.1.1","D041911","Maturing/nonkeratinized",NA
"B4.D041911.3_8_M.1.1","D041911","Basal/differentiating",NA
"C6.D041911.3_8_M.1.1","D041911","Basal/differentiating",NA
"A3.D041911.3_8_M.1.1","D041911","Basal/differentiating",NA
"K2.D041911.3_8_M.1.1","D041911","Maturing/nonkeratinized",NA
"L4.D041911.3_8_M.1.1","D041911","Basal/differentiating",NA
"M8.D041911.3_8_M.1.1","D041911","Maturing/nonkeratinized",NA
"N11.D041911.3_8_M.1.1","D041911","Basal/differentiating",NA
"O13.D041911.3_8_M.1.1","D041911","Stratified/differentiated keratinocytes",NA
"A4.D041911.3_8_M.1.1","D041911","Maturing/nonkeratinized",NA
"B6.D041911.3_8_M.1.1","D041911","Basal/differentiating",NA
"C8.D041911.3_8_M.1.1","D041911","Basal/differentiating",NA
"B5.D041911.3_8_M.1.1","D041911","Maturing/nonkeratinized",NA
"D10.D041911.3_8_M.1.1","D041911","Basal/differentiating",NA
"E13.D041911.3_8_M.1.1","D041911","Basal/differentiating",NA
"F15.D041911.3_8_M.1.1","D041911","Basal/differentiating",NA
"C7.D041911.3_8_M.1.1","D041911","Basal/differentiating",NA
"D9.D041911.3_8_M.1.1","D041911","Basal/differentiating",NA
"E12.D041911.3_8_M.1.1","D041911","Basal/differentiating",NA
"F14.D041911.3_8_M.1.1","D041911","Basal/differentiating",NA
"G16.D041911.3_8_M.1.1","D041911","Maturing/nonkeratinized",NA
"H19.D041911.3_8_M.1.1","D041911","Stratified/differentiated keratinocytes",NA
"I22.D041911.3_8_M.1.1","D041911","Basal/differentiating",NA
"G17.D041911.3_8_M.1.1","D041911","Basal/differentiating",NA
"P17.D041911.3_8_M.1.1","D041911","Basal/differentiating",NA
"H20.D041911.3_8_M.1.1","D041911","Basal/differentiating",NA
"J1.D041911.3_8_M.1.1","D041911","Maturing/nonkeratinized",NA
"K3.D041911.3_8_M.1.1","D041911","Basal/differentiating",NA
"L5.D041911.3_8_M.1.1","D041911","Maturing/nonkeratinized",NA
"M9.D041911.3_8_M.1.1","D041911","Basal/differentiating",NA
"O14.D041911.3_8_M.1.1","D041911","Basal/differentiating",NA
"P19.D041911.3_8_M.1.1","D041911","Basal/differentiating",NA
"P21.D041911.3_8_M.1.1","D041911","Basal/differentiating",NA
"P22.D041911.3_8_M.1.1","D041911","Basal/differentiating",NA
"P10.D041911.3_8_M.1.1","D041911","Basal/differentiating",NA
"P12.D041911.3_8_M.1.1","D041911","Basal/differentiating",NA
"P13.D041911.3_8_M.1.1","D041911","Basal/differentiating",NA
"P14.D041911.3_8_M.1.1","D041911","Basal/differentiating",NA
"P16.D041911.3_8_M.1.1","D041911","Basal/differentiating",NA
"A5.D041911.3_8_M.1.1","D041911","Basal/differentiating",NA
"B7.D041911.3_8_M.1.1","D041911","Basal/differentiating",NA
"E14.D041911.3_8_M.1.1","D041911","Basal/differentiating",NA
"C9.D041911.3_8_M.1.1","D041911","Maturing/nonkeratinized",NA
"D11.D041911.3_8_M.1.1","D041911","Basal/differentiating",NA
"F16.D041911.3_8_M.1.1","D041911","Basal/differentiating",NA
"L6.D041911.3_8_M.1.1","D041911","Basal/differentiating",NA
"G18.D041911.3_8_M.1.1","D041911","Stratified/differentiated keratinocytes",NA
"H21.D041911.3_8_M.1.1","D041911","Basal/differentiating",NA
"J2.D041911.3_8_M.1.1","D041911","Basal/differentiating",NA
"K4.D041911.3_8_M.1.1","D041911","Maturing/nonkeratinized",NA
"M10.D041911.3_8_M.1.1","D041911","Basal/differentiating",NA
"N13.D041911.3_8_M.1.1","D041911","Basal/differentiating",NA
"A6.D041911.3_8_M.1.1","D041911","Basal/differentiating",NA
"B8.D041911.3_8_M.1.1","D041911","Proliferating",NA
"C10.D041911.3_8_M.1.1","D041911","Basal/differentiating",NA
"D12.D041911.3_8_M.1.1","D041911","Stratified/differentiated keratinocytes",NA
"O15.D041911.3_8_M.1.1","D041911","Basal/differentiating",NA
"E15.D041911.3_8_M.1.1","D041911","Basal/differentiating",NA
"F17.D041911.3_8_M.1.1","D041911","Basal/differentiating",NA
"G19.D041911.3_8_M.1.1","D041911","Basal/differentiating",NA
"H22.D041911.3_8_M.1.1","D041911","Basal/differentiating",NA
"L7.D041911.3_8_M.1.1","D041911","Basal/differentiating",NA
"M11.D041911.3_8_M.1.1","D041911","Basal/differentiating",NA
"N14.D041911.3_8_M.1.1","D041911","Basal/differentiating",NA
"O16.D041911.3_8_M.1.1","D041911","Basal/differentiating",NA
"A7.D041911.3_8_M.1.1","D041911","Basal/differentiating",NA
"J3.D041911.3_8_M.1.1","D041911","Basal/differentiating",NA
"K5.D041911.3_8_M.1.1","D041911","Basal/differentiating",NA
"E16.D041911.3_8_M.1.1","D041911","Basal/differentiating",NA
"F18.D041911.3_8_M.1.1","D041911","Basal/differentiating",NA
"B9.D041911.3_8_M.1.1","D041911","Basal/differentiating",NA
"G21.D041911.3_8_M.1.1","D041911","Basal/differentiating",NA
"C11.D041911.3_8_M.1.1","D041911","Proliferating",NA
"D13.D041911.3_8_M.1.1","D041911","Basal/differentiating",NA
"K6.D041911.3_8_M.1.1","D041911","Basal/differentiating",NA
"L8.D041911.3_8_M.1.1","D041911","Basal/differentiating",NA
"I1.D041911.3_8_M.1.1","D041911","Maturing/nonkeratinized",NA
"J4.D041911.3_8_M.1.1","D041911","Basal/differentiating",NA
"M12.D041911.3_8_M.1.1","D041911","Basal/differentiating",NA
"A8.D041911.3_8_M.1.1","D041911","Maturing/nonkeratinized",NA
"B10.D041911.3_8_M.1.1","D041911","Basal/differentiating",NA
"N15.D041911.3_8_M.1.1","D041911","Basal/differentiating",NA
"O17.D041911.3_8_M.1.1","D041911","Filiform",NA
"A13.B002777.3_39_F.1.1","B002777","Basal/differentiating",NA
"B18.B002777.3_39_F.1.1","B002777","Basal/differentiating",NA
"D6.B002777.3_39_F.1.1","B002777","Proliferating",NA
"E20.B002777.3_39_F.1.1","B002777","Basal/differentiating",NA
"G8.B002777.3_39_F.1.1","B002777","Proliferating",NA
"H22.B002777.3_39_F.1.1","B002777","Basal/differentiating",NA
"O22.B002777.3_39_F.1.1","B002777","Stratified/differentiated keratinocytes",NA
"J6.B002777.3_39_F.1.1","B002777","Proliferating",NA
"K14.B002777.3_39_F.1.1","B002777","Filiform",NA
"L22.B002777.3_39_F.1.1","B002777","Basal/differentiating",NA
"N11.B002777.3_39_F.1.1","B002777","Basal/differentiating",NA
"I1.B002777.3_39_F.1.1","B002777","Proliferating",NA
"J7.B002777.3_39_F.1.1","B002777","Proliferating",NA
"K15.B002777.3_39_F.1.1","B002777","Maturing/nonkeratinized",NA
"M1.B002777.3_39_F.1.1","B002777","Proliferating",NA
"N13.B002777.3_39_F.1.1","B002777","Basal/differentiating",NA
"A14.B002777.3_39_F.1.1","B002777","Basal/differentiating",NA
"B19.B002777.3_39_F.1.1","B002777","Stratified/differentiated keratinocytes",NA
"D7.B002777.3_39_F.1.1","B002777","Basal/differentiating",NA
"E21.B002777.3_39_F.1.1","B002777","Stratified/differentiated keratinocytes",NA
"G9.B002777.3_39_F.1.1","B002777","Proliferating",NA
"P1.B002777.3_39_F.1.1","B002777","Proliferating",NA
"D9.B002777.3_39_F.1.1","B002777","Maturing/nonkeratinized",NA
"E22.B002777.3_39_F.1.1","B002777","Basal/differentiating",NA
"G11.B002777.3_39_F.1.1","B002777","Maturing/nonkeratinized",NA
"I2.B002777.3_39_F.1.1","B002777","Proliferating",NA
"A15.B002777.3_39_F.1.1","B002777","Stratified/differentiated keratinocytes",NA
"B20.B002777.3_39_F.1.1","B002777","Basal/differentiating",NA
"J9.B002777.3_39_F.1.1","B002777","Maturing/nonkeratinized",NA
"A16.B002777.3_39_F.1.1","B002777","Basal/differentiating",NA
"B21.B002777.3_39_F.1.1","B002777","Maturing/nonkeratinized",NA
"D10.B002777.3_39_F.1.1","B002777","Proliferating",NA
"F2.B002777.3_39_F.1.1","B002777","Proliferating",NA
"G12.B002777.3_39_F.1.1","B002777","Basal/differentiating",NA
"K17.B002777.3_39_F.1.1","B002777","Basal/differentiating",NA
"I3.B002777.3_39_F.1.1","B002777","Maturing/nonkeratinized",NA
"J10.B002777.3_39_F.1.1","B002777","Basal/differentiating",NA
"K18.B002777.3_39_F.1.1","B002777","Basal/differentiating",NA
"M2.B002777.3_39_F.1.1","B002777","Proliferating",NA
"N15.B002777.3_39_F.1.1","B002777","Filiform",NA
"P2.B002777.3_39_F.1.1","B002777","Maturing/nonkeratinized",NA
"M3.B002777.3_39_F.1.1","B002777","Proliferating",NA
"B22.B002777.3_39_F.1.1","B002777","Stratified/differentiated keratinocytes",NA
"D11.B002777.3_39_F.1.1","B002777","Proliferating",NA
"G13.B002777.3_39_F.1.1","B002777","Basal/differentiating",NA
"I4.B002777.3_39_F.1.1","B002777","Proliferating",NA
"J11.B002777.3_39_F.1.1","B002777","Proliferating",NA
"K19.B002777.3_39_F.1.1","B002777","Basal/differentiating",NA
"M4.B002777.3_39_F.1.1","B002777","Proliferating",NA
"N17.B002777.3_39_F.1.1","B002777","Stratified/differentiated keratinocytes",NA
"N16.B002777.3_39_F.1.1","B002777","Stratified/differentiated keratinocytes",NA
"P4.B002777.3_39_F.1.1","B002777","Basal/differentiating",NA
"P3.B002777.3_39_F.1.1","B002777","Proliferating",NA
"A17.B002777.3_39_F.1.1","B002777","Basal/differentiating",NA
"G15.B002777.3_39_F.1.1","B002777","Stratified/differentiated keratinocytes",NA
"I5.B002777.3_39_F.1.1","B002777","Proliferating",NA
"J12.B002777.3_39_F.1.1","B002777","Basal/differentiating",NA
"K20.B002777.3_39_F.1.1","B002777","Basal/differentiating",NA
"M6.B002777.3_39_F.1.1","B002777","Maturing/nonkeratinized",NA
"N18.B002777.3_39_F.1.1","B002777","Basal/differentiating",NA
"P5.B002777.3_39_F.1.1","B002777","Proliferating",NA
"A20.B002777.3_39_F.1.1","B002777","Stratified/differentiated keratinocytes",NA
"A19.B002777.3_39_F.1.1","B002777","Proliferating",NA
"C1.B002777.3_39_F.1.1","B002777","Maturing/nonkeratinized",NA
"D12.B002777.3_39_F.1.1","B002777","Stratified/differentiated keratinocytes",NA
"F4.B002777.3_39_F.1.1","B002777","Basal/differentiating",NA
"C2.B002777.3_39_F.1.1","B002777","Proliferating",NA
"M7.B002777.3_39_F.1.1","B002777","Proliferating",NA
"N22.B002777.3_39_F.1.1","B002777","Basal/differentiating",NA
"P6.B002777.3_39_F.1.1","B002777","Proliferating",NA
"D14.B002777.3_39_F.1.1","B002777","Basal/differentiating",NA
"A21.B002777.3_39_F.1.1","B002777","Basal/differentiating",NA
"F5.B002777.3_39_F.1.1","B002777","Proliferating",NA
"G18.B002777.3_39_F.1.1","B002777","Basal/differentiating",NA
"I6.B002777.3_39_F.1.1","B002777","Maturing/nonkeratinized",NA
"J14.B002777.3_39_F.1.1","B002777","Stratified/differentiated keratinocytes",NA
"K22.B002777.3_39_F.1.1","B002777","Basal/differentiating",NA
"L1.B002777.3_39_F.1.1","B002777","Proliferating",NA
"M8.B002777.3_39_F.1.1","B002777","Maturing/nonkeratinized",NA
"O1.B002777.3_39_F.1.1","B002777","Proliferating",NA
"C3.B002777.3_39_F.1.1","B002777","Basal/differentiating",NA
"D15.B002777.3_39_F.1.1","B002777","Basal/differentiating",NA
"F6.B002777.3_39_F.1.1","B002777","Proliferating",NA
"G19.B002777.3_39_F.1.1","B002777","Basal/differentiating",NA
"I7.B002777.3_39_F.1.1","B002777","Basal/differentiating",NA
"J15.B002777.3_39_F.1.1","B002777","Basal/differentiating",NA
"A22.B002777.3_39_F.1.1","B002777","Proliferating",NA
"M9.B002777.3_39_F.1.1","B002777","Proliferating",NA
"O2.B002777.3_39_F.1.1","B002777","Proliferating",NA
"P8.B002777.3_39_F.1.1","B002777","Proliferating",NA
"D17.B002777.3_39_F.1.1","B002777","Basal/differentiating",NA
"F7.B002777.3_39_F.1.1","B002777","Proliferating",NA
"G20.B002777.3_39_F.1.1","B002777","Basal/differentiating",NA
"I8.B002777.3_39_F.1.1","B002777","Proliferating",NA
"J17.B002777.3_39_F.1.1","B002777","Maturing/nonkeratinized",NA
"L2.B002777.3_39_F.1.1","B002777","Maturing/nonkeratinized",NA
"J18.B002777.3_39_F.1.1","B002777","Basal/differentiating",NA
"L4.B002777.3_39_F.1.1","B002777","Proliferating",NA
"M11.B002777.3_39_F.1.1","B002777","Maturing/nonkeratinized",NA
"O3.B002777.3_39_F.1.1","B002777","Proliferating",NA
"P9.B002777.3_39_F.1.1","B002777","Basal/differentiating",NA
"B1.B002777.3_39_F.1.1","B002777","Maturing/nonkeratinized",NA
"C5.B002777.3_39_F.1.1","B002777","Proliferating",NA
"D18.B002777.3_39_F.1.1","B002777","Basal/differentiating",NA
"F8.B002777.3_39_F.1.1","B002777","Proliferating",NA
"G21.B002777.3_39_F.1.1","B002777","Basal/differentiating",NA
"I9.B002777.3_39_F.1.1","B002777","Proliferating",NA
"J19.B002777.3_39_F.1.1","B002777","Maturing/nonkeratinized",NA
"L5.B002777.3_39_F.1.1","B002777","Maturing/nonkeratinized",NA
"M13.B002777.3_39_F.1.1","B002777","Basal/differentiating",NA
"O4.B002777.3_39_F.1.1","B002777","Basal/differentiating",NA
"B2.B002777.3_39_F.1.1","B002777","Maturing/nonkeratinized",NA
"C8.B002777.3_39_F.1.1","B002777","Proliferating",NA
"D19.B002777.3_39_F.1.1","B002777","Basal/differentiating",NA
"F10.B002777.3_39_F.1.1","B002777","Proliferating",NA
"H1.B002777.3_39_F.1.1","B002777","Proliferating",NA
"I10.B002777.3_39_F.1.1","B002777","Proliferating",NA
"I12.B002777.3_39_F.1.1","B002777","Basal/differentiating",NA
"J20.B002777.3_39_F.1.1","B002777","Maturing/nonkeratinized",NA
"L6.B002777.3_39_F.1.1","B002777","Proliferating",NA
"M14.B002777.3_39_F.1.1","B002777","Basal/differentiating",NA
"O5.B002777.3_39_F.1.1","B002777","Basal/differentiating",NA
"P13.B002777.3_39_F.1.1","B002777","Stratified/differentiated keratinocytes",NA
"B3.B002777.3_39_F.1.1","B002777","Basal/differentiating",NA
"C9.B002777.3_39_F.1.1","B002777","Maturing/nonkeratinized",NA
"D20.B002777.3_39_F.1.1","B002777","Basal/differentiating",NA
"F12.B002777.3_39_F.1.1","B002777","Basal/differentiating",NA
"H2.B002777.3_39_F.1.1","B002777","Maturing/nonkeratinized",NA
"J21.B002777.3_39_F.1.1","B002777","Basal/differentiating",NA
"L7.B002777.3_39_F.1.1","B002777","Maturing/nonkeratinized",NA
"M16.B002777.3_39_F.1.1","B002777","Proliferating",NA
"O6.B002777.3_39_F.1.1","B002777","Maturing/nonkeratinized",NA
"P14.B002777.3_39_F.1.1","B002777","Basal/differentiating",NA
"A2.B002777.3_39_F.1.1","B002777","Basal/differentiating",NA
"A1.B002777.3_39_F.1.1","B002777","Proliferating",NA
"B4.B002777.3_39_F.1.1","B002777","Proliferating",NA
"C11.B002777.3_39_F.1.1","B002777","Proliferating",NA
"F13.B002777.3_39_F.1.1","B002777","Basal/differentiating",NA
"H3.B002777.3_39_F.1.1","B002777","Basal/differentiating",NA
"I13.B002777.3_39_F.1.1","B002777","Basal/differentiating",NA
"B5.B002777.3_39_F.1.1","B002777","Proliferating",NA
"L8.B002777.3_39_F.1.1","B002777","Proliferating",NA
"M17.B002777.3_39_F.1.1","B002777","Basal/differentiating",NA
"O7.B002777.3_39_F.1.1","B002777","Proliferating",NA
"P15.B002777.3_39_F.1.1","B002777","Stratified/differentiated keratinocytes",NA
"C13.B002777.3_39_F.1.1","B002777","Filiform",NA
"A3.B002777.3_39_F.1.1","B002777","Proliferating",NA
"B6.B002777.3_39_F.1.1","B002777","Basal/differentiating",NA
"E2.B002777.3_39_F.1.1","B002777","Maturing/nonkeratinized",NA
"F14.B002777.3_39_F.1.1","B002777","Basal/differentiating",NA
"H4.B002777.3_39_F.1.1","B002777","Proliferating",NA
"I14.B002777.3_39_F.1.1","B002777","Basal/differentiating",NA
"K1.B002777.3_39_F.1.1","B002777","Stratified/differentiated keratinocytes",NA
"C15.B002777.3_39_F.1.1","B002777","Stratified/differentiated keratinocytes",NA
"O8.B002777.3_39_F.1.1","B002777","Proliferating",NA
"A4.B002777.3_39_F.1.1","B002777","Proliferating",NA
"B8.B002777.3_39_F.1.1","B002777","Basal/differentiating",NA
"E3.B002777.3_39_F.1.1","B002777","Proliferating",NA
"C16.B002777.3_39_F.1.1","B002777","Stratified/differentiated keratinocytes",NA
"E4.B002777.3_39_F.1.1","B002777","Proliferating",NA
"F15.B002777.3_39_F.1.1","B002777","Basal/differentiating",NA
"H5.B002777.3_39_F.1.1","B002777","Proliferating",NA
"I15.B002777.3_39_F.1.1","B002777","Basal/differentiating",NA
"K2.B002777.3_39_F.1.1","B002777","Proliferating",NA
"L10.B002777.3_39_F.1.1","B002777","Proliferating",NA
"M18.B002777.3_39_F.1.1","B002777","Proliferating",NA
"F18.B002777.3_39_F.1.1","B002777","Basal/differentiating",NA
"P17.B002777.3_39_F.1.1","B002777","Basal/differentiating",NA
"A5.B002777.3_39_F.1.1","B002777","Maturing/nonkeratinized",NA
"B10.B002777.3_39_F.1.1","B002777","Basal/differentiating",NA
"C18.B002777.3_39_F.1.1","B002777","Proliferating",NA
"E5.B002777.3_39_F.1.1","B002777","Basal/differentiating",NA
"H6.B002777.3_39_F.1.1","B002777","Proliferating",NA
"F20.B002777.3_39_F.1.1","B002777","Basal/differentiating",NA
"H7.B002777.3_39_F.1.1","B002777","Maturing/nonkeratinized",NA
"I18.B002777.3_39_F.1.1","B002777","Basal/differentiating",NA
"K4.B002777.3_39_F.1.1","B002777","Proliferating",NA
"L11.B002777.3_39_F.1.1","B002777","Basal/differentiating",NA
"M19.B002777.3_39_F.1.1","B002777","Stratified/differentiated keratinocytes",NA
"O9.B002777.3_39_F.1.1","B002777","Maturing/nonkeratinized",NA
"I19.B002777.3_39_F.1.1","B002777","Stratified/differentiated keratinocytes",NA
"A6.B002777.3_39_F.1.1","B002777","Maturing/nonkeratinized",NA
"B11.B002777.3_39_F.1.1","B002777","Proliferating",NA
"C19.B002777.3_39_F.1.1","B002777","Stratified/differentiated keratinocytes",NA
"E6.B002777.3_39_F.1.1","B002777","Basal/differentiating",NA
"F22.B002777.3_39_F.1.1","B002777","Basal/differentiating",NA
"K5.B002777.3_39_F.1.1","B002777","Proliferating",NA
"L12.B002777.3_39_F.1.1","B002777","Basal/differentiating",NA
"N1.B002777.3_39_F.1.1","B002777","Proliferating",NA
"O10.B002777.3_39_F.1.1","B002777","Proliferating",NA
"P18.B002777.3_39_F.1.1","B002777","Filiform",NA
"H13.B002777.3_39_F.1.1","B002777","Basal/differentiating",NA
"A7.B002777.3_39_F.1.1","B002777","Proliferating",NA
"B12.B002777.3_39_F.1.1","B002777","Basal/differentiating",NA
"C20.B002777.3_39_F.1.1","B002777","Basal/differentiating",NA
"E7.B002777.3_39_F.1.1","B002777","Basal/differentiating",NA
"I20.B002777.3_39_F.1.1","B002777","Basal/differentiating",NA
"K6.B002777.3_39_F.1.1","B002777","Maturing/nonkeratinized",NA
"L13.B002777.3_39_F.1.1","B002777","Basal/differentiating",NA
"N3.B002777.3_39_F.1.1","B002777","Proliferating",NA
"O12.B002777.3_39_F.1.1","B002777","Basal/differentiating",NA
"P19.B002777.3_39_F.1.1","B002777","Basal/differentiating",NA
"G1.B002777.3_39_F.1.1","B002777","Proliferating",NA
"A8.B002777.3_39_F.1.1","B002777","Proliferating",NA
"B13.B002777.3_39_F.1.1","B002777","Maturing/nonkeratinized",NA
"C21.B002777.3_39_F.1.1","B002777","Basal/differentiating",NA
"E8.B002777.3_39_F.1.1","B002777","Basal/differentiating",NA
"H14.B002777.3_39_F.1.1","B002777","Basal/differentiating",NA
"G2.B002777.3_39_F.1.1","B002777","Basal/differentiating",NA
"H15.B002777.3_39_F.1.1","B002777","Stratified/differentiated keratinocytes",NA
"I21.B002777.3_39_F.1.1","B002777","Maturing/nonkeratinized",NA
"K7.B002777.3_39_F.1.1","B002777","Proliferating",NA
"L14.B002777.3_39_F.1.1","B002777","Basal/differentiating",NA
"N4.B002777.3_39_F.1.1","B002777","Proliferating",NA
"O14.B002777.3_39_F.1.1","B002777","Basal/differentiating",NA
"P20.B002777.3_39_F.1.1","B002777","Stratified/differentiated keratinocytes",NA
"I22.B002777.3_39_F.1.1","B002777","Basal/differentiating",NA
"A9.B002777.3_39_F.1.1","B002777","Maturing/nonkeratinized",NA
"B14.B002777.3_39_F.1.1","B002777","Basal/differentiating",NA
"C22.B002777.3_39_F.1.1","B002777","Basal/differentiating",NA
"E10.B002777.3_39_F.1.1","B002777","Proliferating",NA
"G3.B002777.3_39_F.1.1","B002777","Proliferating",NA
"H17.B002777.3_39_F.1.1","B002777","Basal/differentiating",NA
"J1.B002777.3_39_F.1.1","B002777","Proliferating",NA
"K8.B002777.3_39_F.1.1","B002777","Maturing/nonkeratinized",NA
"K9.B002777.3_39_F.1.1","B002777","Proliferating",NA
"L16.B002777.3_39_F.1.1","B002777","Basal/differentiating",NA
"N6.B002777.3_39_F.1.1","B002777","Basal/differentiating",NA
"L15.B002777.3_39_F.1.1","B002777","Basal/differentiating",NA
"N5.B002777.3_39_F.1.1","B002777","Maturing/nonkeratinized",NA
"P21.B002777.3_39_F.1.1","B002777","Stratified/differentiated keratinocytes",NA
"O16.B002777.3_39_F.1.1","B002777","Basal/differentiating",NA
"A10.B002777.3_39_F.1.1","B002777","Proliferating",NA
"P22.B002777.3_39_F.1.1","B002777","Stratified/differentiated keratinocytes",NA
"B15.B002777.3_39_F.1.1","B002777","Basal/differentiating",NA
"D2.B002777.3_39_F.1.1","B002777","Proliferating",NA
"E12.B002777.3_39_F.1.1","B002777","Basal/differentiating",NA
"K10.B002777.3_39_F.1.1","B002777","Basal/differentiating",NA
"L17.B002777.3_39_F.1.1","B002777","Basal/differentiating",NA
"N7.B002777.3_39_F.1.1","B002777","Maturing/nonkeratinized",NA
"O18.B002777.3_39_F.1.1","B002777","Basal/differentiating",NA
"G4.B002777.3_39_F.1.1","B002777","Proliferating",NA
"H18.B002777.3_39_F.1.1","B002777","Basal/differentiating",NA
"J2.B002777.3_39_F.1.1","B002777","Maturing/nonkeratinized",NA
"D3.B002777.3_39_F.1.1","B002777","Proliferating",NA
"E13.B002777.3_39_F.1.1","B002777","Basal/differentiating",NA
"G5.B002777.3_39_F.1.1","B002777","Proliferating",NA
"H20.B002777.3_39_F.1.1","B002777","Basal/differentiating",NA
"A11.B002777.3_39_F.1.1","B002777","Basal/differentiating",NA
"B16.B002777.3_39_F.1.1","B002777","Proliferating",NA
"J3.B002777.3_39_F.1.1","B002777","Maturing/nonkeratinized",NA
"O19.B002777.3_39_F.1.1","B002777","Stratified/differentiated keratinocytes",NA
"K11.B002777.3_39_F.1.1","B002777","Proliferating",NA
"L19.B002777.3_39_F.1.1","B002777","Basal/differentiating",NA
"N9.B002777.3_39_F.1.1","B002777","Maturing/nonkeratinized",NA
"A12.B002777.3_39_F.1.1","B002777","Basal/differentiating",NA
"B17.B002777.3_39_F.1.1","B002777","Basal/differentiating",NA
"D5.B002777.3_39_F.1.1","B002777","Maturing/nonkeratinized",NA
"E16.B002777.3_39_F.1.1","B002777","Basal/differentiating",NA
"G7.B002777.3_39_F.1.1","B002777","Basal/differentiating",NA
"H21.B002777.3_39_F.1.1","B002777","Basal/differentiating",NA
"J4.B002777.3_39_F.1.1","B002777","Proliferating",NA
"K13.B002777.3_39_F.1.1","B002777","Basal/differentiating",NA
"L20.B002777.3_39_F.1.1","B002777","Basal/differentiating",NA
"N10.B002777.3_39_F.1.1","B002777","Proliferating",NA
"O20.B002777.3_39_F.1.1","B002777","Stratified/differentiated keratinocytes",NA
"A6.B002780.3_38_F.1.1","B002780","Basal/differentiating",NA
"C20.B002780.3_38_F.1.1","B002780","Basal/differentiating",NA
"A14.B002780.3_38_F.1.1","B002780","Maturing/nonkeratinized",NA
"D1.B002780.3_38_F.1.1","B002780","Basal/differentiating",NA
"A18.B002780.3_38_F.1.1","B002780","Basal/differentiating",NA
"D2.B002780.3_38_F.1.1","B002780","Basal/differentiating",NA
"A20.B002780.3_38_F.1.1","B002780","Basal/differentiating",NA
"D7.B002780.3_38_F.1.1","B002780","Maturing/nonkeratinized",NA
"A19.B002780.3_38_F.1.1","B002780","Basal/differentiating",NA
"D3.B002780.3_38_F.1.1","B002780","Basal/differentiating",NA
"A21.B002780.3_38_F.1.1","B002780","Proliferating",NA
"D15.B002780.3_38_F.1.1","B002780","Maturing/nonkeratinized",NA
"A22.B002780.3_38_F.1.1","B002780","Proliferating",NA
"D16.B002780.3_38_F.1.1","B002780","Filiform",NA
"B3.B002780.3_38_F.1.1","B002780","Basal/differentiating",NA
"D19.B002780.3_38_F.1.1","B002780","Basal/differentiating",NA
"B7.B002780.3_38_F.1.1","B002780","Proliferating",NA
"D21.B002780.3_38_F.1.1","B002780","Stratified/differentiated keratinocytes",NA
"B8.B002780.3_38_F.1.1","B002780","Stratified/differentiated keratinocytes",NA
"B12.B002780.3_38_F.1.1","B002780","Basal/differentiating",NA
"E5.B002780.3_38_F.1.1","B002780","Basal/differentiating",NA
"B13.B002780.3_38_F.1.1","B002780","Basal/differentiating",NA
"E14.B002780.3_38_F.1.1","B002780","Basal/differentiating",NA
"B15.B002780.3_38_F.1.1","B002780","Basal/differentiating",NA
"E16.B002780.3_38_F.1.1","B002780","Basal/differentiating",NA
"E17.B002780.3_38_F.1.1","B002780","Basal/differentiating",NA
"B18.B002780.3_38_F.1.1","B002780","Basal/differentiating",NA
"E19.B002780.3_38_F.1.1","B002780","Basal/differentiating",NA
"B20.B002780.3_38_F.1.1","B002780","Basal/differentiating",NA
"E21.B002780.3_38_F.1.1","B002780","Basal/differentiating",NA
"C1.B002780.3_38_F.1.1","B002780","Basal/differentiating",NA
"F3.B002780.3_38_F.1.1","B002780","Proliferating",NA
"C5.B002780.3_38_F.1.1","B002780","Proliferating",NA
"F4.B002780.3_38_F.1.1","B002780","Maturing/nonkeratinized",NA
"C7.B002780.3_38_F.1.1","B002780","Proliferating",NA
"F5.B002780.3_38_F.1.1","B002780","Basal/differentiating",NA
"A1.B002780.3_38_F.1.1","B002780","Proliferating",NA
"C12.B002780.3_38_F.1.1","B002780","Basal/differentiating",NA
"F9.B002780.3_38_F.1.1","B002780","Proliferating",NA
"A2.B002780.3_38_F.1.1","B002780","Basal/differentiating",NA
"C18.B002780.3_38_F.1.1","B002780","Basal/differentiating",NA
"A5.B002780.3_38_F.1.1","B002780","Maturing/nonkeratinized",NA
"C19.B002780.3_38_F.1.1","B002780","Basal/differentiating",NA
"I7.B002780.3_38_F.1.1","B002780","Stratified/differentiated keratinocytes",NA
"L7.B002780.3_38_F.1.1","B002780","Maturing/nonkeratinized",NA
"O5.B002780.3_38_F.1.1","B002780","Basal/differentiating",NA
"I9.B002780.3_38_F.1.1","B002780","Basal/differentiating",NA
"L8.B002780.3_38_F.1.1","B002780","Basal/differentiating",NA
"O7.B002780.3_38_F.1.1","B002780","Basal/differentiating",NA
"L12.B002780.3_38_F.1.1","B002780","Basal/differentiating",NA
"O11.B002780.3_38_F.1.1","B002780","Basal/differentiating",NA
"I11.B002780.3_38_F.1.1","B002780","Basal/differentiating",NA
"G4.B002780.3_38_F.1.1","B002780","Proliferating",NA
"I12.B002780.3_38_F.1.1","B002780","Stratified/differentiated keratinocytes",NA
"L13.B002780.3_38_F.1.1","B002780","Basal/differentiating",NA
"O12.B002780.3_38_F.1.1","B002780","Stratified/differentiated keratinocytes",NA
"G7.B002780.3_38_F.1.1","B002780","Basal/differentiating",NA
"I16.B002780.3_38_F.1.1","B002780","Stratified/differentiated keratinocytes",NA
"L14.B002780.3_38_F.1.1","B002780","Basal/differentiating",NA
"O15.B002780.3_38_F.1.1","B002780","Basal/differentiating",NA
"L16.B002780.3_38_F.1.1","B002780","Basal/differentiating",NA
"O18.B002780.3_38_F.1.1","B002780","Proliferating",NA
"G12.B002780.3_38_F.1.1","B002780","Basal/differentiating",NA
"I19.B002780.3_38_F.1.1","B002780","Basal/differentiating",NA
"I20.B002780.3_38_F.1.1","B002780","Basal/differentiating",NA
"M1.B002780.3_38_F.1.1","B002780","Basal/differentiating",NA
"G13.B002780.3_38_F.1.1","B002780","Basal/differentiating",NA
"P3.B002780.3_38_F.1.1","B002780","Basal/differentiating",NA
"G17.B002780.3_38_F.1.1","B002780","Basal/differentiating",NA
"J1.B002780.3_38_F.1.1","B002780","Maturing/nonkeratinized",NA
"M2.B002780.3_38_F.1.1","B002780","Basal/differentiating",NA
"G18.B002780.3_38_F.1.1","B002780","Basal/differentiating",NA
"M4.B002780.3_38_F.1.1","B002780","Basal/differentiating",NA
"G20.B002780.3_38_F.1.1","B002780","Basal/differentiating",NA
"G22.B002780.3_38_F.1.1","B002780","Basal/differentiating",NA
"J3.B002780.3_38_F.1.1","B002780","Basal/differentiating",NA
"M7.B002780.3_38_F.1.1","B002780","Proliferating",NA
"P6.B002780.3_38_F.1.1","B002780","Proliferating",NA
"M12.B002780.3_38_F.1.1","B002780","Basal/differentiating",NA
"P7.B002780.3_38_F.1.1","B002780","Proliferating",NA
"J6.B002780.3_38_F.1.1","B002780","Proliferating",NA
"M14.B002780.3_38_F.1.1","B002780","Basal/differentiating",NA
"P9.B002780.3_38_F.1.1","B002780","Maturing/nonkeratinized",NA
"J10.B002780.3_38_F.1.1","B002780","Basal/differentiating",NA
"M18.B002780.3_38_F.1.1","B002780","Basal/differentiating",NA
"P11.B002780.3_38_F.1.1","B002780","Proliferating",NA
"J12.B002780.3_38_F.1.1","B002780","Proliferating",NA
"N1.B002780.3_38_F.1.1","B002780","Proliferating",NA
"P12.B002780.3_38_F.1.1","B002780","Basal/differentiating",NA
"H7.B002780.3_38_F.1.1","B002780","Proliferating",NA
"J13.B002780.3_38_F.1.1","B002780","Basal/differentiating",NA
"P13.B002780.3_38_F.1.1","B002780","Proliferating",NA
"H15.B002780.3_38_F.1.1","B002780","Stratified/differentiated keratinocytes",NA
"J16.B002780.3_38_F.1.1","B002780","Basal/differentiating",NA
"P16.B002780.3_38_F.1.1","B002780","Filiform",NA
"H16.B002780.3_38_F.1.1","B002780","Basal/differentiating",NA
"N6.B002780.3_38_F.1.1","B002780","Proliferating",NA
"P17.B002780.3_38_F.1.1","B002780","Stratified/differentiated keratinocytes",NA
"K2.B002780.3_38_F.1.1","B002780","Basal/differentiating",NA
"N9.B002780.3_38_F.1.1","B002780","Basal/differentiating",NA
"P18.B002780.3_38_F.1.1","B002780","Proliferating",NA
"H17.B002780.3_38_F.1.1","B002780","Basal/differentiating",NA
"H18.B002780.3_38_F.1.1","B002780","Stratified/differentiated keratinocytes",NA
"K7.B002780.3_38_F.1.1","B002780","Basal/differentiating",NA
"N17.B002780.3_38_F.1.1","B002780","Stratified/differentiated keratinocytes",NA
"H20.B002780.3_38_F.1.1","B002780","Filiform",NA
"K9.B002780.3_38_F.1.1","B002780","Maturing/nonkeratinized",NA
"N18.B002780.3_38_F.1.1","B002780","Basal/differentiating",NA
"K11.B002780.3_38_F.1.1","B002780","Maturing/nonkeratinized",NA
"O1.B002780.3_38_F.1.1","B002780","Basal/differentiating",NA
"K16.B002780.3_38_F.1.1","B002780","Basal/differentiating",NA
"O2.B002780.3_38_F.1.1","B002780","Basal/differentiating",NA
"I3.B002780.3_38_F.1.1","B002780","Proliferating",NA
"L1.B002780.3_38_F.1.1","B002780","Basal/differentiating",NA
"O3.B002780.3_38_F.1.1","B002780","Basal/differentiating",NA
"I6.B002780.3_38_F.1.1","B002780","Maturing/nonkeratinized",NA
"L6.B002780.3_38_F.1.1","B002780","Basal/differentiating",NA
